0 verbose cli C:\Program Files\nodejs\node.exe C:\Program Files\nodejs\node_modules\npm\bin\npm-cli.js
1 info using npm@11.17.0
2 info using node@v26.5.1
3 silly config load:file:C:\Program Files\nodejs\node_modules\npm\npmrc
4 silly config load:file:C:\Users\ndkhang\Documents\Codex\2026-08-06\build-the-website-for-accounting-solution\.npmrc
5 silly config load:file:C:\Users\ndkhang\.npmrc
6 silly config load:file:C:\Users\ndkhang\AppData\Roaming\npm\etc\npmrc
7 verbose title npm install @keystatic/core @keystatic/astro @astrojs/react @astrojs/markdoc
8 verbose argv "install" "@keystatic/core" "@keystatic/astro" "@astrojs/react" "@astrojs/markdoc" "--cache" ".\\work\\npm-cache"
9 verbose logfile logs-max:10 dir:C:\Users\ndkhang\Documents\Codex\2026-08-06\build-the-website-for-accounting-solution\work\npm-cache\_logs\2026-08-06T10_12_58_576Z-
10 verbose logfile C:\Users\ndkhang\Documents\Codex\2026-08-06\build-the-website-for-accounting-solution\work\npm-cache\_logs\2026-08-06T10_12_58_576Z-debug-0.log
11 silly logfile done cleaning log files
12 silly packumentCache heap:4395630592 maxSize:1098907648 maxEntrySize:549453824
13 silly idealTree buildDeps
14 silly fetch manifest @keystatic/core@*
15 silly packumentCache full:https://registry.npmjs.org/@keystatic%2fcore cache-miss
16 verbose shrinkwrap failed to load node_modules/.package-lock.json out of date, updated: node_modules
17 http fetch GET 200 https://registry.npmjs.org/@keystatic%2fcore 1016ms (cache miss)
18 silly packumentCache full:https://registry.npmjs.org/@keystatic%2fcore set size:undefined disposed:false
19 silly fetch manifest react@^18.2.0 || ^19.0.0
20 silly packumentCache full:https://registry.npmjs.org/react cache-miss
21 http fetch GET 200 https://registry.npmjs.org/react 100ms (cache revalidated)
22 silly packumentCache full:https://registry.npmjs.org/react set size:6868792 disposed:false
23 silly fetch manifest react-dom@^18.2.0 || ^19.0.0
24 silly packumentCache full:https://registry.npmjs.org/react-dom cache-miss
25 http fetch GET 200 https://registry.npmjs.org/react-dom 147ms (cache revalidated)
26 silly packumentCache full:https://registry.npmjs.org/react-dom set size:9221722 disposed:false
27 silly fetch manifest @keystatic/astro@*
28 silly packumentCache full:https://registry.npmjs.org/@keystatic%2fastro cache-miss
29 http fetch GET 200 https://registry.npmjs.org/@keystatic%2fastro 670ms (cache miss)
30 silly packumentCache full:https://registry.npmjs.org/@keystatic%2fastro set size:undefined disposed:false
31 silly fetch manifest astro@latest
32 silly packumentCache full:https://registry.npmjs.org/astro cache-miss
33 http fetch GET 200 https://registry.npmjs.org/astro 109ms (cache revalidated)
34 silly packumentCache full:https://registry.npmjs.org/astro set size:9370168 disposed:false
35 silly fetch manifest @astrojs/markdown-remark@7.2.2
36 silly packumentCache full:https://registry.npmjs.org/@astrojs%2fmarkdown-remark cache-miss
37 http fetch GET 200 https://registry.npmjs.org/@astrojs%2fmarkdown-remark 108ms (cache revalidated)
38 silly packumentCache full:https://registry.npmjs.org/@astrojs%2fmarkdown-remark set size:603188 disposed:false
39 silly fetch manifest @astrojs/react@*
40 silly packumentCache full:https://registry.npmjs.org/@astrojs%2freact cache-miss
41 http fetch GET 200 https://registry.npmjs.org/@astrojs%2freact 467ms (cache miss)
42 silly packumentCache full:https://registry.npmjs.org/@astrojs%2freact set size:undefined disposed:false
43 silly fetch manifest @types/react@^17.0.50 || ^18.0.21 || ^19.0.0
44 silly packumentCache full:https://registry.npmjs.org/@types%2freact cache-miss
45 http fetch GET 200 https://registry.npmjs.org/@types%2freact 92ms (cache revalidated)
46 silly packumentCache full:https://registry.npmjs.org/@types%2freact set size:2637439 disposed:false
47 silly fetch manifest @types/react-dom@^17.0.17 || ^18.0.6 || ^19.0.0
48 silly packumentCache full:https://registry.npmjs.org/@types%2freact-dom cache-miss
49 http fetch GET 200 https://registry.npmjs.org/@types%2freact-dom 108ms (cache miss)
50 silly packumentCache full:https://registry.npmjs.org/@types%2freact-dom set size:undefined disposed:false
51 silly fetch manifest react@^17.0.2 || ^18.0.0 || ^19.0.0
52 silly packumentCache full:https://registry.npmjs.org/react cache-miss
53 http cache https://registry.npmjs.org/react 20ms (cache hit)
54 silly packumentCache full:https://registry.npmjs.org/react set size:6868792 disposed:false
55 silly fetch manifest react-dom@^17.0.2 || ^18.0.0 || ^19.0.0
56 silly packumentCache full:https://registry.npmjs.org/react-dom cache-miss
57 http cache https://registry.npmjs.org/react-dom 29ms (cache hit)
58 silly packumentCache full:https://registry.npmjs.org/react-dom set size:9221722 disposed:false
59 silly fetch manifest @astrojs/markdoc@*
60 silly packumentCache full:https://registry.npmjs.org/@astrojs%2fmarkdoc cache-miss
61 http fetch GET 200 https://registry.npmjs.org/@astrojs%2fmarkdoc 655ms (cache miss)
62 silly packumentCache full:https://registry.npmjs.org/@astrojs%2fmarkdoc set size:undefined disposed:false
63 silly placeDep ROOT @astrojs/markdoc@2.0.6 OK for: vdac@1.0.0 want: *
64 silly placeDep ROOT @astrojs/react@6.0.2 OK for: vdac@1.0.0 want: *
65 silly placeDep ROOT react@19.2.8 OK for: @astrojs/react@6.0.2 want: ^17.0.2 || ^18.0.0 || ^19.0.0
66 silly placeDep ROOT react-dom@19.2.8 OK for: @astrojs/react@6.0.2 want: ^17.0.2 || ^18.0.0 || ^19.0.0
67 silly placeDep ROOT @types/react@19.2.18 OK for: @astrojs/react@6.0.2 want: ^17.0.50 || ^18.0.21 || ^19.0.0
68 silly placeDep ROOT @types/react-dom@19.2.4 OK for: @astrojs/react@6.0.2 want: ^17.0.17 || ^18.0.6 || ^19.0.0
69 silly placeDep ROOT @keystatic/astro@5.2.0 OK for: vdac@1.0.0 want: *
70 silly placeDep ROOT @keystatic/core@0.6.4 OK for: @keystatic/astro@5.2.0 want: *
71 silly placeDep ROOT @keystatic/core@0.6.4 REPLACE for: vdac@1.0.0 want: *
72 silly fetch manifest @markdoc/markdoc@^0.5.4
73 silly packumentCache full:https://registry.npmjs.org/@markdoc%2fmarkdoc cache-miss
74 silly fetch manifest htmlparser2@^12.0.0
75 silly packumentCache full:https://registry.npmjs.org/htmlparser2 cache-miss
76 silly fetch manifest @vitejs/plugin-react@^5.2.0
77 silly packumentCache full:https://registry.npmjs.org/@vitejs%2fplugin-react cache-miss
78 silly fetch manifest csstype@^3.2.2
79 silly packumentCache full:https://registry.npmjs.org/csstype cache-miss
80 silly fetch manifest scheduler@^0.27.0
81 silly packumentCache full:https://registry.npmjs.org/scheduler cache-miss
82 http fetch GET 200 https://registry.npmjs.org/htmlparser2 283ms (cache miss)
83 silly packumentCache full:https://registry.npmjs.org/htmlparser2 set size:undefined disposed:false
84 silly fetch manifest @babel/runtime@^7.18.3
85 silly packumentCache full:https://registry.npmjs.org/@babel%2fruntime cache-miss
86 http fetch GET 200 https://registry.npmjs.org/@vitejs%2fplugin-react 293ms (cache miss)
87 silly packumentCache full:https://registry.npmjs.org/@vitejs%2fplugin-react set size:undefined disposed:false
88 silly fetch manifest set-cookie-parser@^2.5.1
89 silly packumentCache full:https://registry.npmjs.org/set-cookie-parser cache-miss
90 http fetch GET 200 https://registry.npmjs.org/csstype 297ms (cache miss)
91 silly packumentCache full:https://registry.npmjs.org/csstype set size:undefined disposed:false
92 silly fetch manifest @babel/runtime@^7.18.3
93 silly packumentCache full:https://registry.npmjs.org/@babel%2fruntime cache-miss
94 http fetch GET 200 https://registry.npmjs.org/set-cookie-parser 81ms (cache miss)
95 silly packumentCache full:https://registry.npmjs.org/set-cookie-parser set size:undefined disposed:false
96 silly fetch manifest @braintree/sanitize-url@^6.0.2
97 silly packumentCache full:https://registry.npmjs.org/@braintree%2fsanitize-url cache-miss
98 http fetch GET 200 https://registry.npmjs.org/@braintree%2fsanitize-url 96ms (cache miss)
99 silly packumentCache full:https://registry.npmjs.org/@braintree%2fsanitize-url set size:undefined disposed:false
100 silly fetch manifest @emotion/weak-memoize@^0.3.0
101 silly packumentCache full:https://registry.npmjs.org/@emotion%2fweak-memoize cache-miss
102 http fetch GET 200 https://registry.npmjs.org/@babel%2fruntime 229ms (cache miss)
103 silly packumentCache full:https://registry.npmjs.org/@babel%2fruntime set size:undefined disposed:false
104 silly fetch manifest @floating-ui/react@^0.24.0
105 silly packumentCache full:https://registry.npmjs.org/@floating-ui%2freact cache-miss
106 http fetch GET 200 https://registry.npmjs.org/@babel%2fruntime 284ms (cache miss)
107 silly packumentCache full:https://registry.npmjs.org/@babel%2fruntime set size:undefined disposed:false
108 silly fetch manifest @internationalized/date@^3.12.2
109 silly packumentCache full:https://registry.npmjs.org/@internationalized%2fdate cache-miss
110 http fetch GET 200 https://registry.npmjs.org/@emotion%2fweak-memoize 125ms (cache miss)
111 silly packumentCache full:https://registry.npmjs.org/@emotion%2fweak-memoize set size:undefined disposed:false
112 silly fetch manifest @internationalized/number@^3.6.7
113 silly packumentCache full:https://registry.npmjs.org/@internationalized%2fnumber cache-miss
114 http fetch GET 200 https://registry.npmjs.org/scheduler 614ms (cache miss)
115 silly packumentCache full:https://registry.npmjs.org/scheduler set size:undefined disposed:false
116 silly fetch manifest @internationalized/string@^3.2.9
117 silly packumentCache full:https://registry.npmjs.org/@internationalized%2fstring cache-miss
118 http fetch GET 200 https://registry.npmjs.org/@markdoc%2fmarkdoc 654ms (cache miss)
119 silly packumentCache full:https://registry.npmjs.org/@markdoc%2fmarkdoc set size:undefined disposed:false
120 silly fetch manifest @markdoc/markdoc@^0.4.0
121 silly packumentCache full:https://registry.npmjs.org/@markdoc%2fmarkdoc cache-miss
122 http fetch GET 200 https://registry.npmjs.org/@floating-ui%2freact 118ms (cache miss)
123 silly packumentCache full:https://registry.npmjs.org/@floating-ui%2freact set size:undefined disposed:false
124 silly fetch manifest @react-types/shared@^3.36.0
125 silly packumentCache full:https://registry.npmjs.org/@react-types%2fshared cache-miss
126 http cache https://registry.npmjs.org/@markdoc%2fmarkdoc 17ms (cache hit)
127 silly packumentCache full:https://registry.npmjs.org/@markdoc%2fmarkdoc set size:117931 disposed:false
128 silly fetch manifest @sindresorhus/slugify@^1.1.2
129 silly packumentCache full:https://registry.npmjs.org/@sindresorhus%2fslugify cache-miss
130 http fetch GET 200 https://registry.npmjs.org/@internationalized%2fdate 190ms (cache miss)
131 silly packumentCache full:https://registry.npmjs.org/@internationalized%2fdate set size:undefined disposed:false
132 silly fetch manifest @toeverything/y-indexeddb@^0.10.0-canary.9
133 silly packumentCache full:https://registry.npmjs.org/@toeverything%2fy-indexeddb cache-miss
134 http fetch GET 200 https://registry.npmjs.org/@internationalized%2fnumber 203ms (cache miss)
135 silly packumentCache full:https://registry.npmjs.org/@internationalized%2fnumber set size:undefined disposed:false
136 silly fetch manifest @ts-gql/tag@^0.7.3
137 silly packumentCache full:https://registry.npmjs.org/@ts-gql%2ftag cache-miss
138 http fetch GET 200 https://registry.npmjs.org/@internationalized%2fstring 291ms (cache miss)
139 silly packumentCache full:https://registry.npmjs.org/@internationalized%2fstring set size:undefined disposed:false
140 silly fetch manifest @urql/core@^5.0.4
141 silly packumentCache full:https://registry.npmjs.org/@urql%2fcore cache-miss
142 http fetch GET 200 https://registry.npmjs.org/@react-types%2fshared 272ms (cache miss)
143 silly packumentCache full:https://registry.npmjs.org/@react-types%2fshared set size:undefined disposed:false
144 silly fetch manifest @urql/exchange-auth@^2.2.0
145 silly packumentCache full:https://registry.npmjs.org/@urql%2fexchange-auth cache-miss
146 http fetch GET 200 https://registry.npmjs.org/@sindresorhus%2fslugify 301ms (cache miss)
147 silly packumentCache full:https://registry.npmjs.org/@sindresorhus%2fslugify set size:undefined disposed:false
148 silly fetch manifest @urql/exchange-graphcache@^7.1.2
149 silly packumentCache full:https://registry.npmjs.org/@urql%2fexchange-graphcache cache-miss
150 http fetch GET 200 https://registry.npmjs.org/@urql%2fcore 131ms (cache miss)
151 silly packumentCache full:https://registry.npmjs.org/@urql%2fcore set size:undefined disposed:false
152 silly fetch manifest @urql/exchange-persisted@^4.3.0
153 silly packumentCache full:https://registry.npmjs.org/@urql%2fexchange-persisted cache-miss
154 http fetch GET 200 https://registry.npmjs.org/@urql%2fexchange-graphcache 307ms (cache miss)
155 silly packumentCache full:https://registry.npmjs.org/@urql%2fexchange-graphcache set size:undefined disposed:false
156 silly fetch manifest cookie@^1.0.0
157 silly packumentCache full:https://registry.npmjs.org/cookie cache-miss
158 http fetch GET 200 https://registry.npmjs.org/cookie 81ms (cache revalidated)
159 silly packumentCache full:https://registry.npmjs.org/cookie set size:78274 disposed:false
160 silly fetch manifest emery@^1.4.1
161 silly packumentCache full:https://registry.npmjs.org/emery cache-miss
162 http fetch GET 200 https://registry.npmjs.org/@toeverything%2fy-indexeddb 751ms (cache miss)
163 silly packumentCache full:https://registry.npmjs.org/@toeverything%2fy-indexeddb set size:undefined disposed:false
164 silly fetch manifest escape-string-regexp@^4.0.0
165 silly packumentCache full:https://registry.npmjs.org/escape-string-regexp cache-miss
166 http fetch GET 200 https://registry.npmjs.org/@ts-gql%2ftag 756ms (cache miss)
167 silly packumentCache full:https://registry.npmjs.org/@ts-gql%2ftag set size:undefined disposed:false
168 silly fetch manifest fast-deep-equal@^3.1.3
169 silly packumentCache full:https://registry.npmjs.org/fast-deep-equal cache-miss
170 http fetch GET 200 https://registry.npmjs.org/@urql%2fexchange-auth 628ms (cache miss)
171 silly packumentCache full:https://registry.npmjs.org/@urql%2fexchange-auth set size:undefined disposed:false
172 silly fetch manifest graphql@^16.6.0
173 silly packumentCache full:https://registry.npmjs.org/graphql cache-miss
174 http fetch GET 200 https://registry.npmjs.org/escape-string-regexp 72ms (cache revalidated)
175 silly packumentCache full:https://registry.npmjs.org/escape-string-regexp set size:22244 disposed:false
176 silly fetch manifest idb-keyval@^6.2.1
177 silly packumentCache full:https://registry.npmjs.org/idb-keyval cache-miss
178 http fetch GET 200 https://registry.npmjs.org/fast-deep-equal 68ms (cache miss)
179 silly packumentCache full:https://registry.npmjs.org/fast-deep-equal set size:undefined disposed:false
180 silly fetch manifest ignore@^5.2.4
181 silly packumentCache full:https://registry.npmjs.org/ignore cache-miss
182 http fetch GET 200 https://registry.npmjs.org/emery 266ms (cache miss)
183 silly packumentCache full:https://registry.npmjs.org/emery set size:undefined disposed:false
184 silly fetch manifest is-hotkey@^0.2.0
185 silly packumentCache full:https://registry.npmjs.org/is-hotkey cache-miss
186 http fetch GET 200 https://registry.npmjs.org/graphql 107ms (cache miss)
187 silly packumentCache full:https://registry.npmjs.org/graphql set size:undefined disposed:false
188 silly fetch manifest lib0@^0.2.88
189 silly packumentCache full:https://registry.npmjs.org/lib0 cache-miss
190 http fetch GET 200 https://registry.npmjs.org/idb-keyval 82ms (cache revalidated)
191 silly packumentCache full:https://registry.npmjs.org/idb-keyval set size:140904 disposed:false
192 silly fetch manifest lru-cache@^10.2.0
193 silly packumentCache full:https://registry.npmjs.org/lru-cache cache-miss
194 http fetch GET 200 https://registry.npmjs.org/ignore 73ms (cache miss)
195 silly packumentCache full:https://registry.npmjs.org/ignore set size:undefined disposed:false
196 silly fetch manifest match-sorter@^6.3.1
197 silly packumentCache full:https://registry.npmjs.org/match-sorter cache-miss
198 http fetch GET 200 https://registry.npmjs.org/@urql%2fexchange-persisted 657ms (cache miss)
199 silly packumentCache full:https://registry.npmjs.org/@urql%2fexchange-persisted set size:undefined disposed:false
200 silly fetch manifest minimatch@^9.0.3
201 silly packumentCache full:https://registry.npmjs.org/minimatch cache-miss
202 http fetch GET 200 https://registry.npmjs.org/lru-cache 77ms (cache revalidated)
203 silly packumentCache full:https://registry.npmjs.org/lru-cache set size:460407 disposed:false
204 silly fetch manifest partysocket@^0.0.22
205 silly packumentCache full:https://registry.npmjs.org/partysocket cache-miss
206 http fetch GET 200 https://registry.npmjs.org/match-sorter 79ms (cache miss)
207 silly packumentCache full:https://registry.npmjs.org/match-sorter set size:undefined disposed:false
208 silly fetch manifest prosemirror-commands@^1.5.1
209 silly packumentCache full:https://registry.npmjs.org/prosemirror-commands cache-miss
210 http fetch GET 200 https://registry.npmjs.org/lib0 120ms (cache miss)
211 silly packumentCache full:https://registry.npmjs.org/lib0 set size:undefined disposed:false
212 silly fetch manifest prosemirror-history@^1.3.0
213 silly packumentCache full:https://registry.npmjs.org/prosemirror-history cache-miss
214 http fetch GET 200 https://registry.npmjs.org/minimatch 97ms (cache miss)
215 silly packumentCache full:https://registry.npmjs.org/minimatch set size:undefined disposed:false
216 silly fetch manifest prosemirror-keymap@^1.2.1
217 silly packumentCache full:https://registry.npmjs.org/prosemirror-keymap cache-miss
218 http fetch GET 200 https://registry.npmjs.org/prosemirror-commands 68ms (cache miss)
219 silly packumentCache full:https://registry.npmjs.org/prosemirror-commands set size:undefined disposed:false
220 silly fetch manifest prosemirror-model@^1.19.0
221 silly packumentCache full:https://registry.npmjs.org/prosemirror-model cache-miss
222 http fetch GET 200 https://registry.npmjs.org/prosemirror-history 76ms (cache miss)
223 silly packumentCache full:https://registry.npmjs.org/prosemirror-history set size:undefined disposed:false
224 silly fetch manifest prosemirror-state@^1.4.2
225 silly packumentCache full:https://registry.npmjs.org/prosemirror-state cache-miss
226 http fetch GET 200 https://registry.npmjs.org/is-hotkey 264ms (cache miss)
227 silly packumentCache full:https://registry.npmjs.org/is-hotkey set size:undefined disposed:false
228 silly fetch manifest prosemirror-tables@^1.3.4
229 silly packumentCache full:https://registry.npmjs.org/prosemirror-tables cache-miss
230 http fetch GET 200 https://registry.npmjs.org/prosemirror-keymap 83ms (cache miss)
231 silly packumentCache full:https://registry.npmjs.org/prosemirror-keymap set size:undefined disposed:false
232 silly fetch manifest prosemirror-transform@^1.7.1
233 silly packumentCache full:https://registry.npmjs.org/prosemirror-transform cache-miss
234 http fetch GET 200 https://registry.npmjs.org/prosemirror-model 72ms (cache miss)
235 silly packumentCache full:https://registry.npmjs.org/prosemirror-model set size:undefined disposed:false
236 silly fetch manifest prosemirror-view@^1.30.2
237 silly packumentCache full:https://registry.npmjs.org/prosemirror-view cache-miss
238 http fetch GET 200 https://registry.npmjs.org/prosemirror-state 76ms (cache miss)
239 silly packumentCache full:https://registry.npmjs.org/prosemirror-state set size:undefined disposed:false
240 silly fetch manifest react-aria@3.50.0
241 silly packumentCache full:https://registry.npmjs.org/react-aria cache-miss
242 http fetch GET 200 https://registry.npmjs.org/prosemirror-tables 77ms (cache miss)
243 silly packumentCache full:https://registry.npmjs.org/prosemirror-tables set size:undefined disposed:false
244 silly fetch manifest react-stately@3.48.0
245 silly packumentCache full:https://registry.npmjs.org/react-stately cache-miss
246 http fetch GET 200 https://registry.npmjs.org/prosemirror-transform 86ms (cache miss)
247 silly packumentCache full:https://registry.npmjs.org/prosemirror-transform set size:undefined disposed:false
248 silly fetch manifest scroll-into-view-if-needed@^3.0.3
249 silly packumentCache full:https://registry.npmjs.org/scroll-into-view-if-needed cache-miss
250 http fetch GET 200 https://registry.npmjs.org/prosemirror-view 91ms (cache miss)
251 silly packumentCache full:https://registry.npmjs.org/prosemirror-view set size:undefined disposed:false
252 silly fetch manifest slate@^0.91.4
253 silly packumentCache full:https://registry.npmjs.org/slate cache-miss
254 http fetch GET 200 https://registry.npmjs.org/scroll-into-view-if-needed 90ms (cache miss)
255 silly packumentCache full:https://registry.npmjs.org/scroll-into-view-if-needed set size:undefined disposed:false
256 silly fetch manifest slate-history@^0.86.0
257 silly packumentCache full:https://registry.npmjs.org/slate-history cache-miss
258 http fetch GET 200 https://registry.npmjs.org/partysocket 383ms (cache miss)
259 silly packumentCache full:https://registry.npmjs.org/partysocket set size:undefined disposed:false
260 silly fetch manifest slate-react@^0.91.9
261 silly packumentCache full:https://registry.npmjs.org/slate-react cache-miss
262 http fetch GET 200 https://registry.npmjs.org/slate 167ms (cache miss)
263 silly packumentCache full:https://registry.npmjs.org/slate set size:undefined disposed:false
264 silly fetch manifest superstruct@^1.0.4
265 silly packumentCache full:https://registry.npmjs.org/superstruct cache-miss
266 http fetch GET 200 https://registry.npmjs.org/react-stately 251ms (cache miss)
267 silly packumentCache full:https://registry.npmjs.org/react-stately set size:undefined disposed:false
268 silly fetch manifest urql@^4.1.0
269 silly packumentCache full:https://registry.npmjs.org/urql cache-miss
270 http fetch GET 200 https://registry.npmjs.org/react-aria 306ms (cache miss)
271 silly packumentCache full:https://registry.npmjs.org/react-aria set size:undefined disposed:false
272 silly fetch manifest y-prosemirror@^1.2.2
273 silly packumentCache full:https://registry.npmjs.org/y-prosemirror cache-miss
274 http fetch GET 200 https://registry.npmjs.org/superstruct 106ms (cache miss)
275 silly packumentCache full:https://registry.npmjs.org/superstruct set size:undefined disposed:false
276 silly fetch manifest y-protocols@^1.0.6
277 silly packumentCache full:https://registry.npmjs.org/y-protocols cache-miss
278 http fetch GET 200 https://registry.npmjs.org/urql 107ms (cache miss)
279 silly packumentCache full:https://registry.npmjs.org/urql set size:undefined disposed:false
280 silly fetch manifest yjs@^13.6.11
281 silly packumentCache full:https://registry.npmjs.org/yjs cache-miss
282 http fetch GET 200 https://registry.npmjs.org/y-prosemirror 85ms (cache miss)
283 silly packumentCache full:https://registry.npmjs.org/y-prosemirror set size:undefined disposed:false
284 silly fetch manifest @keystar/ui@0.9.2
285 silly packumentCache full:https://registry.npmjs.org/@keystar%2fui cache-miss
286 http fetch GET 200 https://registry.npmjs.org/slate-history 308ms (cache miss)
287 silly packumentCache full:https://registry.npmjs.org/slate-history set size:undefined disposed:false
288 silly fetch manifest slate-react@^0.91.9
289 silly packumentCache full:https://registry.npmjs.org/slate-react cache-miss
290 http fetch GET 200 https://registry.npmjs.org/yjs 114ms (cache miss)
291 silly packumentCache full:https://registry.npmjs.org/yjs set size:undefined disposed:false
292 silly fetch manifest y-protocols@^1.0.6
293 silly packumentCache full:https://registry.npmjs.org/y-protocols cache-miss
294 http fetch GET 200 https://registry.npmjs.org/slate-react 336ms (cache miss)
295 silly packumentCache full:https://registry.npmjs.org/slate-react set size:undefined disposed:false
296 silly fetch manifest @keystar/ui@0.9.2
297 silly packumentCache full:https://registry.npmjs.org/@keystar%2fui cache-miss
298 http fetch GET 200 https://registry.npmjs.org/slate-react 180ms (cache miss)
299 silly packumentCache full:https://registry.npmjs.org/slate-react set size:undefined disposed:false
300 http fetch GET 200 https://registry.npmjs.org/y-protocols 291ms (cache miss)
301 silly packumentCache full:https://registry.npmjs.org/y-protocols set size:undefined disposed:false
302 http fetch GET 200 https://registry.npmjs.org/y-protocols 118ms (cache miss)
303 silly packumentCache full:https://registry.npmjs.org/y-protocols set size:undefined disposed:false
304 http fetch GET 200 https://registry.npmjs.org/@keystar%2fui 1576ms (cache miss)
305 silly packumentCache full:https://registry.npmjs.org/@keystar%2fui set size:undefined disposed:false
306 http fetch GET 200 https://registry.npmjs.org/@keystar%2fui 1961ms (cache miss)
307 silly packumentCache full:https://registry.npmjs.org/@keystar%2fui set size:undefined disposed:false
308 silly fetch manifest @types/react@*
309 silly packumentCache full:https://registry.npmjs.org/@types%2freact cache-miss
310 http cache https://registry.npmjs.org/@types%2freact 24ms (cache hit)
311 silly packumentCache full:https://registry.npmjs.org/@types%2freact set size:2637439 disposed:false
312 silly fetch manifest react@*
313 silly packumentCache full:https://registry.npmjs.org/react cache-miss
314 http cache https://registry.npmjs.org/react 19ms (cache hit)
315 silly packumentCache full:https://registry.npmjs.org/react set size:6868792 disposed:false
316 silly placeDep ROOT @markdoc/markdoc@0.5.9 OK for: @astrojs/markdoc@2.0.6 want: ^0.5.4
317 silly placeDep ROOT htmlparser2@12.0.0 OK for: @astrojs/markdoc@2.0.6 want: ^12.0.0
318 silly fetch manifest @types/markdown-it@12.2.3
319 silly packumentCache full:https://registry.npmjs.org/@types%2fmarkdown-it cache-miss
320 silly fetch manifest @types/linkify-it@^3.0.1
321 silly packumentCache full:https://registry.npmjs.org/@types%2flinkify-it cache-miss
322 silly fetch manifest domutils@^4.0.2
323 silly packumentCache full:https://registry.npmjs.org/domutils cache-miss
324 silly fetch manifest entities@^8.0.0
325 silly packumentCache full:https://registry.npmjs.org/entities cache-miss
326 silly fetch manifest domhandler@^6.0.0
327 silly packumentCache full:https://registry.npmjs.org/domhandler cache-miss
328 http fetch GET 200 https://registry.npmjs.org/@types%2fmarkdown-it 80ms (cache miss)
329 silly packumentCache full:https://registry.npmjs.org/@types%2fmarkdown-it set size:undefined disposed:false
330 silly fetch manifest domelementtype@^3.0.0
331 silly packumentCache full:https://registry.npmjs.org/domelementtype cache-miss
332 http fetch GET 200 https://registry.npmjs.org/domutils 84ms (cache revalidated)
333 silly packumentCache full:https://registry.npmjs.org/domutils set size:110068 disposed:false
334 http fetch GET 200 https://registry.npmjs.org/entities 87ms (cache revalidated)
335 silly packumentCache full:https://registry.npmjs.org/entities set size:101550 disposed:false
336 http fetch GET 200 https://registry.npmjs.org/@types%2flinkify-it 93ms (cache miss)
337 silly packumentCache full:https://registry.npmjs.org/@types%2flinkify-it set size:undefined disposed:false
338 http fetch GET 200 https://registry.npmjs.org/domhandler 93ms (cache revalidated)
339 silly packumentCache full:https://registry.npmjs.org/domhandler set size:78187 disposed:false
340 http fetch GET 200 https://registry.npmjs.org/domelementtype 84ms (cache revalidated)
341 silly packumentCache full:https://registry.npmjs.org/domelementtype set size:33363 disposed:false
342 silly fetch manifest vite@^8.0.13
343 silly packumentCache full:https://registry.npmjs.org/vite cache-miss
344 http fetch GET 200 https://registry.npmjs.org/vite 178ms (cache revalidated)
345 silly packumentCache full:https://registry.npmjs.org/vite set size:38918610 disposed:false
346 silly fetch manifest @types/node@^20.19.0 || >=22.12.0
347 silly packumentCache full:https://registry.npmjs.org/@types%2fnode cache-miss
348 http fetch GET 200 https://registry.npmjs.org/@types%2fnode 137ms (cache revalidated)
349 silly packumentCache full:https://registry.npmjs.org/@types%2fnode set size:11084776 disposed:false
350 silly fetch manifest @vitejs/devtools@^0.4.0
351 silly packumentCache full:https://registry.npmjs.org/@vitejs%2fdevtools cache-miss
352 http fetch GET 200 https://registry.npmjs.org/@vitejs%2fdevtools 106ms (cache revalidated)
353 silly packumentCache full:https://registry.npmjs.org/@vitejs%2fdevtools set size:278351 disposed:false
354 silly fetch manifest @vitejs/devtools-oxc@^0.4.12
355 silly packumentCache full:https://registry.npmjs.org/@vitejs%2fdevtools-oxc cache-miss
356 http fetch GET 200 https://registry.npmjs.org/@vitejs%2fdevtools-oxc 121ms (cache revalidated)
357 silly packumentCache full:https://registry.npmjs.org/@vitejs%2fdevtools-oxc set size:35946 disposed:false
358 silly fetch manifest @vitejs/devtools-rolldown@^0.4.12
359 silly packumentCache full:https://registry.npmjs.org/@vitejs%2fdevtools-rolldown cache-miss
360 http fetch GET 200 https://registry.npmjs.org/@vitejs%2fdevtools-rolldown 89ms (cache revalidated)
361 silly packumentCache full:https://registry.npmjs.org/@vitejs%2fdevtools-rolldown set size:195048 disposed:false
362 silly fetch manifest @vitejs/devtools-vite@^0.4.12
363 silly packumentCache full:https://registry.npmjs.org/@vitejs%2fdevtools-vite cache-miss
364 http fetch GET 200 https://registry.npmjs.org/@vitejs%2fdevtools-vite 151ms (cache revalidated)
365 silly packumentCache full:https://registry.npmjs.org/@vitejs%2fdevtools-vite set size:124361 disposed:false
366 silly fetch manifest @vitejs/devtools-vitest@^0.4.12
367 silly packumentCache full:https://registry.npmjs.org/@vitejs%2fdevtools-vitest cache-miss
368 http fetch GET 200 https://registry.npmjs.org/@vitejs%2fdevtools-vitest 95ms (cache revalidated)
369 silly packumentCache full:https://registry.npmjs.org/@vitejs%2fdevtools-vitest set size:25505 disposed:false
370 silly fetch manifest vitest@*
371 silly packumentCache full:https://registry.npmjs.org/vitest cache-miss
372 http fetch GET 200 https://registry.npmjs.org/vitest 90ms (cache revalidated)
373 silly packumentCache full:https://registry.npmjs.org/vitest set size:2224337 disposed:false
374 silly fetch manifest @edge-runtime/vm@*
375 silly packumentCache full:https://registry.npmjs.org/@edge-runtime%2fvm cache-miss
376 http fetch GET 200 https://registry.npmjs.org/@edge-runtime%2fvm 101ms (cache revalidated)
377 silly packumentCache full:https://registry.npmjs.org/@edge-runtime%2fvm set size:269934 disposed:false
378 silly fetch manifest @opentelemetry/api@^1.9.0
379 silly packumentCache full:https://registry.npmjs.org/@opentelemetry%2fapi cache-miss
380 http fetch GET 200 https://registry.npmjs.org/@opentelemetry%2fapi 89ms (cache revalidated)
381 silly packumentCache full:https://registry.npmjs.org/@opentelemetry%2fapi set size:272967 disposed:false
382 silly fetch manifest @vitest/browser-playwright@4.1.10
383 silly packumentCache full:https://registry.npmjs.org/@vitest%2fbrowser-playwright cache-miss
384 http fetch GET 200 https://registry.npmjs.org/@vitest%2fbrowser-playwright 126ms (cache revalidated)
385 silly packumentCache full:https://registry.npmjs.org/@vitest%2fbrowser-playwright set size:137871 disposed:false
386 silly fetch manifest playwright@*
387 silly packumentCache full:https://registry.npmjs.org/playwright cache-miss
388 http fetch GET 200 https://registry.npmjs.org/playwright 123ms (cache revalidated)
389 silly packumentCache full:https://registry.npmjs.org/playwright set size:16595248 disposed:false
390 silly fetch manifest @vitest/browser-preview@4.1.10
391 silly packumentCache full:https://registry.npmjs.org/@vitest%2fbrowser-preview cache-miss
392 http fetch GET 200 https://registry.npmjs.org/@vitest%2fbrowser-preview 123ms (cache revalidated)
393 silly packumentCache full:https://registry.npmjs.org/@vitest%2fbrowser-preview set size:132194 disposed:false
394 silly fetch manifest @vitest/browser-webdriverio@4.1.10
395 silly packumentCache full:https://registry.npmjs.org/@vitest%2fbrowser-webdriverio cache-miss
396 http fetch GET 200 https://registry.npmjs.org/@vitest%2fbrowser-webdriverio 109ms (cache revalidated)
397 silly packumentCache full:https://registry.npmjs.org/@vitest%2fbrowser-webdriverio set size:135260 disposed:false
398 silly fetch manifest webdriverio@*
399 silly packumentCache full:https://registry.npmjs.org/webdriverio cache-miss
400 http fetch GET 200 https://registry.npmjs.org/webdriverio 80ms (cache revalidated)
401 silly packumentCache full:https://registry.npmjs.org/webdriverio set size:3147996 disposed:false
402 silly fetch manifest puppeteer-core@>=22.x || <=24.x
403 silly packumentCache full:https://registry.npmjs.org/puppeteer-core cache-miss
404 http fetch GET 200 https://registry.npmjs.org/puppeteer-core 90ms (cache revalidated)
405 silly packumentCache full:https://registry.npmjs.org/puppeteer-core set size:1558518 disposed:false
406 silly fetch manifest @vitest/coverage-istanbul@4.1.10
407 silly packumentCache full:https://registry.npmjs.org/@vitest%2fcoverage-istanbul cache-miss
408 http fetch GET 200 https://registry.npmjs.org/@vitest%2fcoverage-istanbul 87ms (cache revalidated)
409 silly packumentCache full:https://registry.npmjs.org/@vitest%2fcoverage-istanbul set size:691793 disposed:false
410 silly fetch manifest @vitest/coverage-v8@4.1.10
411 silly packumentCache full:https://registry.npmjs.org/@vitest%2fcoverage-v8 cache-miss
412 http fetch GET 200 https://registry.npmjs.org/@vitest%2fcoverage-v8 102ms (cache revalidated)
413 silly packumentCache full:https://registry.npmjs.org/@vitest%2fcoverage-v8 set size:528244 disposed:false
414 silly fetch manifest @vitest/browser@4.1.10
415 silly packumentCache full:https://registry.npmjs.org/@vitest%2fbrowser cache-miss
416 http fetch GET 200 https://registry.npmjs.org/@vitest%2fbrowser 98ms (cache revalidated)
417 silly packumentCache full:https://registry.npmjs.org/@vitest%2fbrowser set size:786640 disposed:false
418 silly fetch manifest @vitest/ui@4.1.10
419 silly packumentCache full:https://registry.npmjs.org/@vitest%2fui cache-miss
420 http fetch GET 200 https://registry.npmjs.org/@vitest%2fui 94ms (cache revalidated)
421 silly packumentCache full:https://registry.npmjs.org/@vitest%2fui set size:1275474 disposed:false
422 silly fetch manifest happy-dom@*
423 silly packumentCache full:https://registry.npmjs.org/happy-dom cache-miss
424 http fetch GET 200 https://registry.npmjs.org/happy-dom 77ms (cache revalidated)
425 silly packumentCache full:https://registry.npmjs.org/happy-dom set size:2478647 disposed:false
426 silly fetch manifest jsdom@*
427 silly packumentCache full:https://registry.npmjs.org/jsdom cache-miss
428 http fetch GET 200 https://registry.npmjs.org/jsdom 101ms (cache revalidated)
429 silly packumentCache full:https://registry.npmjs.org/jsdom set size:1074418 disposed:false
430 silly fetch manifest canvas@^3.2.3
431 silly packumentCache full:https://registry.npmjs.org/canvas cache-miss
432 http fetch GET 200 https://registry.npmjs.org/canvas 80ms (cache revalidated)
433 silly packumentCache full:https://registry.npmjs.org/canvas set size:346176 disposed:false
434 silly fetch manifest esbuild@^0.27.0 || ^0.28.0
435 silly packumentCache full:https://registry.npmjs.org/esbuild cache-miss
436 http fetch GET 200 https://registry.npmjs.org/esbuild 89ms (cache revalidated)
437 silly packumentCache full:https://registry.npmjs.org/esbuild set size:1259608 disposed:false
438 silly fetch manifest jiti@>=1.21.0
439 silly packumentCache full:https://registry.npmjs.org/jiti cache-miss
440 http fetch GET 200 https://registry.npmjs.org/jiti 75ms (cache revalidated)
441 silly packumentCache full:https://registry.npmjs.org/jiti set size:387989 disposed:false
442 silly fetch manifest less@^4.0.0
443 silly packumentCache full:https://registry.npmjs.org/less cache-miss
444 http fetch GET 200 https://registry.npmjs.org/less 81ms (cache revalidated)
445 silly packumentCache full:https://registry.npmjs.org/less set size:492138 disposed:false
446 silly fetch manifest sass@^1.70.0
447 silly packumentCache full:https://registry.npmjs.org/sass cache-miss
448 http fetch GET 200 https://registry.npmjs.org/sass 81ms (cache revalidated)
449 silly packumentCache full:https://registry.npmjs.org/sass set size:743214 disposed:false
450 silly fetch manifest sass-embedded@^1.70.0
451 silly packumentCache full:https://registry.npmjs.org/sass-embedded cache-miss
452 http fetch GET 200 https://registry.npmjs.org/sass-embedded 79ms (cache revalidated)
453 silly packumentCache full:https://registry.npmjs.org/sass-embedded set size:419718 disposed:false
454 silly fetch manifest stylus@>=0.54.8
455 silly packumentCache full:https://registry.npmjs.org/stylus cache-miss
456 http fetch GET 200 https://registry.npmjs.org/stylus 87ms (cache revalidated)
457 silly packumentCache full:https://registry.npmjs.org/stylus set size:286766 disposed:false
458 silly fetch manifest sugarss@^5.0.0
459 silly packumentCache full:https://registry.npmjs.org/sugarss cache-miss
460 http fetch GET 200 https://registry.npmjs.org/sugarss 71ms (cache revalidated)
461 silly packumentCache full:https://registry.npmjs.org/sugarss set size:44975 disposed:false
462 silly fetch manifest postcss@^8.3.3
463 silly packumentCache full:https://registry.npmjs.org/postcss cache-miss
464 http fetch GET 200 https://registry.npmjs.org/postcss 98ms (cache updated)
465 silly packumentCache full:https://registry.npmjs.org/postcss set size:undefined disposed:false
466 silly fetch manifest terser@^5.16.0
467 silly packumentCache full:https://registry.npmjs.org/terser cache-miss
468 http fetch GET 200 https://registry.npmjs.org/terser 75ms (cache revalidated)
469 silly packumentCache full:https://registry.npmjs.org/terser set size:813805 disposed:false
470 silly fetch manifest tsx@^4.8.1
471 silly packumentCache full:https://registry.npmjs.org/tsx cache-miss
472 http fetch GET 200 https://registry.npmjs.org/tsx 78ms (cache revalidated)
473 silly packumentCache full:https://registry.npmjs.org/tsx set size:333613 disposed:false
474 silly fetch manifest yaml@^2.4.2
475 silly packumentCache full:https://registry.npmjs.org/yaml cache-miss
476 http fetch GET 200 https://registry.npmjs.org/yaml 82ms (cache revalidated)
477 silly packumentCache full:https://registry.npmjs.org/yaml set size:385754 disposed:false
478 silly placeDep ROOT @vitejs/plugin-react@5.2.0 OK for: @astrojs/react@6.0.2 want: ^5.2.0
479 silly fetch manifest @babel/core@^7.29.0
480 silly packumentCache full:https://registry.npmjs.org/@babel%2fcore cache-miss
481 silly fetch manifest react-refresh@^0.18.0
482 silly packumentCache full:https://registry.npmjs.org/react-refresh cache-miss
483 silly fetch manifest @types/babel__core@^7.20.5
484 silly packumentCache full:https://registry.npmjs.org/@types%2fbabel__core cache-miss
485 silly fetch manifest @rolldown/pluginutils@1.0.0-rc.3
486 silly packumentCache full:https://registry.npmjs.org/@rolldown%2fpluginutils cache-miss
487 silly fetch manifest @babel/plugin-transform-react-jsx-self@^7.27.1
488 silly packumentCache full:https://registry.npmjs.org/@babel%2fplugin-transform-react-jsx-self cache-miss
489 http fetch GET 200 https://registry.npmjs.org/@types%2fbabel__core 82ms (cache miss)
490 silly packumentCache full:https://registry.npmjs.org/@types%2fbabel__core set size:undefined disposed:false
491 silly fetch manifest @babel/plugin-transform-react-jsx-source@^7.27.1
492 silly packumentCache full:https://registry.npmjs.org/@babel%2fplugin-transform-react-jsx-source cache-miss
493 http fetch GET 200 https://registry.npmjs.org/@rolldown%2fpluginutils 93ms (cache revalidated)
494 silly packumentCache full:https://registry.npmjs.org/@rolldown%2fpluginutils set size:300388 disposed:false
495 http fetch GET 200 https://registry.npmjs.org/@babel%2fplugin-transform-react-jsx-self 96ms (cache miss)
496 silly packumentCache full:https://registry.npmjs.org/@babel%2fplugin-transform-react-jsx-self set size:undefined disposed:false
497 http fetch GET 200 https://registry.npmjs.org/@babel%2fcore 154ms (cache miss)
498 silly packumentCache full:https://registry.npmjs.org/@babel%2fcore set size:undefined disposed:false
499 http fetch GET 200 https://registry.npmjs.org/@babel%2fplugin-transform-react-jsx-source 85ms (cache miss)
500 silly packumentCache full:https://registry.npmjs.org/@babel%2fplugin-transform-react-jsx-source set size:undefined disposed:false
501 http fetch GET 200 https://registry.npmjs.org/react-refresh 224ms (cache miss)
502 silly packumentCache full:https://registry.npmjs.org/react-refresh set size:undefined disposed:false
503 silly placeDep ROOT @babel/runtime@7.29.7 OK for: @keystatic/astro@5.2.0 want: ^7.18.3
504 silly placeDep ROOT set-cookie-parser@2.7.2 OK for: @keystatic/astro@5.2.0 want: ^2.5.1
505 silly fetch manifest @types/react@^19.0.8
506 silly packumentCache full:https://registry.npmjs.org/@types%2freact cache-miss
507 http cache https://registry.npmjs.org/@types%2freact 10ms (cache hit)
508 silly packumentCache full:https://registry.npmjs.org/@types%2freact set size:2637439 disposed:false
509 silly fetch manifest next@>=14
510 silly packumentCache full:https://registry.npmjs.org/next cache-miss
511 http fetch GET 200 https://registry.npmjs.org/next 692ms (cache miss)
512 silly packumentCache full:https://registry.npmjs.org/next set size:undefined disposed:false
513 silly fetch manifest @opentelemetry/api@^1.1.0
514 silly packumentCache full:https://registry.npmjs.org/@opentelemetry%2fapi cache-hit
515 silly fetch manifest @playwright/test@^1.51.1
516 silly packumentCache full:https://registry.npmjs.org/@playwright%2ftest cache-miss
517 http fetch GET 200 https://registry.npmjs.org/@playwright%2ftest 359ms (cache miss)
518 silly packumentCache full:https://registry.npmjs.org/@playwright%2ftest set size:undefined disposed:false
519 silly fetch manifest babel-plugin-react-compiler@*
520 silly packumentCache full:https://registry.npmjs.org/babel-plugin-react-compiler cache-miss
521 http fetch GET 200 https://registry.npmjs.org/babel-plugin-react-compiler 100ms (cache miss)
522 silly packumentCache full:https://registry.npmjs.org/babel-plugin-react-compiler set size:undefined disposed:false
523 silly fetch manifest sass@^1.3.0
524 silly packumentCache full:https://registry.npmjs.org/sass cache-hit
525 silly placeDep ROOT @braintree/sanitize-url@6.0.4 OK for: @keystatic/core@0.6.4 want: ^6.0.2
526 silly placeDep ROOT @emotion/weak-memoize@0.3.1 OK for: @keystatic/core@0.6.4 want: ^0.3.0
527 silly placeDep ROOT @floating-ui/react@0.24.8 OK for: @keystatic/core@0.6.4 want: ^0.24.0
528 silly placeDep ROOT @internationalized/date@3.12.3 OK for: @keystatic/core@0.6.4 want: ^3.12.2
529 silly placeDep ROOT @internationalized/number@3.6.7 OK for: @keystatic/core@0.6.4 want: ^3.6.7
530 silly placeDep ROOT @internationalized/string@3.2.10 OK for: @keystatic/core@0.6.4 want: ^3.2.9
531 silly placeDep ROOT @keystar/ui@0.9.2 OK for: @keystatic/core@0.6.4 want: 0.9.2
532 silly placeDep node_modules/@keystatic/core @markdoc/markdoc@0.4.0 OK for: @keystatic/core@0.6.4 want: ^0.4.0
533 silly placeDep ROOT @react-types/shared@3.36.1 OK for: @keystatic/core@0.6.4 want: ^3.36.0
534 silly placeDep ROOT @sindresorhus/slugify@1.1.2 OK for: @keystatic/core@0.6.4 want: ^1.1.2
535 silly placeDep ROOT @toeverything/y-indexeddb@0.10.0-canary.9 OK for: @keystatic/core@0.6.4 want: ^0.10.0-canary.9
536 silly placeDep ROOT yjs@13.6.32 OK for: @toeverything/y-indexeddb@0.10.0-canary.9 want: ^13
537 silly placeDep ROOT @ts-gql/tag@0.7.3 OK for: @keystatic/core@0.6.4 want: ^0.7.3
538 silly placeDep ROOT graphql@16.14.2 OK for: @ts-gql/tag@0.7.3 want: ^0.9.0 || ^0.10.0 || ^0.11.0 || ^0.12.0 || ^0.13.0 || 14 || 15 || 16
539 silly placeDep ROOT @urql/core@5.2.0 OK for: @keystatic/core@0.6.4 want: ^5.0.4
540 silly placeDep ROOT @urql/exchange-auth@2.2.1 OK for: @keystatic/core@0.6.4 want: ^2.2.0
541 silly placeDep ROOT @urql/exchange-graphcache@7.2.4 OK for: @keystatic/core@0.6.4 want: ^7.1.2
542 silly placeDep ROOT @urql/exchange-persisted@4.3.1 OK for: @keystatic/core@0.6.4 want: ^4.3.0
543 silly placeDep node_modules/@keystatic/core cookie@1.1.1 OK for: @keystatic/core@0.6.4 want: ^1.0.0
544 silly placeDep ROOT emery@1.4.4 OK for: @keystatic/core@0.6.4 want: ^1.4.1
545 silly placeDep node_modules/@keystatic/core escape-string-regexp@4.0.0 OK for: @keystatic/core@0.6.4 want: ^4.0.0
546 silly placeDep ROOT fast-deep-equal@3.1.3 OK for: @keystatic/core@0.6.4 want: ^3.1.3
547 silly placeDep ROOT idb-keyval@6.3.0 OK for: @keystatic/core@0.6.4 want: ^6.2.1
548 silly placeDep ROOT ignore@5.3.2 OK for: @keystatic/core@0.6.4 want: ^5.2.4
549 silly placeDep ROOT is-hotkey@0.2.0 OK for: @keystatic/core@0.6.4 want: ^0.2.0
550 silly placeDep ROOT lib0@0.2.117 OK for: @keystatic/core@0.6.4 want: ^0.2.88
551 silly placeDep node_modules/@keystatic/core lru-cache@10.4.3 OK for: @keystatic/core@0.6.4 want: ^10.2.0
552 silly placeDep ROOT match-sorter@6.3.4 OK for: @keystatic/core@0.6.4 want: ^6.3.1
553 silly placeDep ROOT minimatch@9.0.9 OK for: @keystatic/core@0.6.4 want: ^9.0.3
554 silly placeDep ROOT partysocket@0.0.22 OK for: @keystatic/core@0.6.4 want: ^0.0.22
555 silly placeDep ROOT prosemirror-commands@1.7.2 OK for: @keystatic/core@0.6.4 want: ^1.5.1
556 silly placeDep ROOT prosemirror-history@1.5.0 OK for: @keystatic/core@0.6.4 want: ^1.3.0
557 silly placeDep ROOT prosemirror-keymap@1.2.3 OK for: @keystatic/core@0.6.4 want: ^1.2.1
558 silly placeDep ROOT prosemirror-model@1.25.11 OK for: @keystatic/core@0.6.4 want: ^1.19.0
559 silly placeDep ROOT prosemirror-state@1.4.4 OK for: @keystatic/core@0.6.4 want: ^1.4.2
560 silly placeDep ROOT prosemirror-tables@1.8.5 OK for: @keystatic/core@0.6.4 want: ^1.3.4
561 silly placeDep ROOT prosemirror-transform@1.12.0 OK for: @keystatic/core@0.6.4 want: ^1.7.1
562 silly placeDep ROOT prosemirror-view@1.42.2 OK for: @keystatic/core@0.6.4 want: ^1.30.2
563 silly placeDep ROOT react-aria@3.50.0 OK for: @keystatic/core@0.6.4 want: 3.50.0
564 silly placeDep ROOT react-stately@3.48.0 OK for: @keystatic/core@0.6.4 want: 3.48.0
565 silly placeDep ROOT scroll-into-view-if-needed@3.1.0 OK for: @keystatic/core@0.6.4 want: ^3.0.3
566 silly placeDep ROOT slate@0.91.4 OK for: @keystatic/core@0.6.4 want: ^0.91.4
567 silly placeDep ROOT slate-history@0.86.0 OK for: @keystatic/core@0.6.4 want: ^0.86.0
568 silly placeDep ROOT slate-react@0.91.11 OK for: @keystatic/core@0.6.4 want: ^0.91.9
569 silly placeDep ROOT superstruct@1.0.4 OK for: @keystatic/core@0.6.4 want: ^1.0.4
570 silly placeDep ROOT urql@4.2.2 OK for: @keystatic/core@0.6.4 want: ^4.1.0
571 silly placeDep ROOT y-prosemirror@1.3.7 OK for: @keystatic/core@0.6.4 want: ^1.2.2
572 silly placeDep ROOT y-protocols@1.0.7 OK for: y-prosemirror@1.3.7 want: ^1.0.1
573 silly fetch manifest tabbable@^6.0.1
574 silly packumentCache full:https://registry.npmjs.org/tabbable cache-miss
575 silly fetch manifest aria-hidden@^1.2.3
576 silly packumentCache full:https://registry.npmjs.org/aria-hidden cache-miss
577 silly fetch manifest @floating-ui/react-dom@^2.0.1
578 silly packumentCache full:https://registry.npmjs.org/@floating-ui%2freact-dom cache-miss
579 silly fetch manifest @swc/helpers@^0.5.0
580 silly packumentCache full:https://registry.npmjs.org/@swc%2fhelpers cache-miss
581 silly fetch manifest @swc/helpers@^0.5.0
582 silly packumentCache full:https://registry.npmjs.org/@swc%2fhelpers cache-miss
583 http fetch GET 200 https://registry.npmjs.org/aria-hidden 75ms (cache miss)
584 silly packumentCache full:https://registry.npmjs.org/aria-hidden set size:undefined disposed:false
585 silly fetch manifest @swc/helpers@^0.5.0
586 silly packumentCache full:https://registry.npmjs.org/@swc%2fhelpers cache-miss
587 http fetch GET 200 https://registry.npmjs.org/tabbable 100ms (cache miss)
588 silly packumentCache full:https://registry.npmjs.org/tabbable set size:undefined disposed:false
589 silly fetch manifest @emotion/cache@^11.14.0
590 silly packumentCache full:https://registry.npmjs.org/@emotion%2fcache cache-miss
591 http fetch GET 200 https://registry.npmjs.org/@floating-ui%2freact-dom 118ms (cache miss)
592 silly packumentCache full:https://registry.npmjs.org/@floating-ui%2freact-dom set size:undefined disposed:false
593 silly fetch manifest @emotion/serialize@^1.3.3
594 silly packumentCache full:https://registry.npmjs.org/@emotion%2fserialize cache-miss
595 http fetch GET 200 https://registry.npmjs.org/@swc%2fhelpers 138ms (cache miss)
596 silly packumentCache full:https://registry.npmjs.org/@swc%2fhelpers set size:undefined disposed:false
597 silly fetch manifest @emotion/sheet@^1.4.0
598 silly packumentCache full:https://registry.npmjs.org/@emotion%2fsheet cache-miss
599 http fetch GET 200 https://registry.npmjs.org/@swc%2fhelpers 154ms (cache miss)
600 silly packumentCache full:https://registry.npmjs.org/@swc%2fhelpers set size:undefined disposed:false
601 silly fetch manifest @emotion/utils@^1.4.2
602 silly packumentCache full:https://registry.npmjs.org/@emotion%2futils cache-miss
603 http fetch GET 200 https://registry.npmjs.org/@swc%2fhelpers 104ms (cache miss)
604 silly packumentCache full:https://registry.npmjs.org/@swc%2fhelpers set size:undefined disposed:false
605 silly fetch manifest facepaint@^1.2.1
606 silly packumentCache full:https://registry.npmjs.org/facepaint cache-miss
607 http fetch GET 200 https://registry.npmjs.org/@emotion%2fcache 97ms (cache miss)
608 silly packumentCache full:https://registry.npmjs.org/@emotion%2fcache set size:undefined disposed:false
609 silly fetch manifest @sindresorhus/transliterate@^0.1.1
610 silly packumentCache full:https://registry.npmjs.org/@sindresorhus%2ftransliterate cache-miss
611 http fetch GET 200 https://registry.npmjs.org/@emotion%2fserialize 99ms (cache miss)
612 silly packumentCache full:https://registry.npmjs.org/@emotion%2fserialize set size:undefined disposed:false
613 silly fetch manifest idb@^7.1.1
614 silly packumentCache full:https://registry.npmjs.org/idb cache-miss
615 http fetch GET 200 https://registry.npmjs.org/@emotion%2fsheet 91ms (cache miss)
616 silly packumentCache full:https://registry.npmjs.org/@emotion%2fsheet set size:undefined disposed:false
617 silly fetch manifest nanoid@^5.0.1
618 silly packumentCache full:https://registry.npmjs.org/nanoid cache-miss
619 http fetch GET 200 https://registry.npmjs.org/@emotion%2futils 101ms (cache miss)
620 silly packumentCache full:https://registry.npmjs.org/@emotion%2futils set size:undefined disposed:false
621 silly fetch manifest y-provider@0.10.0-canary.9
622 silly packumentCache full:https://registry.npmjs.org/y-provider cache-miss
623 http fetch GET 200 https://registry.npmjs.org/@sindresorhus%2ftransliterate 85ms (cache miss)
624 silly packumentCache full:https://registry.npmjs.org/@sindresorhus%2ftransliterate set size:undefined disposed:false
625 silly fetch manifest lib0@^0.2.99
626 silly packumentCache full:https://registry.npmjs.org/lib0 cache-miss
627 http cache https://registry.npmjs.org/lib0 9ms (cache hit)
628 silly packumentCache full:https://registry.npmjs.org/lib0 set size:1463367 disposed:false
629 silly fetch manifest graphql-tag@^2.12.6
630 silly packumentCache full:https://registry.npmjs.org/graphql-tag cache-miss
631 http fetch GET 200 https://registry.npmjs.org/nanoid 83ms (cache revalidated)
632 silly packumentCache full:https://registry.npmjs.org/nanoid set size:341137 disposed:false
633 silly fetch manifest @graphql-typed-document-node/core@^3.1.1
634 silly packumentCache full:https://registry.npmjs.org/@graphql-typed-document-node%2fcore cache-miss
635 http fetch GET 200 https://registry.npmjs.org/idb 110ms (cache miss)
636 silly packumentCache full:https://registry.npmjs.org/idb set size:undefined disposed:false
637 silly fetch manifest wonka@^6.3.2
638 silly packumentCache full:https://registry.npmjs.org/wonka cache-miss
639 http fetch GET 200 https://registry.npmjs.org/graphql-tag 80ms (cache miss)
640 silly packumentCache full:https://registry.npmjs.org/graphql-tag set size:undefined disposed:false
641 silly fetch manifest @0no-co/graphql.web@^1.0.13
642 silly packumentCache full:https://registry.npmjs.org/@0no-co%2fgraphql.web cache-miss
643 http fetch GET 200 https://registry.npmjs.org/wonka 76ms (cache miss)
644 silly packumentCache full:https://registry.npmjs.org/wonka set size:undefined disposed:false
645 silly fetch manifest @0no-co/graphql.web@^1.0.13
646 silly packumentCache full:https://registry.npmjs.org/@0no-co%2fgraphql.web cache-miss
647 http fetch GET 200 https://registry.npmjs.org/@graphql-typed-document-node%2fcore 106ms (cache miss)
648 silly packumentCache full:https://registry.npmjs.org/@graphql-typed-document-node%2fcore set size:undefined disposed:false
649 silly fetch manifest isomorphic.js@^0.2.4
650 silly packumentCache full:https://registry.npmjs.org/isomorphic.js cache-miss
651 http fetch GET 200 https://registry.npmjs.org/facepaint 262ms (cache miss)
652 silly packumentCache full:https://registry.npmjs.org/facepaint set size:undefined disposed:false
653 silly fetch manifest remove-accents@0.5.0
654 silly packumentCache full:https://registry.npmjs.org/remove-accents cache-miss
655 http fetch GET 200 https://registry.npmjs.org/@0no-co%2fgraphql.web 90ms (cache miss)
656 silly packumentCache full:https://registry.npmjs.org/@0no-co%2fgraphql.web set size:undefined disposed:false
657 silly fetch manifest brace-expansion@^2.0.2
658 silly packumentCache full:https://registry.npmjs.org/brace-expansion cache-miss
659 http fetch GET 200 https://registry.npmjs.org/@0no-co%2fgraphql.web 80ms (cache miss)
660 silly packumentCache full:https://registry.npmjs.org/@0no-co%2fgraphql.web set size:undefined disposed:false
661 silly fetch manifest event-target-shim@^6.0.2
662 silly packumentCache full:https://registry.npmjs.org/event-target-shim cache-miss
663 http fetch GET 200 https://registry.npmjs.org/remove-accents 76ms (cache miss)
664 silly packumentCache full:https://registry.npmjs.org/remove-accents set size:undefined disposed:false
665 silly fetch manifest prosemirror-model@^1.0.0
666 silly packumentCache full:https://registry.npmjs.org/prosemirror-model cache-miss
667 http cache https://registry.npmjs.org/prosemirror-model 7ms (cache hit)
668 silly packumentCache full:https://registry.npmjs.org/prosemirror-model set size:206120 disposed:false
669 silly fetch manifest prosemirror-state@^1.0.0
670 silly packumentCache full:https://registry.npmjs.org/prosemirror-state cache-miss
671 http cache https://registry.npmjs.org/prosemirror-state 5ms (cache hit)
672 silly packumentCache full:https://registry.npmjs.org/prosemirror-state set size:77139 disposed:false
673 silly fetch manifest prosemirror-transform@^1.10.2
674 silly packumentCache full:https://registry.npmjs.org/prosemirror-transform cache-miss
675 http cache https://registry.npmjs.org/prosemirror-transform 4ms (cache hit)
676 silly packumentCache full:https://registry.npmjs.org/prosemirror-transform set size:165710 disposed:false
677 silly fetch manifest prosemirror-state@^1.2.2
678 silly packumentCache full:https://registry.npmjs.org/prosemirror-state cache-hit
679 silly fetch manifest prosemirror-transform@^1.0.0
680 silly packumentCache full:https://registry.npmjs.org/prosemirror-transform cache-hit
681 silly fetch manifest prosemirror-view@^1.31.0
682 silly packumentCache full:https://registry.npmjs.org/prosemirror-view cache-miss
683 http cache https://registry.npmjs.org/prosemirror-view 7ms (cache hit)
684 silly packumentCache full:https://registry.npmjs.org/prosemirror-view set size:728612 disposed:false
685 silly fetch manifest rope-sequence@^1.3.0
686 silly packumentCache full:https://registry.npmjs.org/rope-sequence cache-miss
687 http fetch GET 200 https://registry.npmjs.org/brace-expansion 83ms (cache miss)
688 silly packumentCache full:https://registry.npmjs.org/brace-expansion set size:undefined disposed:false
689 silly fetch manifest w3c-keyname@^2.2.0
690 silly packumentCache full:https://registry.npmjs.org/w3c-keyname cache-miss
691 http fetch GET 200 https://registry.npmjs.org/event-target-shim 79ms (cache miss)
692 silly packumentCache full:https://registry.npmjs.org/event-target-shim set size:undefined disposed:false
693 silly fetch manifest orderedmap@^2.0.0
694 silly packumentCache full:https://registry.npmjs.org/orderedmap cache-miss
695 http fetch GET 200 https://registry.npmjs.org/y-provider 327ms (cache miss)
696 silly packumentCache full:https://registry.npmjs.org/y-provider set size:undefined disposed:false
697 silly fetch manifest prosemirror-view@^1.27.0
698 silly packumentCache full:https://registry.npmjs.org/prosemirror-view cache-hit
699 silly fetch manifest prosemirror-transform@^1.10.5
700 silly packumentCache full:https://registry.npmjs.org/prosemirror-transform cache-hit
701 silly fetch manifest prosemirror-view@^1.41.4
702 silly packumentCache full:https://registry.npmjs.org/prosemirror-view cache-hit
703 silly fetch manifest use-sync-external-store@^1.6.0
704 silly packumentCache full:https://registry.npmjs.org/use-sync-external-store cache-miss
705 http fetch GET 200 https://registry.npmjs.org/rope-sequence 72ms (cache miss)
706 silly packumentCache full:https://registry.npmjs.org/rope-sequence set size:undefined disposed:false
707 silly fetch manifest use-sync-external-store@^1.6.0
708 silly packumentCache full:https://registry.npmjs.org/use-sync-external-store cache-miss
709 http fetch GET 200 https://registry.npmjs.org/w3c-keyname 68ms (cache miss)
710 silly packumentCache full:https://registry.npmjs.org/w3c-keyname set size:undefined disposed:false
711 silly fetch manifest compute-scroll-into-view@^3.0.2
712 silly packumentCache full:https://registry.npmjs.org/compute-scroll-into-view cache-miss
713 http fetch GET 200 https://registry.npmjs.org/orderedmap 69ms (cache miss)
714 silly packumentCache full:https://registry.npmjs.org/orderedmap set size:undefined disposed:false
715 silly fetch manifest immer@^9.0.6
716 silly packumentCache full:https://registry.npmjs.org/immer cache-miss
717 http fetch GET 200 https://registry.npmjs.org/isomorphic.js 263ms (cache miss)
718 silly packumentCache full:https://registry.npmjs.org/isomorphic.js set size:undefined disposed:false
719 silly fetch manifest tiny-warning@^1.0.3
720 silly packumentCache full:https://registry.npmjs.org/tiny-warning cache-miss
721 http fetch GET 200 https://registry.npmjs.org/compute-scroll-into-view 85ms (cache miss)
722 silly packumentCache full:https://registry.npmjs.org/compute-scroll-into-view set size:undefined disposed:false
723 silly fetch manifest is-plain-object@^5.0.0
724 silly packumentCache full:https://registry.npmjs.org/is-plain-object cache-miss
725 http fetch GET 200 https://registry.npmjs.org/immer 109ms (cache miss)
726 silly packumentCache full:https://registry.npmjs.org/immer set size:undefined disposed:false
727 silly fetch manifest is-plain-object@^5.0.0
728 silly packumentCache full:https://registry.npmjs.org/is-plain-object cache-miss
729 http fetch GET 200 https://registry.npmjs.org/tiny-warning 88ms (cache miss)
730 silly packumentCache full:https://registry.npmjs.org/tiny-warning set size:undefined disposed:false
731 silly fetch manifest lodash@^4.17.4
732 silly packumentCache full:https://registry.npmjs.org/lodash cache-miss
733 http fetch GET 200 https://registry.npmjs.org/is-plain-object 78ms (cache miss)
734 silly packumentCache full:https://registry.npmjs.org/is-plain-object set size:undefined disposed:false
735 silly fetch manifest direction@^1.0.3
736 silly packumentCache full:https://registry.npmjs.org/direction cache-miss
737 http fetch GET 200 https://registry.npmjs.org/is-plain-object 71ms (cache miss)
738 silly packumentCache full:https://registry.npmjs.org/is-plain-object set size:undefined disposed:false
739 silly fetch manifest is-hotkey@^0.1.6
740 silly packumentCache full:https://registry.npmjs.org/is-hotkey cache-miss
741 http cache https://registry.npmjs.org/is-hotkey 13ms (cache hit)
742 silly packumentCache full:https://registry.npmjs.org/is-hotkey set size:39848 disposed:false
743 silly fetch manifest @types/lodash@^4.14.149
744 silly packumentCache full:https://registry.npmjs.org/@types%2flodash cache-miss
745 http fetch GET 200 https://registry.npmjs.org/lodash 88ms (cache miss)
746 silly packumentCache full:https://registry.npmjs.org/lodash set size:undefined disposed:false
747 silly fetch manifest tiny-invariant@1.0.6
748 silly packumentCache full:https://registry.npmjs.org/tiny-invariant cache-miss
749 http fetch GET 200 https://registry.npmjs.org/use-sync-external-store 290ms (cache miss)
750 silly packumentCache full:https://registry.npmjs.org/use-sync-external-store set size:undefined disposed:false
751 silly fetch manifest @types/is-hotkey@^0.1.1
752 silly packumentCache full:https://registry.npmjs.org/@types%2fis-hotkey cache-miss
753 http fetch GET 200 https://registry.npmjs.org/use-sync-external-store 279ms (cache miss)
754 silly packumentCache full:https://registry.npmjs.org/use-sync-external-store set size:undefined disposed:false
755 silly fetch manifest @juggle/resize-observer@^3.4.0
756 silly packumentCache full:https://registry.npmjs.org/@juggle%2fresize-observer cache-miss
757 http fetch GET 200 https://registry.npmjs.org/@types%2flodash 102ms (cache miss)
758 silly packumentCache full:https://registry.npmjs.org/@types%2flodash set size:undefined disposed:false
759 silly fetch manifest scroll-into-view-if-needed@^2.2.20
760 silly packumentCache full:https://registry.npmjs.org/scroll-into-view-if-needed cache-miss
761 http fetch GET 200 https://registry.npmjs.org/tiny-invariant 76ms (cache miss)
762 silly packumentCache full:https://registry.npmjs.org/tiny-invariant set size:undefined disposed:false
763 http cache https://registry.npmjs.org/scroll-into-view-if-needed 8ms (cache hit)
764 silly packumentCache full:https://registry.npmjs.org/scroll-into-view-if-needed set size:425726 disposed:false
765 http fetch GET 200 https://registry.npmjs.org/@juggle%2fresize-observer 113ms (cache miss)
766 silly packumentCache full:https://registry.npmjs.org/@juggle%2fresize-observer set size:undefined disposed:false
767 http fetch GET 200 https://registry.npmjs.org/direction 261ms (cache miss)
768 silly packumentCache full:https://registry.npmjs.org/direction set size:undefined disposed:false
769 http fetch GET 200 https://registry.npmjs.org/@types%2fis-hotkey 457ms (cache miss)
770 silly packumentCache full:https://registry.npmjs.org/@types%2fis-hotkey set size:undefined disposed:false
771 silly fetch manifest react@>=16.8.0
772 silly packumentCache full:https://registry.npmjs.org/react cache-miss
773 http cache https://registry.npmjs.org/react 24ms (cache hit)
774 silly packumentCache full:https://registry.npmjs.org/react set size:6868792 disposed:false
775 silly fetch manifest react-dom@>=16.8.0
776 silly packumentCache full:https://registry.npmjs.org/react-dom cache-miss
777 http cache https://registry.npmjs.org/react-dom 23ms (cache hit)
778 silly packumentCache full:https://registry.npmjs.org/react-dom set size:9221722 disposed:false
779 silly placeDep ROOT @floating-ui/react-dom@2.1.9 OK for: @floating-ui/react@0.24.8 want: ^2.0.1
780 silly placeDep ROOT aria-hidden@1.2.6 OK for: @floating-ui/react@0.24.8 want: ^1.2.3
781 silly placeDep ROOT tabbable@6.5.0 OK for: @floating-ui/react@0.24.8 want: ^6.0.1
782 silly fetch manifest @floating-ui/dom@^1.8.0
783 silly packumentCache full:https://registry.npmjs.org/@floating-ui%2fdom cache-miss
784 http fetch GET 200 https://registry.npmjs.org/@floating-ui%2fdom 114ms (cache miss)
785 silly packumentCache full:https://registry.npmjs.org/@floating-ui%2fdom set size:undefined disposed:false
786 silly placeDep ROOT @floating-ui/dom@1.8.0 OK for: @floating-ui/react-dom@2.1.9 want: ^1.8.0
787 silly fetch manifest @floating-ui/core@^1.8.0
788 silly packumentCache full:https://registry.npmjs.org/@floating-ui%2fcore cache-miss
789 silly fetch manifest @floating-ui/utils@^0.2.12
790 silly packumentCache full:https://registry.npmjs.org/@floating-ui%2futils cache-miss
791 http fetch GET 200 https://registry.npmjs.org/@floating-ui%2fcore 95ms (cache miss)
792 silly packumentCache full:https://registry.npmjs.org/@floating-ui%2fcore set size:undefined disposed:false
793 http fetch GET 200 https://registry.npmjs.org/@floating-ui%2futils 96ms (cache miss)
794 silly packumentCache full:https://registry.npmjs.org/@floating-ui%2futils set size:undefined disposed:false
795 silly placeDep ROOT @floating-ui/core@1.8.0 OK for: @floating-ui/dom@1.8.0 want: ^1.8.0
796 silly placeDep ROOT @floating-ui/utils@0.2.12 OK for: @floating-ui/dom@1.8.0 want: ^0.2.12
797 silly placeDep ROOT @swc/helpers@0.5.23 OK for: @internationalized/date@3.12.3 want: ^0.5.0
798 silly placeDep ROOT @emotion/cache@11.14.0 OK for: @keystar/ui@0.9.2 want: ^11.14.0
799 silly placeDep ROOT @emotion/serialize@1.3.3 OK for: @keystar/ui@0.9.2 want: ^1.3.3
800 silly placeDep ROOT @emotion/sheet@1.4.0 OK for: @keystar/ui@0.9.2 want: ^1.4.0
801 silly placeDep ROOT @emotion/utils@1.4.2 OK for: @keystar/ui@0.9.2 want: ^1.4.2
802 silly placeDep ROOT facepaint@1.2.1 OK for: @keystar/ui@0.9.2 want: ^1.2.1
803 silly fetch manifest stylis@4.2.0
804 silly packumentCache full:https://registry.npmjs.org/stylis cache-miss
805 silly fetch manifest @emotion/memoize@^0.9.0
806 silly packumentCache full:https://registry.npmjs.org/@emotion%2fmemoize cache-miss
807 silly fetch manifest @emotion/weak-memoize@^0.4.0
808 silly packumentCache full:https://registry.npmjs.org/@emotion%2fweak-memoize cache-miss
809 silly fetch manifest csstype@^3.0.2
810 silly packumentCache full:https://registry.npmjs.org/csstype cache-miss
811 silly fetch manifest @emotion/hash@^0.9.2
812 silly packumentCache full:https://registry.npmjs.org/@emotion%2fhash cache-miss
813 http cache https://registry.npmjs.org/@emotion%2fweak-memoize 8ms (cache hit)
814 silly packumentCache full:https://registry.npmjs.org/@emotion%2fweak-memoize set size:38234 disposed:false
815 silly fetch manifest @emotion/memoize@^0.9.0
816 silly packumentCache full:https://registry.npmjs.org/@emotion%2fmemoize cache-miss
817 http cache https://registry.npmjs.org/csstype 9ms (cache hit)
818 silly packumentCache full:https://registry.npmjs.org/csstype set size:274189 disposed:false
819 silly fetch manifest @emotion/unitless@^0.10.0
820 silly packumentCache full:https://registry.npmjs.org/@emotion%2funitless cache-miss
821 http fetch GET 200 https://registry.npmjs.org/stylis 85ms (cache miss)
822 silly packumentCache full:https://registry.npmjs.org/stylis set size:undefined disposed:false
823 http fetch GET 200 https://registry.npmjs.org/@emotion%2fmemoize 90ms (cache miss)
824 silly packumentCache full:https://registry.npmjs.org/@emotion%2fmemoize set size:undefined disposed:false
825 http fetch GET 200 https://registry.npmjs.org/@emotion%2fhash 109ms (cache miss)
826 silly packumentCache full:https://registry.npmjs.org/@emotion%2fhash set size:undefined disposed:false
827 http fetch GET 200 https://registry.npmjs.org/@emotion%2fmemoize 103ms (cache miss)
828 silly packumentCache full:https://registry.npmjs.org/@emotion%2fmemoize set size:undefined disposed:false
829 http fetch GET 200 https://registry.npmjs.org/@emotion%2funitless 270ms (cache miss)
830 silly packumentCache full:https://registry.npmjs.org/@emotion%2funitless set size:undefined disposed:false
831 silly placeDep ROOT @emotion/memoize@0.9.0 OK for: @emotion/cache@11.14.0 want: ^0.9.0
832 silly placeDep node_modules/@emotion/cache @emotion/weak-memoize@0.4.0 OK for: @emotion/cache@11.14.0 want: ^0.4.0
833 silly placeDep ROOT stylis@4.2.0 OK for: @emotion/cache@11.14.0 want: 4.2.0
834 silly placeDep ROOT @emotion/hash@0.9.2 OK for: @emotion/serialize@1.3.3 want: ^0.9.2
835 silly placeDep ROOT @emotion/unitless@0.10.0 OK for: @emotion/serialize@1.3.3 want: ^0.10.0
836 silly placeDep ROOT csstype@3.2.3 OK for: @emotion/serialize@1.3.3 want: ^3.0.2
837 silly placeDep ROOT @types/linkify-it@3.0.5 OK for: @markdoc/markdoc@0.5.9 want: ^3.0.1
838 silly placeDep ROOT @types/markdown-it@12.2.3 OK for: @markdoc/markdoc@0.5.9 want: 12.2.3
839 silly fetch manifest @types/mdurl@*
840 silly packumentCache full:https://registry.npmjs.org/@types%2fmdurl cache-miss
841 http fetch GET 200 https://registry.npmjs.org/@types%2fmdurl 72ms (cache miss)
842 silly packumentCache full:https://registry.npmjs.org/@types%2fmdurl set size:undefined disposed:false
843 silly placeDep ROOT @sindresorhus/transliterate@0.1.2 OK for: @sindresorhus/slugify@1.1.2 want: ^0.1.1
844 silly placeDep node_modules/@sindresorhus/slugify escape-string-regexp@4.0.0 OK for: @sindresorhus/slugify@1.1.2 want: ^4.0.0
845 silly fetch manifest lodash.deburr@^4.1.0
846 silly packumentCache full:https://registry.npmjs.org/lodash.deburr cache-miss
847 silly fetch manifest escape-string-regexp@^2.0.0
848 silly packumentCache full:https://registry.npmjs.org/escape-string-regexp cache-hit
849 http fetch GET 200 https://registry.npmjs.org/lodash.deburr 76ms (cache miss)
850 silly packumentCache full:https://registry.npmjs.org/lodash.deburr set size:undefined disposed:false
851 silly placeDep node_modules/@sindresorhus/transliterate escape-string-regexp@2.0.0 OK for: @sindresorhus/transliterate@0.1.2 want: ^2.0.0
852 silly placeDep ROOT lodash.deburr@4.1.0 OK for: @sindresorhus/transliterate@0.1.2 want: ^4.1.0
853 silly fetch manifest yjs@^13
854 silly packumentCache full:https://registry.npmjs.org/yjs cache-miss
855 http cache https://registry.npmjs.org/yjs 7ms (cache hit)
856 silly packumentCache full:https://registry.npmjs.org/yjs set size:1039519 disposed:false
857 silly placeDep ROOT idb@7.1.1 OK for: @toeverything/y-indexeddb@0.10.0-canary.9 want: ^7.1.1
858 silly placeDep node_modules/@toeverything/y-indexeddb nanoid@5.1.16 OK for: @toeverything/y-indexeddb@0.10.0-canary.9 want: ^5.0.1
859 silly placeDep ROOT y-provider@0.10.0-canary.9 OK for: @toeverything/y-indexeddb@0.10.0-canary.9 want: 0.10.0-canary.9
860 silly fetch manifest graphql@^0.9.0 || ^0.10.0 || ^0.11.0 || ^0.12.0 || ^0.13.0 || 14 || 15 || 16
861 silly packumentCache full:https://registry.npmjs.org/graphql cache-miss
862 http cache https://registry.npmjs.org/graphql 7ms (cache hit)
863 silly packumentCache full:https://registry.npmjs.org/graphql set size:886172 disposed:false
864 silly placeDep ROOT @graphql-typed-document-node/core@3.2.0 OK for: @ts-gql/tag@0.7.3 want: ^3.1.1
865 silly placeDep ROOT graphql-tag@2.12.7 OK for: @ts-gql/tag@0.7.3 want: ^2.12.6
866 silly placeDep ROOT @types/mdurl@2.0.0 OK for: @types/markdown-it@12.2.3 want: *
867 silly fetch manifest graphql@^14.0.0 || ^15.0.0 || ^16.0.0
868 silly packumentCache full:https://registry.npmjs.org/graphql cache-hit
869 silly placeDep ROOT @0no-co/graphql.web@1.3.3 OK for: @urql/core@5.2.0 want: ^1.0.13
870 silly placeDep ROOT wonka@6.3.6 OK for: @urql/core@5.2.0 want: ^6.3.2
871 silly placeDep ROOT @babel/core@7.29.7 OK for: @vitejs/plugin-react@5.2.0 want: ^7.29.0
872 silly placeDep ROOT @babel/plugin-transform-react-jsx-self@7.29.7 OK for: @vitejs/plugin-react@5.2.0 want: ^7.27.1
873 silly placeDep ROOT @babel/plugin-transform-react-jsx-source@7.29.7 OK for: @vitejs/plugin-react@5.2.0 want: ^7.27.1
874 silly placeDep node_modules/@vitejs/plugin-react @rolldown/pluginutils@1.0.0-rc.3 OK for: @vitejs/plugin-react@5.2.0 want: 1.0.0-rc.3
875 silly placeDep ROOT @types/babel__core@7.20.5 OK for: @vitejs/plugin-react@5.2.0 want: ^7.20.5
876 silly placeDep ROOT react-refresh@0.18.0 OK for: @vitejs/plugin-react@5.2.0 want: ^0.18.0
877 silly fetch manifest json5@^2.2.3
878 silly packumentCache full:https://registry.npmjs.org/json5 cache-miss
879 silly fetch manifest semver@^6.3.1
880 silly packumentCache full:https://registry.npmjs.org/semver cache-miss
881 silly fetch manifest gensync@^1.0.0-beta.2
882 silly packumentCache full:https://registry.npmjs.org/gensync cache-miss
883 silly fetch manifest @babel/helpers@^7.29.7
884 silly packumentCache full:https://registry.npmjs.org/@babel%2fhelpers cache-miss
885 silly fetch manifest @babel/template@^7.29.7
886 silly packumentCache full:https://registry.npmjs.org/@babel%2ftemplate cache-miss
887 http fetch GET 200 https://registry.npmjs.org/gensync 73ms (cache miss)
888 silly packumentCache full:https://registry.npmjs.org/gensync set size:undefined disposed:false
889 silly fetch manifest @babel/traverse@^7.29.7
890 silly packumentCache full:https://registry.npmjs.org/@babel%2ftraverse cache-miss
891 http fetch GET 200 https://registry.npmjs.org/semver 76ms (cache revalidated)
892 silly packumentCache full:https://registry.npmjs.org/semver set size:246069 disposed:false
893 silly fetch manifest @babel/generator@^7.29.7
894 silly packumentCache full:https://registry.npmjs.org/@babel%2fgenerator cache-miss
895 http fetch GET 200 https://registry.npmjs.org/json5 89ms (cache miss)
896 silly packumentCache full:https://registry.npmjs.org/json5 set size:undefined disposed:false
897 silly fetch manifest @babel/code-frame@^7.29.7
898 silly packumentCache full:https://registry.npmjs.org/@babel%2fcode-frame cache-miss
899 http fetch GET 200 https://registry.npmjs.org/@babel%2ftemplate 91ms (cache miss)
900 silly packumentCache full:https://registry.npmjs.org/@babel%2ftemplate set size:undefined disposed:false
901 silly fetch manifest convert-source-map@^2.0.0
902 silly packumentCache full:https://registry.npmjs.org/convert-source-map cache-miss
903 http fetch GET 200 https://registry.npmjs.org/@babel%2fhelpers 104ms (cache miss)
904 silly packumentCache full:https://registry.npmjs.org/@babel%2fhelpers set size:undefined disposed:false
905 silly fetch manifest @jridgewell/remapping@^2.3.5
906 silly packumentCache full:https://registry.npmjs.org/@jridgewell%2fremapping cache-miss
907 http fetch GET 200 https://registry.npmjs.org/@babel%2fgenerator 97ms (cache miss)
908 silly packumentCache full:https://registry.npmjs.org/@babel%2fgenerator set size:undefined disposed:false
909 silly fetch manifest @babel/helper-module-transforms@^7.29.7
910 silly packumentCache full:https://registry.npmjs.org/@babel%2fhelper-module-transforms cache-miss
911 http fetch GET 200 https://registry.npmjs.org/convert-source-map 86ms (cache miss)
912 silly packumentCache full:https://registry.npmjs.org/convert-source-map set size:undefined disposed:false
913 silly fetch manifest @babel/helper-compilation-targets@^7.29.7
914 silly packumentCache full:https://registry.npmjs.org/@babel%2fhelper-compilation-targets cache-miss
915 http fetch GET 200 https://registry.npmjs.org/@babel%2fcode-frame 97ms (cache miss)
916 silly packumentCache full:https://registry.npmjs.org/@babel%2fcode-frame set size:undefined disposed:false
917 silly fetch manifest @babel/helper-plugin-utils@^7.29.7
918 silly packumentCache full:https://registry.npmjs.org/@babel%2fhelper-plugin-utils cache-miss
919 http fetch GET 200 https://registry.npmjs.org/@babel%2ftraverse 116ms (cache miss)
920 silly packumentCache full:https://registry.npmjs.org/@babel%2ftraverse set size:undefined disposed:false
921 silly fetch manifest @babel/helper-plugin-utils@^7.29.7
922 silly packumentCache full:https://registry.npmjs.org/@babel%2fhelper-plugin-utils cache-miss
923 http fetch GET 200 https://registry.npmjs.org/@jridgewell%2fremapping 92ms (cache miss)
924 silly packumentCache full:https://registry.npmjs.org/@jridgewell%2fremapping set size:undefined disposed:false
925 silly fetch manifest @types/babel__template@*
926 silly packumentCache full:https://registry.npmjs.org/@types%2fbabel__template cache-miss
927 http fetch GET 200 https://registry.npmjs.org/@babel%2fhelper-compilation-targets 91ms (cache miss)
928 silly packumentCache full:https://registry.npmjs.org/@babel%2fhelper-compilation-targets set size:undefined disposed:false
929 silly fetch manifest @types/babel__traverse@*
930 silly packumentCache full:https://registry.npmjs.org/@types%2fbabel__traverse cache-miss
931 http fetch GET 200 https://registry.npmjs.org/@babel%2fhelper-plugin-utils 90ms (cache miss)
932 silly packumentCache full:https://registry.npmjs.org/@babel%2fhelper-plugin-utils set size:undefined disposed:false
933 silly fetch manifest @types/babel__generator@*
934 silly packumentCache full:https://registry.npmjs.org/@types%2fbabel__generator cache-miss
935 http fetch GET 200 https://registry.npmjs.org/@babel%2fhelper-module-transforms 102ms (cache miss)
936 silly packumentCache full:https://registry.npmjs.org/@babel%2fhelper-module-transforms set size:undefined disposed:false
937 http fetch GET 200 https://registry.npmjs.org/@babel%2fhelper-plugin-utils 97ms (cache miss)
938 silly packumentCache full:https://registry.npmjs.org/@babel%2fhelper-plugin-utils set size:undefined disposed:false
939 http fetch GET 200 https://registry.npmjs.org/@types%2fbabel__template 91ms (cache miss)
940 silly packumentCache full:https://registry.npmjs.org/@types%2fbabel__template set size:undefined disposed:false
941 http fetch GET 200 https://registry.npmjs.org/@types%2fbabel__traverse 75ms (cache miss)
942 silly packumentCache full:https://registry.npmjs.org/@types%2fbabel__traverse set size:undefined disposed:false
943 http fetch GET 200 https://registry.npmjs.org/@types%2fbabel__generator 83ms (cache miss)
944 silly packumentCache full:https://registry.npmjs.org/@types%2fbabel__generator set size:undefined disposed:false
945 silly fetch manifest @babel/core@^7.0.0
946 silly packumentCache full:https://registry.npmjs.org/@babel%2fcore cache-miss
947 http cache https://registry.npmjs.org/@babel%2fcore 6ms (cache hit)
948 silly packumentCache full:https://registry.npmjs.org/@babel%2fcore set size:788273 disposed:false
949 silly placeDep ROOT @babel/code-frame@7.29.7 OK for: @babel/core@7.29.7 want: ^7.29.7
950 silly placeDep ROOT @babel/generator@7.29.8 OK for: @babel/core@7.29.7 want: ^7.29.7
951 silly placeDep ROOT @babel/helper-compilation-targets@7.29.7 OK for: @babel/core@7.29.7 want: ^7.29.7
952 silly placeDep ROOT @babel/helper-module-transforms@7.29.7 OK for: @babel/core@7.29.7 want: ^7.29.7
953 silly placeDep ROOT @babel/helpers@7.29.7 OK for: @babel/core@7.29.7 want: ^7.29.7
954 silly placeDep ROOT @babel/template@7.29.7 OK for: @babel/core@7.29.7 want: ^7.29.7
955 silly placeDep ROOT @babel/traverse@7.29.8 OK for: @babel/core@7.29.7 want: ^7.29.7
956 silly placeDep ROOT @jridgewell/remapping@2.3.5 OK for: @babel/core@7.29.7 want: ^2.3.5
957 silly placeDep ROOT convert-source-map@2.0.0 OK for: @babel/core@7.29.7 want: ^2.0.0
958 silly placeDep ROOT gensync@1.0.0-beta.2 OK for: @babel/core@7.29.7 want: ^1.0.0-beta.2
959 silly placeDep ROOT json5@2.2.3 OK for: @babel/core@7.29.7 want: ^2.2.3
960 silly placeDep node_modules/@babel/core semver@6.3.1 OK for: @babel/core@7.29.7 want: ^6.3.1
961 silly fetch manifest js-tokens@^4.0.0
962 silly packumentCache full:https://registry.npmjs.org/js-tokens cache-miss
963 silly fetch manifest jsesc@^3.0.2
964 silly packumentCache full:https://registry.npmjs.org/jsesc cache-miss
965 silly fetch manifest @jridgewell/gen-mapping@^0.3.12
966 silly packumentCache full:https://registry.npmjs.org/@jridgewell%2fgen-mapping cache-miss
967 silly fetch manifest @jridgewell/trace-mapping@^0.3.28
968 silly packumentCache full:https://registry.npmjs.org/@jridgewell%2ftrace-mapping cache-miss
969 silly fetch manifest lru-cache@^5.1.1
970 silly packumentCache full:https://registry.npmjs.org/lru-cache cache-hit
971 silly fetch manifest browserslist@^4.24.0
972 silly packumentCache full:https://registry.npmjs.org/browserslist cache-miss
973 http fetch GET 200 https://registry.npmjs.org/js-tokens 79ms (cache miss)
974 silly packumentCache full:https://registry.npmjs.org/js-tokens set size:undefined disposed:false
975 silly fetch manifest @babel/compat-data@^7.29.7
976 silly packumentCache full:https://registry.npmjs.org/@babel%2fcompat-data cache-miss
977 http fetch GET 200 https://registry.npmjs.org/jsesc 85ms (cache miss)
978 silly packumentCache full:https://registry.npmjs.org/jsesc set size:undefined disposed:false
979 silly fetch manifest @babel/helper-validator-option@^7.29.7
980 silly packumentCache full:https://registry.npmjs.org/@babel%2fhelper-validator-option cache-miss
981 http fetch GET 200 https://registry.npmjs.org/@jridgewell%2ftrace-mapping 96ms (cache miss)
982 silly packumentCache full:https://registry.npmjs.org/@jridgewell%2ftrace-mapping set size:undefined disposed:false
983 silly fetch manifest @babel/helper-module-imports@^7.29.7
984 silly packumentCache full:https://registry.npmjs.org/@babel%2fhelper-module-imports cache-miss
985 http fetch GET 200 https://registry.npmjs.org/@jridgewell%2fgen-mapping 101ms (cache miss)
986 silly packumentCache full:https://registry.npmjs.org/@jridgewell%2fgen-mapping set size:undefined disposed:false
987 silly fetch manifest @babel/helper-globals@^7.29.7
988 silly packumentCache full:https://registry.npmjs.org/@babel%2fhelper-globals cache-miss
989 http fetch GET 200 https://registry.npmjs.org/browserslist 104ms (cache miss)
990 silly packumentCache full:https://registry.npmjs.org/browserslist set size:undefined disposed:false
991 silly fetch manifest @jridgewell/gen-mapping@^0.3.5
992 silly packumentCache full:https://registry.npmjs.org/@jridgewell%2fgen-mapping cache-miss
993 http cache https://registry.npmjs.org/@jridgewell%2fgen-mapping 5ms (cache hit)
994 silly packumentCache full:https://registry.npmjs.org/@jridgewell%2fgen-mapping set size:75941 disposed:false
995 silly fetch manifest @jridgewell/trace-mapping@^0.3.24
996 silly packumentCache full:https://registry.npmjs.org/@jridgewell%2ftrace-mapping cache-miss
997 http cache https://registry.npmjs.org/@jridgewell%2ftrace-mapping 5ms (cache hit)
998 silly packumentCache full:https://registry.npmjs.org/@jridgewell%2ftrace-mapping set size:170909 disposed:false
999 http fetch GET 200 https://registry.npmjs.org/@babel%2fcompat-data 82ms (cache miss)
1000 silly packumentCache full:https://registry.npmjs.org/@babel%2fcompat-data set size:undefined disposed:false
1001 http fetch GET 200 https://registry.npmjs.org/@babel%2fhelper-validator-option 91ms (cache miss)
1002 silly packumentCache full:https://registry.npmjs.org/@babel%2fhelper-validator-option set size:undefined disposed:false
1003 http fetch GET 200 https://registry.npmjs.org/@babel%2fhelper-module-imports 83ms (cache miss)
1004 silly packumentCache full:https://registry.npmjs.org/@babel%2fhelper-module-imports set size:undefined disposed:false
1005 http fetch GET 200 https://registry.npmjs.org/@babel%2fhelper-globals 83ms (cache miss)
1006 silly packumentCache full:https://registry.npmjs.org/@babel%2fhelper-globals set size:undefined disposed:false
1007 silly placeDep ROOT js-tokens@4.0.0 OK for: @babel/code-frame@7.29.7 want: ^4.0.0
1008 silly placeDep ROOT @jridgewell/gen-mapping@0.3.13 OK for: @babel/generator@7.29.8 want: ^0.3.12
1009 silly placeDep ROOT @jridgewell/trace-mapping@0.3.31 OK for: @babel/generator@7.29.8 want: ^0.3.28
1010 silly placeDep ROOT jsesc@3.1.0 OK for: @babel/generator@7.29.8 want: ^3.0.2
1011 silly fetch manifest @jridgewell/resolve-uri@^3.1.0
1012 silly packumentCache full:https://registry.npmjs.org/@jridgewell%2fresolve-uri cache-miss
1013 http fetch GET 200 https://registry.npmjs.org/@jridgewell%2fresolve-uri 85ms (cache miss)
1014 silly packumentCache full:https://registry.npmjs.org/@jridgewell%2fresolve-uri set size:undefined disposed:false
1015 silly placeDep ROOT @babel/compat-data@7.29.7 OK for: @babel/helper-compilation-targets@7.29.7 want: ^7.29.7
1016 silly placeDep ROOT @babel/helper-validator-option@7.29.7 OK for: @babel/helper-compilation-targets@7.29.7 want: ^7.29.7
1017 silly placeDep ROOT browserslist@4.28.7 OK for: @babel/helper-compilation-targets@7.29.7 want: ^4.24.0
1018 silly placeDep node_modules/@babel/helper-compilation-targets lru-cache@5.1.1 OK for: @babel/helper-compilation-targets@7.29.7 want: ^5.1.1
1019 silly placeDep node_modules/@babel/helper-compilation-targets semver@6.3.1 OK for: @babel/helper-compilation-targets@7.29.7 want: ^6.3.1
1020 silly fetch manifest caniuse-lite@^1.0.30001806
1021 silly packumentCache full:https://registry.npmjs.org/caniuse-lite cache-miss
1022 silly fetch manifest node-releases@^2.0.51
1023 silly packumentCache full:https://registry.npmjs.org/node-releases cache-miss
1024 silly fetch manifest electron-to-chromium@^1.5.393
1025 silly packumentCache full:https://registry.npmjs.org/electron-to-chromium cache-miss
1026 silly fetch manifest update-browserslist-db@^1.2.3
1027 silly packumentCache full:https://registry.npmjs.org/update-browserslist-db cache-miss
1028 silly fetch manifest baseline-browser-mapping@^2.10.44
1029 silly packumentCache full:https://registry.npmjs.org/baseline-browser-mapping cache-miss
1030 http fetch GET 200 https://registry.npmjs.org/update-browserslist-db 76ms (cache miss)
1031 silly packumentCache full:https://registry.npmjs.org/update-browserslist-db set size:undefined disposed:false
1032 silly fetch manifest yallist@^3.0.2
1033 silly packumentCache full:https://registry.npmjs.org/yallist cache-miss
1034 http fetch GET 200 https://registry.npmjs.org/baseline-browser-mapping 88ms (cache miss)
1035 silly packumentCache full:https://registry.npmjs.org/baseline-browser-mapping set size:undefined disposed:false
1036 http fetch GET 200 https://registry.npmjs.org/node-releases 99ms (cache miss)
1037 silly packumentCache full:https://registry.npmjs.org/node-releases set size:undefined disposed:false
1038 http fetch GET 200 https://registry.npmjs.org/caniuse-lite 139ms (cache miss)
1039 silly packumentCache full:https://registry.npmjs.org/caniuse-lite set size:undefined disposed:false
1040 http fetch GET 200 https://registry.npmjs.org/yallist 78ms (cache miss)
1041 silly packumentCache full:https://registry.npmjs.org/yallist set size:undefined disposed:false
1042 http fetch GET 200 https://registry.npmjs.org/electron-to-chromium 234ms (cache miss)
1043 silly packumentCache full:https://registry.npmjs.org/electron-to-chromium set size:undefined disposed:false
1044 silly placeDep ROOT @babel/helper-module-imports@7.29.7 OK for: @babel/helper-module-transforms@7.29.7 want: ^7.29.7
1045 silly placeDep ROOT @babel/helper-plugin-utils@7.29.7 OK for: @babel/plugin-transform-react-jsx-self@7.29.7 want: ^7.29.7
1046 silly placeDep ROOT @babel/helper-globals@7.29.7 OK for: @babel/traverse@7.29.8 want: ^7.29.7
1047 silly placeDep ROOT @jridgewell/resolve-uri@3.1.2 OK for: @jridgewell/trace-mapping@0.3.31 want: ^3.1.0
1048 silly placeDep ROOT @types/babel__generator@7.27.0 OK for: @types/babel__core@7.20.5 want: *
1049 silly placeDep ROOT @types/babel__template@7.4.4 OK for: @types/babel__core@7.20.5 want: *
1050 silly placeDep ROOT @types/babel__traverse@7.28.0 OK for: @types/babel__core@7.20.5 want: *
1051 silly fetch manifest browserslist@>= 4.21.0
1052 silly packumentCache full:https://registry.npmjs.org/browserslist cache-miss
1053 http cache https://registry.npmjs.org/browserslist 6ms (cache hit)
1054 silly packumentCache full:https://registry.npmjs.org/browserslist set size:516369 disposed:false
1055 silly placeDep ROOT baseline-browser-mapping@2.11.12 OK for: browserslist@4.28.7 want: ^2.10.44
1056 silly placeDep ROOT caniuse-lite@1.0.30001806 OK for: browserslist@4.28.7 want: ^1.0.30001806
1057 silly placeDep ROOT electron-to-chromium@1.5.402 OK for: browserslist@4.28.7 want: ^1.5.393
1058 silly placeDep ROOT node-releases@2.0.53 OK for: browserslist@4.28.7 want: ^2.0.51
1059 silly placeDep ROOT update-browserslist-db@1.2.3 OK for: browserslist@4.28.7 want: ^1.2.3
1060 silly fetch manifest escalade@^3.2.0
1061 silly packumentCache full:https://registry.npmjs.org/escalade cache-miss
1062 http fetch GET 200 https://registry.npmjs.org/escalade 67ms (cache miss)
1063 silly packumentCache full:https://registry.npmjs.org/escalade set size:undefined disposed:false
1064 silly placeDep node_modules/htmlparser2 domelementtype@3.0.0 OK for: htmlparser2@12.0.0 want: ^3.0.0
1065 silly placeDep node_modules/htmlparser2 domhandler@6.0.1 OK for: htmlparser2@12.0.0 want: ^6.0.0
1066 silly placeDep node_modules/htmlparser2 domutils@4.0.2 OK for: htmlparser2@12.0.0 want: ^4.0.2
1067 silly placeDep node_modules/htmlparser2 entities@8.0.0 OK for: htmlparser2@12.0.0 want: ^8.0.0
1068 silly fetch manifest dom-serializer@^3.0.0
1069 silly packumentCache full:https://registry.npmjs.org/dom-serializer cache-miss
1070 http fetch GET 200 https://registry.npmjs.org/dom-serializer 83ms (cache revalidated)
1071 silly packumentCache full:https://registry.npmjs.org/dom-serializer set size:61296 disposed:false
1072 silly placeDep ROOT isomorphic.js@0.2.5 OK for: lib0@0.2.117 want: ^0.2.4
1073 silly placeDep ROOT remove-accents@0.5.0 OK for: match-sorter@6.3.4 want: 0.5.0
1074 silly placeDep ROOT brace-expansion@2.1.4 OK for: minimatch@9.0.9 want: ^2.0.2
1075 silly fetch manifest balanced-match@^1.0.0
1076 silly packumentCache full:https://registry.npmjs.org/balanced-match cache-miss
1077 http fetch GET 200 https://registry.npmjs.org/balanced-match 68ms (cache miss)
1078 silly packumentCache full:https://registry.npmjs.org/balanced-match set size:undefined disposed:false
1079 silly placeDep ROOT balanced-match@1.0.2 OK for: brace-expansion@2.1.4 want: ^1.0.0
1080 silly placeDep ROOT event-target-shim@6.0.2 OK for: partysocket@0.0.22 want: ^6.0.2
1081 silly placeDep ROOT rope-sequence@1.3.4 OK for: prosemirror-history@1.5.0 want: ^1.3.0
1082 silly placeDep ROOT w3c-keyname@2.2.8 OK for: prosemirror-keymap@1.2.3 want: ^2.2.0
1083 silly placeDep ROOT orderedmap@2.1.1 OK for: prosemirror-model@1.25.11 want: ^2.0.0
1084 silly fetch manifest react@^16.8.0 || ^17.0.0-rc.1 || ^18.0.0 || ^19.0.0-rc.1
1085 silly packumentCache full:https://registry.npmjs.org/react cache-miss
1086 http cache https://registry.npmjs.org/react 20ms (cache hit)
1087 silly packumentCache full:https://registry.npmjs.org/react set size:6868792 disposed:false
1088 silly placeDep ROOT use-sync-external-store@1.6.0 OK for: react-aria@3.50.0 want: ^1.6.0
1089 silly placeDep ROOT scheduler@0.27.0 OK for: react-dom@19.2.8 want: ^0.27.0
1090 silly placeDep ROOT compute-scroll-into-view@3.1.1 OK for: scroll-into-view-if-needed@3.1.0 want: ^3.0.2
1091 silly placeDep ROOT immer@9.0.21 OK for: slate@0.91.4 want: ^9.0.6
1092 silly placeDep ROOT is-plain-object@5.0.0 OK for: slate@0.91.4 want: ^5.0.0
1093 silly placeDep ROOT tiny-warning@1.0.3 OK for: slate@0.91.4 want: ^1.0.3
1094 silly placeDep ROOT @juggle/resize-observer@3.4.0 OK for: slate-react@0.91.11 want: ^3.4.0
1095 silly placeDep ROOT @types/is-hotkey@0.1.10 OK for: slate-react@0.91.11 want: ^0.1.1
1096 silly placeDep ROOT @types/lodash@4.17.25 OK for: slate-react@0.91.11 want: ^4.14.149
1097 silly placeDep ROOT direction@1.0.4 OK for: slate-react@0.91.11 want: ^1.0.3
1098 silly placeDep node_modules/slate-react is-hotkey@0.1.8 OK for: slate-react@0.91.11 want: ^0.1.6
1099 silly placeDep ROOT lodash@4.18.1 OK for: slate-react@0.91.11 want: ^4.17.4
1100 silly placeDep node_modules/slate-react scroll-into-view-if-needed@2.2.31 OK for: slate-react@0.91.11 want: ^2.2.20
1101 silly placeDep ROOT tiny-invariant@1.0.6 OK for: slate-react@0.91.11 want: 1.0.6
1102 silly fetch manifest compute-scroll-into-view@^1.0.20
1103 silly packumentCache full:https://registry.npmjs.org/compute-scroll-into-view cache-miss
1104 http cache https://registry.npmjs.org/compute-scroll-into-view 5ms (cache hit)
1105 silly packumentCache full:https://registry.npmjs.org/compute-scroll-into-view set size:144606 disposed:false
1106 silly placeDep ROOT escalade@3.2.0 OK for: update-browserslist-db@1.2.3 want: ^3.2.0
1107 silly placeDep ROOT yallist@3.1.1 OK for: lru-cache@5.1.1 want: ^3.0.2
1108 silly placeDep node_modules/htmlparser2 dom-serializer@3.1.1 OK for: domutils@4.0.2 want: ^3.0.0
1109 silly placeDep node_modules/slate-react compute-scroll-into-view@1.0.20 OK for: scroll-into-view-if-needed@2.2.31 want: ^1.0.20
1110 silly reify moves {}
1111 silly audit bulk request {
1111 silly audit   '@astrojs/compiler-binding': [ '0.3.2' ],
1111 silly audit   '@astrojs/compiler-binding-darwin-arm64': [ '0.3.2' ],
1111 silly audit   '@astrojs/compiler-binding-darwin-x64': [ '0.3.2' ],
1111 silly audit   '@astrojs/compiler-binding-linux-arm64-gnu': [ '0.3.2' ],
1111 silly audit   '@astrojs/compiler-binding-linux-arm64-musl': [ '0.3.2' ],
1111 silly audit   '@astrojs/compiler-binding-linux-x64-gnu': [ '0.3.2' ],
1111 silly audit   '@astrojs/compiler-binding-linux-x64-musl': [ '0.3.2' ],
1111 silly audit   '@astrojs/compiler-binding-wasm32-wasi': [ '0.3.2' ],
1111 silly audit   '@astrojs/compiler-binding-win32-arm64-msvc': [ '0.3.2' ],
1111 silly audit   '@astrojs/compiler-binding-win32-x64-msvc': [ '0.3.2' ],
1111 silly audit   '@astrojs/compiler-rs': [ '0.3.2' ],
1111 silly audit   '@astrojs/internal-helpers': [ '0.10.2' ],
1111 silly audit   '@astrojs/markdown-remark': [ '7.2.2' ],
1111 silly audit   '@astrojs/markdown-satteri': [ '0.3.5' ],
1111 silly audit   '@astrojs/mdx': [ '7.0.5' ],
1111 silly audit   '@astrojs/prism': [ '4.0.2' ],
1111 silly audit   '@astrojs/telemetry': [ '3.3.3' ],
1111 silly audit   '@babel/helper-string-parser': [ '7.29.7' ],
1111 silly audit   '@babel/helper-validator-identifier': [ '7.29.7' ],
1111 silly audit   '@babel/parser': [ '7.29.8' ],
1111 silly audit   '@babel/types': [ '7.29.8' ],
1111 silly audit   '@bruits/satteri-darwin-arm64': [ '0.9.5' ],
1111 silly audit   '@bruits/satteri-darwin-x64': [ '0.9.5' ],
1111 silly audit   '@bruits/satteri-linux-arm64-gnu': [ '0.9.5' ],
1111 silly audit   '@bruits/satteri-linux-arm64-musl': [ '0.9.5' ],
1111 silly audit   '@bruits/satteri-linux-x64-gnu': [ '0.9.5' ],
1111 silly audit   '@bruits/satteri-linux-x64-musl': [ '0.9.5' ],
1111 silly audit   '@bruits/satteri-wasm32-wasi': [ '0.9.5' ],
1111 silly audit   '@emnapi/core': [ '1.11.1', '1.11.3' ],
1111 silly audit   '@emnapi/runtime': [ '1.11.1', '1.11.3' ],
1111 silly audit   '@emnapi/wasi-threads': [ '1.2.2', '1.2.3' ],
1111 silly audit   '@bruits/satteri-win32-arm64-msvc': [ '0.9.5' ],
1111 silly audit   '@bruits/satteri-win32-x64-msvc': [ '0.9.5' ],
1111 silly audit   '@capsizecss/unpack': [ '4.0.1' ],
1111 silly audit   '@clack/core': [ '1.4.3' ],
1111 silly audit   '@clack/prompts': [ '1.7.0' ],
1111 silly audit   '@esbuild/aix-ppc64': [ '0.28.1' ],
1111 silly audit   '@esbuild/android-arm': [ '0.28.1' ],
1111 silly audit   '@esbuild/android-arm64': [ '0.28.1' ],
1111 silly audit   '@esbuild/android-x64': [ '0.28.1' ],
1111 silly audit   '@esbuild/darwin-arm64': [ '0.28.1' ],
1111 silly audit   '@esbuild/darwin-x64': [ '0.28.1' ],
1111 silly audit   '@esbuild/freebsd-arm64': [ '0.28.1' ],
1111 silly audit   '@esbuild/freebsd-x64': [ '0.28.1' ],
1111 silly audit   '@esbuild/linux-arm': [ '0.28.1' ],
1111 silly audit   '@esbuild/linux-arm64': [ '0.28.1' ],
1111 silly audit   '@esbuild/linux-ia32': [ '0.28.1' ],
1111 silly audit   '@esbuild/linux-loong64': [ '0.28.1' ],
1111 silly audit   '@esbuild/linux-mips64el': [ '0.28.1' ],
1111 silly audit   '@esbuild/linux-ppc64': [ '0.28.1' ],
1111 silly audit   '@esbuild/linux-riscv64': [ '0.28.1' ],
1111 silly audit   '@esbuild/linux-s390x': [ '0.28.1' ],
1111 silly audit   '@esbuild/linux-x64': [ '0.28.1' ],
1111 silly audit   '@esbuild/netbsd-arm64': [ '0.28.1' ],
1111 silly audit   '@esbuild/netbsd-x64': [ '0.28.1' ],
1111 silly audit   '@esbuild/openbsd-arm64': [ '0.28.1' ],
1111 silly audit   '@esbuild/openbsd-x64': [ '0.28.1' ],
1111 silly audit   '@esbuild/openharmony-arm64': [ '0.28.1' ],
1111 silly audit   '@esbuild/sunos-x64': [ '0.28.1' ],
1111 silly audit   '@esbuild/win32-arm64': [ '0.28.1' ],
1111 silly audit   '@esbuild/win32-ia32': [ '0.28.1' ],
1111 silly audit   '@esbuild/win32-x64': [ '0.28.1' ],
1111 silly audit   '@img/colour': [ '1.1.0' ],
1111 silly audit   '@img/sharp-darwin-arm64': [ '0.35.3' ],
1111 silly audit   '@img/sharp-darwin-x64': [ '0.35.3' ],
1111 silly audit   '@img/sharp-freebsd-wasm32': [ '0.35.3' ],
1111 silly audit   '@img/sharp-libvips-darwin-arm64': [ '1.3.2' ],
1111 silly audit   '@img/sharp-libvips-darwin-x64': [ '1.3.2' ],
1111 silly audit   '@img/sharp-libvips-linux-arm': [ '1.3.2' ],
1111 silly audit   '@img/sharp-libvips-linux-arm64': [ '1.3.2' ],
1111 silly audit   '@img/sharp-libvips-linux-ppc64': [ '1.3.2' ],
1111 silly audit   '@img/sharp-libvips-linux-riscv64': [ '1.3.2' ],
1111 silly audit   '@img/sharp-libvips-linux-s390x': [ '1.3.2' ],
1111 silly audit   '@img/sharp-libvips-linux-x64': [ '1.3.2' ],
1111 silly audit   '@img/sharp-libvips-linuxmusl-arm64': [ '1.3.2' ],
1111 silly audit   '@img/sharp-libvips-linuxmusl-x64': [ '1.3.2' ],
1111 silly audit   '@img/sharp-linux-arm': [ '0.35.3' ],
1111 silly audit   '@img/sharp-linux-arm64': [ '0.35.3' ],
1111 silly audit   '@img/sharp-linux-ppc64': [ '0.35.3' ],
1111 silly audit   '@img/sharp-linux-riscv64': [ '0.35.3' ],
1111 silly audit   '@img/sharp-linux-s390x': [ '0.35.3' ],
1111 silly audit   '@img/sharp-linux-x64': [ '0.35.3' ],
1111 silly audit   '@img/sharp-linuxmusl-arm64': [ '0.35.3' ],
1111 silly audit   '@img/sharp-linuxmusl-x64': [ '0.35.3' ],
1111 silly audit   '@img/sharp-wasm32': [ '0.35.3' ],
1111 silly audit   '@img/sharp-webcontainers-wasm32': [ '0.35.3' ],
1111 silly audit   '@img/sharp-win32-arm64': [ '0.35.3' ],
1111 silly audit   '@img/sharp-win32-ia32': [ '0.35.3' ],
1111 silly audit   '@img/sharp-win32-x64': [ '0.35.3' ],
1111 silly audit   '@jridgewell/sourcemap-codec': [ '1.5.5' ],
1111 silly audit   '@mdx-js/mdx': [ '3.1.1' ],
1111 silly audit   '@napi-rs/wasm-runtime': [ '1.2.2' ],
1111 silly audit   '@oslojs/encoding': [ '1.1.0' ],
1111 silly audit   '@oxc-project/types': [ '0.143.0' ],
1111 silly audit   '@rolldown/binding-android-arm64': [ '1.2.3' ],
1111 silly audit   '@rolldown/binding-darwin-arm64': [ '1.2.3' ],
1111 silly audit   '@rolldown/binding-darwin-x64': [ '1.2.3' ],
1111 silly audit   '@rolldown/binding-freebsd-x64': [ '1.2.3' ],
1111 silly audit   '@rolldown/binding-linux-arm-gnueabihf': [ '1.2.3' ],
1111 silly audit   '@rolldown/binding-linux-arm64-gnu': [ '1.2.3' ],
1111 silly audit   '@rolldown/binding-linux-arm64-musl': [ '1.2.3' ],
1111 silly audit   '@rolldown/binding-linux-ppc64-gnu': [ '1.2.3' ],
1111 silly audit   '@rolldown/binding-linux-s390x-gnu': [ '1.2.3' ],
1111 silly audit   '@rolldown/binding-linux-x64-gnu': [ '1.2.3' ],
1111 silly audit   '@rolldown/binding-linux-x64-musl': [ '1.2.3' ],
1111 silly audit   '@rolldown/binding-openharmony-arm64': [ '1.2.3' ],
1111 silly audit   '@rolldown/binding-win32-arm64-msvc': [ '1.2.3' ],
1111 silly audit   '@rolldown/binding-win32-x64-msvc': [ '1.2.3' ],
1111 silly audit   '@rolldown/pluginutils': [ '1.0.1', '1.0.0-rc.3' ],
1111 silly audit   '@rollup/pluginutils': [ '5.4.0' ],
1111 silly audit   'estree-walker': [ '2.0.2', '3.0.3' ],
1111 silly audit   '@shikijs/core': [ '4.4.2' ],
1111 silly audit   '@shikijs/engine-javascript': [ '4.4.2' ],
1111 silly audit   '@shikijs/engine-oniguruma': [ '4.4.2' ],
1111 silly audit   '@shikijs/langs': [ '4.4.2' ],
1111 silly audit   '@shikijs/primitive': [ '4.4.2' ],
1111 silly audit   '@shikijs/themes': [ '4.4.2' ],
1111 silly audit   '@shikijs/types': [ '4.4.2' ],
1111 silly audit   '@shikijs/vscode-textmate': [ '10.0.2' ],
1111 silly audit   '@tybys/wasm-util': [ '0.10.3' ],
1111 silly audit   '@types/debug': [ '4.1.13' ],
1111 silly audit   '@types/estree': [ '1.0.9' ],
1111 silly audit   '@types/estree-jsx': [ '1.0.5' ],
1111 silly audit   '@types/hast': [ '3.0.5' ],
1111 silly audit   '@types/mdast': [ '4.0.4' ],
1111 silly audit   '@types/mdx': [ '2.0.14' ],
1111 silly audit   '@types/ms': [ '2.1.0' ],
1111 silly audit   '@types/nlcst': [ '2.0.3' ],
1111 silly audit   '@types/unist': [ '3.0.3', '2.0.11' ],
1111 silly audit   '@ungap/structured-clone': [ '1.3.3' ],
1111 silly audit   acorn: [ '8.18.0' ],
1111 silly audit   'acorn-jsx': [ '5.3.2' ],
1111 silly audit   'am-i-vibing': [ '0.4.0' ],
1111 silly audit   anymatch: [ '3.1.3' ],
1111 silly audit   picomatch: [ '2.3.2', '4.0.5' ],
1111 silly audit   argparse: [ '2.0.1' ],
1111 silly audit   'aria-query': [ '5.3.2' ],
1111 silly audit   'array-iterate': [ '2.0.1' ],
1111 silly audit   astring: [ '1.9.0' ],
1111 silly audit   astro: [ '7.1.6' ],
1111 silly audit   'axobject-query': [ '4.1.0' ],
1111 silly audit   bail: [ '2.0.2' ],
1111 silly audit   boolbase: [ '1.0.0' ],
1111 silly audit   ccount: [ '2.0.1' ],
1111 silly audit   'character-entities': [ '2.0.2' ],
1111 silly audit   'character-entities-html4': [ '2.1.0' ],
1111 silly audit   'character-entities-legacy': [ '3.0.0' ],
1111 silly audit   'character-reference-invalid': [ '2.0.1' ],
1111 silly audit   chokidar: [ '5.0.0' ],
1111 silly audit   'ci-info': [ '4.4.0' ],
1111 silly audit   clsx: [ '2.1.1' ],
1111 silly audit   'collapse-white-space': [ '2.1.0' ],
1111 silly audit   'comma-separated-tokens': [ '2.0.3' ],
1111 silly audit   commander: [ '11.1.0' ],
1111 silly audit   'common-ancestor-path': [ '2.0.0' ],
1111 silly audit   cookie: [ '2.0.1', '1.1.1' ],
1111 silly audit   'cookie-es': [ '1.2.3' ],
1111 silly audit   crossws: [ '0.3.5' ],
1111 silly audit   'css-select': [ '5.2.2' ],
1111 silly audit   'css-tree': [ '3.2.1', '2.2.1' ],
1111 silly audit   'css-what': [ '6.2.2' ],
1111 silly audit   csso: [ '5.0.5' ],
1111 silly audit   'mdn-data': [ '2.0.28', '2.27.1' ],
1111 silly audit   debug: [ '4.4.3' ],
1111 silly audit   'decode-named-character-reference': [ '1.3.0' ],
1111 silly audit   defu: [ '6.1.7' ],
1111 silly audit   dequal: [ '2.0.3' ],
1111 silly audit   destr: [ '2.0.5' ],
1111 silly audit   'detect-libc': [ '2.1.2' ],
1111 silly audit   devalue: [ '5.9.0' ],
1111 silly audit   devlop: [ '1.1.0' ],
1111 silly audit   diff: [ '8.0.4' ],
1111 silly audit   'dom-serializer': [ '2.0.0', '3.1.1' ],
1111 silly audit   entities: [ '4.5.0', '6.0.1', '8.0.0' ],
1111 silly audit   domelementtype: [ '2.3.0', '3.0.0' ],
1111 silly audit   domhandler: [ '5.0.3', '6.0.1' ],
1111 silly audit   domutils: [ '3.2.2', '4.0.2' ],
1111 silly audit   dset: [ '3.1.4' ],
1111 silly audit   'es-module-lexer': [ '2.3.1' ],
1111 silly audit   'esast-util-from-estree': [ '2.0.0' ],
1111 silly audit   'esast-util-from-js': [ '2.0.1' ],
1111 silly audit   esbuild: [ '0.28.1' ],
1111 silly audit   'escape-string-regexp': [ '5.0.0', '4.0.0', '2.0.0' ],
1111 silly audit   'estree-util-attach-comments': [ '3.0.0' ],
1111 silly audit   'estree-util-build-jsx': [ '3.0.1' ],
1111 silly audit   'estree-util-is-identifier-name': [ '3.0.0' ],
1111 silly audit   'estree-util-scope': [ '1.0.0' ],
1111 silly audit   'estree-util-to-js': [ '2.0.0' ],
1111 silly audit   'estree-util-visit': [ '2.0.0' ],
1111 silly audit   eventemitter3: [ '5.0.4' ],
1111 silly audit   extend: [ '3.0.2' ],
1111 silly audit   'fast-string-truncated-width': [ '3.0.3' ],
1111 silly audit   'fast-string-width': [ '3.0.2' ],
1111 silly audit   'fast-wrap-ansi': [ '0.2.2' ],
1111 silly audit   fdir: [ '6.5.0' ],
1111 silly audit   flattie: [ '1.1.1' ],
1111 silly audit   fontace: [ '0.4.1' ],
1111 silly audit   fontkitten: [ '1.0.3' ],
1111 silly audit   fsevents: [ '2.3.3' ],
1111 silly audit   'get-tsconfig': [ '5.0.0-beta.4' ],
1111 silly audit   'github-slugger': [ '2.0.0' ],
1111 silly audit   h3: [ '1.15.11' ],
1111 silly audit   'hast-util-from-html': [ '2.0.3' ],
1111 silly audit   'hast-util-from-parse5': [ '8.0.3' ],
1111 silly audit   'hast-util-is-element': [ '3.0.0' ],
1111 silly audit   'hast-util-parse-selector': [ '4.0.0' ],
1111 silly audit   'hast-util-raw': [ '9.1.0' ],
1111 silly audit   'hast-util-to-estree': [ '3.1.3' ],
1111 silly audit   'hast-util-to-html': [ '9.0.5' ],
1111 silly audit   'hast-util-to-jsx-runtime': [ '2.3.6' ],
1111 silly audit   'hast-util-to-parse5': [ '8.0.1' ],
1111 silly audit   'hast-util-to-text': [ '4.0.2' ],
1111 silly audit   'hast-util-whitespace': [ '3.0.0' ],
1111 silly audit   hastscript: [ '9.0.1' ],
1111 silly audit   'html-escaper': [ '3.0.3' ],
1111 silly audit   'html-void-elements': [ '3.0.0' ],
1111 silly audit   'http-cache-semantics': [ '4.2.0' ],
1111 silly audit   'inline-style-parser': [ '0.2.7' ],
1111 silly audit   'iron-webcrypto': [ '1.2.1' ],
1111 silly audit   'is-alphabetical': [ '2.0.1' ],
1111 silly audit   'is-alphanumerical': [ '2.0.1' ],
1111 silly audit   'is-decimal': [ '2.0.1' ],
1111 silly audit   'is-docker': [ '4.0.0' ],
1111 silly audit   'is-hexadecimal': [ '2.0.1' ],
1111 silly audit   'is-plain-obj': [ '4.1.0' ],
1111 silly audit   'js-yaml': [ '4.3.1' ],
1111 silly audit   'jsonc-parser': [ '3.3.1' ],
1111 silly audit   lightningcss: [ '1.33.0' ],
1111 silly audit   'lightningcss-android-arm64': [ '1.33.0' ],
1111 silly audit   'lightningcss-darwin-arm64': [ '1.33.0' ],
1111 silly audit   'lightningcss-darwin-x64': [ '1.33.0' ],
1111 silly audit   'lightningcss-freebsd-x64': [ '1.33.0' ],
1111 silly audit   'lightningcss-linux-arm-gnueabihf': [ '1.33.0' ],
1111 silly audit   'lightningcss-linux-arm64-gnu': [ '1.33.0' ],
1111 silly audit   'lightningcss-linux-arm64-musl': [ '1.33.0' ],
1111 silly audit   'lightningcss-linux-x64-gnu': [ '1.33.0' ],
1111 silly audit   'lightningcss-linux-x64-musl': [ '1.33.0' ],
1111 silly audit   'lightningcss-win32-arm64-msvc': [ '1.33.0' ],
1111 silly audit   'lightningcss-win32-x64-msvc': [ '1.33.0' ],
1111 silly audit   'longest-streak': [ '3.1.0' ],
1111 silly audit   'lru-cache': [ '11.5.2', '10.4.3', '5.1.1' ],
1111 silly audit   'magic-string': [ '1.1.0' ],
1111 silly audit   magicast: [ '0.5.4' ],
1111 silly audit   'markdown-extensions': [ '2.0.0' ],
1111 silly audit   'markdown-table': [ '3.0.4' ],
1111 silly audit   'mdast-util-definitions': [ '6.0.0' ],
1111 silly audit   'mdast-util-find-and-replace': [ '3.0.2' ],
1111 silly audit   'mdast-util-from-markdown': [ '2.0.3' ],
1111 silly audit   'mdast-util-gfm': [ '3.1.0' ],
1111 silly audit   'mdast-util-gfm-autolink-literal': [ '2.0.1' ],
1111 silly audit   'mdast-util-gfm-footnote': [ '2.1.0' ],
1111 silly audit   'mdast-util-gfm-strikethrough': [ '2.0.0' ],
1111 silly audit   'mdast-util-gfm-table': [ '2.0.0' ],
1111 silly audit   'mdast-util-gfm-task-list-item': [ '2.0.0' ],
1111 silly audit   'mdast-util-mdx': [ '3.0.0' ],
1111 silly audit   'mdast-util-mdx-expression': [ '2.0.1' ],
1111 silly audit   'mdast-util-mdx-jsx': [ '3.2.0' ],
1111 silly audit   'mdast-util-mdxjs-esm': [ '2.0.1' ],
1111 silly audit   'mdast-util-phrasing': [ '4.1.0' ],
1111 silly audit   'mdast-util-to-hast': [ '13.2.1' ],
1111 silly audit   'mdast-util-to-markdown': [ '2.1.2' ],
1111 silly audit   'mdast-util-to-string': [ '4.0.0' ],
1111 silly audit   micromark: [ '4.0.2' ],
1111 silly audit   'micromark-core-commonmark': [ '2.0.3' ],
1111 silly audit   'micromark-extension-gfm': [ '3.0.0' ],
1111 silly audit   'micromark-extension-gfm-autolink-literal': [ '2.1.0' ],
1111 silly audit   'micromark-extension-gfm-footnote': [ '2.1.0' ],
1111 silly audit   'micromark-extension-gfm-strikethrough': [ '2.1.0' ],
1111 silly audit   'micromark-extension-gfm-table': [ '2.1.1' ],
1111 silly audit   'micromark-extension-gfm-tagfilter': [ '2.0.0' ],
1111 silly audit   'micromark-extension-gfm-task-list-item': [ '2.1.0' ],
1111 silly audit   'micromark-extension-mdx-expression': [ '3.0.1' ],
1111 silly audit   'micromark-extension-mdx-jsx': [ '3.0.2' ],
1111 silly audit   'micromark-extension-mdx-md': [ '2.0.0' ],
1111 silly audit   'micromark-extension-mdxjs': [ '3.0.0' ],
1111 silly audit   'micromark-extension-mdxjs-esm': [ '3.0.0' ],
1111 silly audit   'micromark-factory-destination': [ '2.0.1' ],
1111 silly audit   'micromark-factory-label': [ '2.0.1' ],
1111 silly audit   'micromark-factory-mdx-expression': [ '2.0.3' ],
1111 silly audit   'micromark-factory-space': [ '2.0.1' ],
1111 silly audit   'micromark-factory-title': [ '2.0.1' ],
1111 silly audit   'micromark-factory-whitespace': [ '2.0.1' ],
1111 silly audit   'micromark-util-character': [ '2.1.1' ],
1111 silly audit   'micromark-util-chunked': [ '2.0.1' ],
1111 silly audit   'micromark-util-classify-character': [ '2.0.1' ],
1111 silly audit   'micromark-util-combine-extensions': [ '2.0.1' ],
1111 silly audit   'micromark-util-decode-numeric-character-reference': [ '2.0.2' ],
1111 silly audit   'micromark-util-decode-string': [ '2.0.1' ],
1111 silly audit   'micromark-util-encode': [ '2.0.1' ],
1111 silly audit   'micromark-util-events-to-acorn': [ '2.0.3' ],
1111 silly audit   'micromark-util-html-tag-name': [ '2.0.1' ],
1111 silly audit   'micromark-util-normalize-identifier': [ '2.0.1' ],
1111 silly audit   'micromark-util-resolve-all': [ '2.0.1' ],
1111 silly audit   'micromark-util-sanitize-uri': [ '2.0.1' ],
1111 silly audit   'micromark-util-subtokenize': [ '2.1.0' ],
1111 silly audit   'micromark-util-symbol': [ '2.0.1' ],
1111 silly audit   'micromark-util-types': [ '2.0.2' ],
1111 silly audit   mrmime: [ '2.0.1' ],
1111 silly audit   ms: [ '2.1.3' ],
1111 silly audit   nanoid: [ '3.3.17', '5.1.16' ],
1111 silly audit   neotraverse: [ '1.0.1' ],
1111 silly audit   'nlcst-to-string': [ '4.0.0' ],
1111 silly audit   'node-fetch-native': [ '1.6.7' ],
1111 silly audit   'node-mock-http': [ '1.0.5' ],
1111 silly audit   'normalize-path': [ '3.0.0' ],
1111 silly audit   'nth-check': [ '2.1.1' ],
1111 silly audit   obug: [ '2.1.4' ],
1111 silly audit   ofetch: [ '1.5.1' ],
1111 silly audit   ohash: [ '2.0.11' ],
1111 silly audit   'oniguruma-parser': [ '0.12.2' ],
1111 silly audit   'oniguruma-to-es': [ '4.3.6' ],
1111 silly audit   'p-limit': [ '7.3.1' ],
1111 silly audit   'p-queue': [ '9.3.3' ],
1111 silly audit   'p-timeout': [ '7.0.1' ],
1111 silly audit   'package-manager-detector': [ '1.8.0' ],
1111 silly audit   'parse-entities': [ '4.0.2' ],
1111 silly audit   'parse-latin': [ '7.0.0' ],
1111 silly audit   parse5: [ '7.3.0' ],
1111 silly audit   piccolore: [ '0.1.3' ],
1111 silly audit   picocolors: [ '1.1.1' ],
1111 silly audit   postcss: [ '8.5.25' ],
1111 silly audit   prismjs: [ '1.30.0' ],
1111 silly audit   'process-ancestry': [ '0.1.0' ],
1111 silly audit   'property-information': [ '7.2.0' ],
1111 silly audit   radix3: [ '1.1.2' ],
1111 silly audit   readdirp: [ '5.1.1' ],
1111 silly audit   'recma-build-jsx': [ '1.0.0' ],
1111 silly audit   'recma-jsx': [ '1.0.1' ],
1111 silly audit   'recma-parse': [ '1.0.0' ],
1111 silly audit   'recma-stringify': [ '1.0.0' ],
1111 silly audit   regex: [ '6.1.0' ],
1111 silly audit   'regex-recursion': [ '6.0.2' ],
1111 silly audit   'regex-utilities': [ '2.3.0' ],
1111 silly audit   'rehype-raw': [ '7.0.0' ],
1111 silly audit   'rehype-recma': [ '1.0.0' ],
1111 silly audit   'rehype-stringify': [ '10.0.1' ],
1111 silly audit   'remark-gfm': [ '4.0.1' ],
1111 silly audit   'remark-mdx': [ '3.1.1' ],
1111 silly audit   'remark-parse': [ '11.0.0' ],
1111 silly audit   'remark-rehype': [ '11.1.2' ],
1111 silly audit   'remark-smartypants': [ '3.0.3' ],
1111 silly audit   'remark-stringify': [ '11.0.0' ],
1111 silly audit   'resolve-pkg-maps': [ '1.0.0' ],
1111 silly audit   retext: [ '9.0.0' ],
1111 silly audit   'retext-latin': [ '4.0.0' ],
1111 silly audit   'retext-smartypants': [ '6.2.0' ],
1111 silly audit   'retext-stringify': [ '4.0.0' ],
1111 silly audit   rolldown: [ '1.2.3' ],
1111 silly audit   satteri: [ '0.9.5' ],
1111 silly audit   sax: [ '1.6.1' ],
1111 silly audit   semver: [ '7.8.5', '6.3.1' ],
1111 silly audit   sharp: [ '0.35.3' ],
1111 silly audit   shiki: [ '4.4.2' ],
1111 silly audit   sisteransi: [ '1.0.5' ],
1111 silly audit   'smol-toml': [ '1.7.1' ],
1111 silly audit   'source-map': [ '0.7.6' ],
1111 silly audit   'source-map-js': [ '1.2.1' ],
1111 silly audit   'space-separated-tokens': [ '2.0.2' ],
1111 silly audit   'stringify-entities': [ '4.0.4' ],
1111 silly audit   'style-to-js': [ '1.1.21' ],
1111 silly audit   'style-to-object': [ '1.0.14' ],
1111 silly audit   svgo: [ '4.0.2' ],
1111 silly audit   'tiny-inflate': [ '1.0.3' ],
1111 silly audit   tinyclip: [ '0.1.15' ],
1111 silly audit   tinyexec: [ '1.3.0' ],
1111 silly audit   tinyglobby: [ '0.2.17' ],
1111 silly audit   'trim-lines': [ '3.0.1' ],
1111 silly audit   trough: [ '2.2.0' ],
1111 silly audit   tslib: [ '2.8.1' ],
1111 silly audit   ufo: [ '1.6.4' ],
1111 silly audit   ultrahtml: [ '1.7.0' ],
1111 silly audit   uncrypto: [ '0.1.3' ],
1111 silly audit   unified: [ '11.0.5' ],
1111 silly audit   unifont: [ '0.7.4' ],
1111 silly audit   'unist-util-find-after': [ '5.0.0' ],
1111 silly audit   'unist-util-is': [ '6.0.1' ],
1111 silly audit   'unist-util-modify-children': [ '4.0.0' ],
1111 silly audit   'unist-util-position': [ '5.0.0' ],
1111 silly audit   'unist-util-position-from-estree': [ '2.0.0' ],
1111 silly audit   'unist-util-remove-position': [ '5.0.0' ],
1111 silly audit   'unist-util-stringify-position': [ '4.0.0' ],
1111 silly audit   'unist-util-visit': [ '5.1.0' ],
1111 silly audit   'unist-util-visit-children': [ '3.0.0' ],
1111 silly audit   'unist-util-visit-parents': [ '6.0.2' ],
1111 silly audit   unstorage: [ '1.17.5' ],
1111 silly audit   vfile: [ '6.0.3' ],
1111 silly audit   'vfile-location': [ '5.0.3' ],
1111 silly audit   'vfile-message': [ '4.0.3' ],
1111 silly audit   vite: [ '8.2.0' ],
1111 silly audit   vitefu: [ '1.1.3' ],
1111 silly audit   'web-namespaces': [ '2.0.1' ],
1111 silly audit   'xxhash-wasm': [ '1.1.0' ],
1111 silly audit   'yargs-parser': [ '22.0.0' ],
1111 silly audit   'yocto-queue': [ '1.2.2' ],
1111 silly audit   zod: [ '4.4.3' ],
1111 silly audit   zwitch: [ '2.0.4' ],
1111 silly audit   '@astrojs/markdoc': [ '2.0.6' ],
1111 silly audit   '@astrojs/react': [ '6.0.2' ],
1111 silly audit   react: [ '19.2.8' ],
1111 silly audit   'react-dom': [ '19.2.8' ],
1111 silly audit   '@types/react': [ '19.2.18' ],
1111 silly audit   '@types/react-dom': [ '19.2.4' ],
1111 silly audit   '@keystatic/astro': [ '5.2.0' ],
1111 silly audit   '@keystatic/core': [ '0.6.4' ],
1111 silly audit   '@markdoc/markdoc': [ '0.5.9', '0.4.0' ],
1111 silly audit   htmlparser2: [ '12.0.0' ],
1111 silly audit   '@vitejs/plugin-react': [ '5.2.0' ],
1111 silly audit   '@babel/runtime': [ '7.29.7' ],
1111 silly audit   'set-cookie-parser': [ '2.7.2' ],
1111 silly audit   '@braintree/sanitize-url': [ '6.0.4' ],
1111 silly audit   '@emotion/weak-memoize': [ '0.3.1', '0.4.0' ],
1111 silly audit   '@floating-ui/react': [ '0.24.8' ],
1111 silly audit   '@internationalized/date': [ '3.12.3' ],
1111 silly audit   '@internationalized/number': [ '3.6.7' ],
1111 silly audit   '@internationalized/string': [ '3.2.10' ],
1111 silly audit   '@keystar/ui': [ '0.9.2' ],
1111 silly audit   '@react-types/shared': [ '3.36.1' ],
1111 silly audit   '@sindresorhus/slugify': [ '1.1.2' ],
1111 silly audit   '@toeverything/y-indexeddb': [ '0.10.0-canary.9' ],
1111 silly audit   yjs: [ '13.6.32' ],
1111 silly audit   '@ts-gql/tag': [ '0.7.3' ],
1111 silly audit   graphql: [ '16.14.2' ],
1111 silly audit   '@urql/core': [ '5.2.0' ],
1111 silly audit   '@urql/exchange-auth': [ '2.2.1' ],
1111 silly audit   '@urql/exchange-graphcache': [ '7.2.4' ],
1111 silly audit   '@urql/exchange-persisted': [ '4.3.1' ],
1111 silly audit   emery: [ '1.4.4' ],
1111 silly audit   'fast-deep-equal': [ '3.1.3' ],
1111 silly audit   'idb-keyval': [ '6.3.0' ],
1111 silly audit   ignore: [ '5.3.2' ],
1111 silly audit   'is-hotkey': [ '0.2.0', '0.1.8' ],
1111 silly audit   lib0: [ '0.2.117' ],
1111 silly audit   'match-sorter': [ '6.3.4' ],
1111 silly audit   minimatch: [ '9.0.9' ],
1111 silly audit   partysocket: [ '0.0.22' ],
1111 silly audit   'prosemirror-commands': [ '1.7.2' ],
1111 silly audit   'prosemirror-history': [ '1.5.0' ],
1111 silly audit   'prosemirror-keymap': [ '1.2.3' ],
1111 silly audit   'prosemirror-model': [ '1.25.11' ],
1111 silly audit   'prosemirror-state': [ '1.4.4' ],
1111 silly audit   'prosemirror-tables': [ '1.8.5' ],
1111 silly audit   'prosemirror-transform': [ '1.12.0' ],
1111 silly audit   'prosemirror-view': [ '1.42.2' ],
1111 silly audit   'react-aria': [ '3.50.0' ],
1111 silly audit   'react-stately': [ '3.48.0' ],
1111 silly audit   'scroll-into-view-if-needed': [ '3.1.0', '2.2.31' ],
1111 silly audit   slate: [ '0.91.4' ],
1111 silly audit   'slate-history': [ '0.86.0' ],
1111 silly audit   'slate-react': [ '0.91.11' ],
1111 silly audit   superstruct: [ '1.0.4' ],
1111 silly audit   urql: [ '4.2.2' ],
1111 silly audit   'y-prosemirror': [ '1.3.7' ],
1111 silly audit   'y-protocols': [ '1.0.7' ],
1111 silly audit   '@floating-ui/react-dom': [ '2.1.9' ],
1111 silly audit   'aria-hidden': [ '1.2.6' ],
1111 silly audit   tabbable: [ '6.5.0' ],
1111 silly audit   '@floating-ui/dom': [ '1.8.0' ],
1111 silly audit   '@floating-ui/core': [ '1.8.0' ],
1111 silly audit   '@floating-ui/utils': [ '0.2.12' ],
1111 silly audit   '@swc/helpers': [ '0.5.23' ],
1111 silly audit   '@emotion/cache': [ '11.14.0' ],
1111 silly audit   '@emotion/serialize': [ '1.3.3' ],
1111 silly audit   '@emotion/sheet': [ '1.4.0' ],
1111 silly audit   '@emotion/utils': [ '1.4.2' ],
1111 silly audit   facepaint: [ '1.2.1' ],
1111 silly audit   '@emotion/memoize': [ '0.9.0' ],
1111 silly audit   stylis: [ '4.2.0' ],
1111 silly audit   '@emotion/hash': [ '0.9.2' ],
1111 silly audit   '@emotion/unitless': [ '0.10.0' ],
1111 silly audit   csstype: [ '3.2.3' ],
1111 silly audit   '@types/linkify-it': [ '3.0.5' ],
1111 silly audit   '@types/markdown-it': [ '12.2.3' ],
1111 silly audit   '@sindresorhus/transliterate': [ '0.1.2' ],
1111 silly audit   'lodash.deburr': [ '4.1.0' ],
1111 silly audit   idb: [ '7.1.1' ],
1111 silly audit   'y-provider': [ '0.10.0-canary.9' ],
1111 silly audit   '@graphql-typed-document-node/core': [ '3.2.0' ],
1111 silly audit   'graphql-tag': [ '2.12.7' ],
1111 silly audit   '@types/mdurl': [ '2.0.0' ],
1111 silly audit   '@0no-co/graphql.web': [ '1.3.3' ],
1111 silly audit   wonka: [ '6.3.6' ],
1111 silly audit   '@babel/core': [ '7.29.7' ],
1111 silly audit   '@babel/plugin-transform-react-jsx-self': [ '7.29.7' ],
1111 silly audit   '@babel/plugin-transform-react-jsx-source': [ '7.29.7' ],
1111 silly audit   '@types/babel__core': [ '7.20.5' ],
1111 silly audit   'react-refresh': [ '0.18.0' ],
1111 silly audit   '@babel/code-frame': [ '7.29.7' ],
1111 silly audit   '@babel/generator': [ '7.29.8' ],
1111 silly audit   '@babel/helper-compilation-targets': [ '7.29.7' ],
1111 silly audit   '@babel/helper-module-transforms': [ '7.29.7' ],
1111 silly audit   '@babel/helpers': [ '7.29.7' ],
1111 silly audit   '@babel/template': [ '7.29.7' ],
1111 silly audit   '@babel/traverse': [ '7.29.8' ],
1111 silly audit   '@jridgewell/remapping': [ '2.3.5' ],
1111 silly audit   'convert-source-map': [ '2.0.0' ],
1111 silly audit   gensync: [ '1.0.0-beta.2' ],
1111 silly audit   json5: [ '2.2.3' ],
1111 silly audit   'js-tokens': [ '4.0.0' ],
1111 silly audit   '@jridgewell/gen-mapping': [ '0.3.13' ],
1111 silly audit   '@jridgewell/trace-mapping': [ '0.3.31' ],
1111 silly audit   jsesc: [ '3.1.0' ],
1111 silly audit   '@babel/compat-data': [ '7.29.7' ],
1111 silly audit   '@babel/helper-validator-option': [ '7.29.7' ],
1111 silly audit   browserslist: [ '4.28.7' ],
1111 silly audit   '@babel/helper-module-imports': [ '7.29.7' ],
1111 silly audit   '@babel/helper-plugin-utils': [ '7.29.7' ],
1111 silly audit   '@babel/helper-globals': [ '7.29.7' ],
1111 silly audit   '@jridgewell/resolve-uri': [ '3.1.2' ],
1111 silly audit   '@types/babel__generator': [ '7.27.0' ],
1111 silly audit   '@types/babel__template': [ '7.4.4' ],
1111 silly audit   '@types/babel__traverse': [ '7.28.0' ],
1111 silly audit   'baseline-browser-mapping': [ '2.11.12' ],
1111 silly audit   'caniuse-lite': [ '1.0.30001806' ],
1111 silly audit   'electron-to-chromium': [ '1.5.402' ],
1111 silly audit   'node-releases': [ '2.0.53' ],
1111 silly audit   'update-browserslist-db': [ '1.2.3' ],
1111 silly audit   'isomorphic.js': [ '0.2.5' ],
1111 silly audit   'remove-accents': [ '0.5.0' ],
1111 silly audit   'brace-expansion': [ '2.1.4' ],
1111 silly audit   'balanced-match': [ '1.0.2' ],
1111 silly audit   'event-target-shim': [ '6.0.2' ],
1111 silly audit   'rope-sequence': [ '1.3.4' ],
1111 silly audit   'w3c-keyname': [ '2.2.8' ],
1111 silly audit   orderedmap: [ '2.1.1' ],
1111 silly audit   'use-sync-external-store': [ '1.6.0' ],
1111 silly audit   scheduler: [ '0.27.0' ],
1111 silly audit   'compute-scroll-into-view': [ '3.1.1', '1.0.20' ],
1111 silly audit   immer: [ '9.0.21' ],
1111 silly audit   'is-plain-object': [ '5.0.0' ],
1111 silly audit   'tiny-warning': [ '1.0.3' ],
1111 silly audit   '@juggle/resize-observer': [ '3.4.0' ],
1111 silly audit   '@types/is-hotkey': [ '0.1.10' ],
1111 silly audit   '@types/lodash': [ '4.17.25' ],
1111 silly audit   direction: [ '1.0.4' ],
1111 silly audit   lodash: [ '4.18.1' ],
1111 silly audit   'tiny-invariant': [ '1.0.6' ],
1111 silly audit   escalade: [ '3.2.0' ],
1111 silly audit   yallist: [ '3.1.1' ]
1111 silly audit }
1112 http cache yallist@https://registry.npmjs.org/yallist/-/yallist-3.1.1.tgz 0ms (cache hit)
1113 http cache escalade@https://registry.npmjs.org/escalade/-/escalade-3.2.0.tgz 0ms (cache hit)
1114 http cache lodash@https://registry.npmjs.org/lodash/-/lodash-4.18.1.tgz 0ms (cache hit)
1115 http cache tiny-invariant@https://registry.npmjs.org/tiny-invariant/-/tiny-invariant-1.0.6.tgz 0ms (cache hit)
1116 http cache direction@https://registry.npmjs.org/direction/-/direction-1.0.4.tgz 0ms (cache hit)
1117 http cache @juggle/resize-observer@https://registry.npmjs.org/@juggle/resize-observer/-/resize-observer-3.4.0.tgz 0ms (cache hit)
1118 http cache @types/lodash@https://registry.npmjs.org/@types/lodash/-/lodash-4.17.25.tgz 0ms (cache hit)
1119 http cache @types/is-hotkey@https://registry.npmjs.org/@types/is-hotkey/-/is-hotkey-0.1.10.tgz 0ms (cache hit)
1120 http cache tiny-warning@https://registry.npmjs.org/tiny-warning/-/tiny-warning-1.0.3.tgz 0ms (cache hit)
1121 http cache is-plain-object@https://registry.npmjs.org/is-plain-object/-/is-plain-object-5.0.0.tgz 0ms (cache hit)
1122 http cache scheduler@https://registry.npmjs.org/scheduler/-/scheduler-0.27.0.tgz 0ms (cache hit)
1123 http cache immer@https://registry.npmjs.org/immer/-/immer-9.0.21.tgz 0ms (cache hit)
1124 http cache use-sync-external-store@https://registry.npmjs.org/use-sync-external-store/-/use-sync-external-store-1.6.0.tgz 0ms (cache hit)
1125 http cache compute-scroll-into-view@https://registry.npmjs.org/compute-scroll-into-view/-/compute-scroll-into-view-3.1.1.tgz 0ms (cache hit)
1126 http cache w3c-keyname@https://registry.npmjs.org/w3c-keyname/-/w3c-keyname-2.2.8.tgz 0ms (cache hit)
1127 http cache orderedmap@https://registry.npmjs.org/orderedmap/-/orderedmap-2.1.1.tgz 0ms (cache hit)
1128 http cache event-target-shim@https://registry.npmjs.org/event-target-shim/-/event-target-shim-6.0.2.tgz 0ms (cache hit)
1129 http cache rope-sequence@https://registry.npmjs.org/rope-sequence/-/rope-sequence-1.3.4.tgz 0ms (cache hit)
1130 http cache balanced-match@https://registry.npmjs.org/balanced-match/-/balanced-match-1.0.2.tgz 0ms (cache hit)
1131 http cache brace-expansion@https://registry.npmjs.org/brace-expansion/-/brace-expansion-2.1.4.tgz 0ms (cache hit)
1132 http cache remove-accents@https://registry.npmjs.org/remove-accents/-/remove-accents-0.5.0.tgz 0ms (cache hit)
1133 http cache isomorphic.js@https://registry.npmjs.org/isomorphic.js/-/isomorphic.js-0.2.5.tgz 0ms (cache hit)
1134 http cache update-browserslist-db@https://registry.npmjs.org/update-browserslist-db/-/update-browserslist-db-1.2.3.tgz 0ms (cache hit)
1135 http cache node-releases@https://registry.npmjs.org/node-releases/-/node-releases-2.0.53.tgz 0ms (cache hit)
1136 http cache @types/babel__template@https://registry.npmjs.org/@types/babel__template/-/babel__template-7.4.4.tgz 0ms (cache hit)
1137 http cache electron-to-chromium@https://registry.npmjs.org/electron-to-chromium/-/electron-to-chromium-1.5.402.tgz 0ms (cache hit)
1138 http cache @types/babel__traverse@https://registry.npmjs.org/@types/babel__traverse/-/babel__traverse-7.28.0.tgz 0ms (cache hit)
1139 http cache caniuse-lite@https://registry.npmjs.org/caniuse-lite/-/caniuse-lite-1.0.30001806.tgz 0ms (cache hit)
1140 http cache baseline-browser-mapping@https://registry.npmjs.org/baseline-browser-mapping/-/baseline-browser-mapping-2.11.12.tgz 0ms (cache hit)
1141 http cache @types/babel__generator@https://registry.npmjs.org/@types/babel__generator/-/babel__generator-7.27.0.tgz 0ms (cache hit)
1142 http cache @jridgewell/resolve-uri@https://registry.npmjs.org/@jridgewell/resolve-uri/-/resolve-uri-3.1.2.tgz 0ms (cache hit)
1143 http cache browserslist@https://registry.npmjs.org/browserslist/-/browserslist-4.28.7.tgz 0ms (cache hit)
1144 http cache @babel/helper-globals@https://registry.npmjs.org/@babel/helper-globals/-/helper-globals-7.29.7.tgz 0ms (cache hit)
1145 http cache @babel/helper-plugin-utils@https://registry.npmjs.org/@babel/helper-plugin-utils/-/helper-plugin-utils-7.29.7.tgz 0ms (cache hit)
1146 http cache jsesc@https://registry.npmjs.org/jsesc/-/jsesc-3.1.0.tgz 0ms (cache hit)
1147 http cache @jridgewell/trace-mapping@https://registry.npmjs.org/@jridgewell/trace-mapping/-/trace-mapping-0.3.31.tgz 0ms (cache hit)
1148 http cache @babel/helper-validator-option@https://registry.npmjs.org/@babel/helper-validator-option/-/helper-validator-option-7.29.7.tgz 0ms (cache hit)
1149 http cache @babel/compat-data@https://registry.npmjs.org/@babel/compat-data/-/compat-data-7.29.7.tgz 0ms (cache hit)
1150 http cache js-tokens@https://registry.npmjs.org/js-tokens/-/js-tokens-4.0.0.tgz 0ms (cache hit)
1151 http cache @jridgewell/gen-mapping@https://registry.npmjs.org/@jridgewell/gen-mapping/-/gen-mapping-0.3.13.tgz 0ms (cache hit)
1152 http cache @babel/helper-module-imports@https://registry.npmjs.org/@babel/helper-module-imports/-/helper-module-imports-7.29.7.tgz 0ms (cache hit)
1153 http cache @jridgewell/remapping@https://registry.npmjs.org/@jridgewell/remapping/-/remapping-2.3.5.tgz 0ms (cache hit)
1154 http cache @babel/traverse@https://registry.npmjs.org/@babel/traverse/-/traverse-7.29.8.tgz 0ms (cache hit)
1155 http cache json5@https://registry.npmjs.org/json5/-/json5-2.2.3.tgz 0ms (cache hit)
1156 http cache convert-source-map@https://registry.npmjs.org/convert-source-map/-/convert-source-map-2.0.0.tgz 0ms (cache hit)
1157 http cache @babel/template@https://registry.npmjs.org/@babel/template/-/template-7.29.7.tgz 0ms (cache hit)
1158 http cache gensync@https://registry.npmjs.org/gensync/-/gensync-1.0.0-beta.2.tgz 0ms (cache hit)
1159 http cache @babel/helper-module-transforms@https://registry.npmjs.org/@babel/helper-module-transforms/-/helper-module-transforms-7.29.7.tgz 0ms (cache hit)
1160 http cache @babel/helper-compilation-targets@https://registry.npmjs.org/@babel/helper-compilation-targets/-/helper-compilation-targets-7.29.7.tgz 0ms (cache hit)
1161 http cache @babel/helpers@https://registry.npmjs.org/@babel/helpers/-/helpers-7.29.7.tgz 0ms (cache hit)
1162 http cache @babel/code-frame@https://registry.npmjs.org/@babel/code-frame/-/code-frame-7.29.7.tgz 0ms (cache hit)
1163 http cache @types/babel__core@https://registry.npmjs.org/@types/babel__core/-/babel__core-7.20.5.tgz 0ms (cache hit)
1164 http cache wonka@https://registry.npmjs.org/wonka/-/wonka-6.3.6.tgz 0ms (cache hit)
1165 http cache @babel/generator@https://registry.npmjs.org/@babel/generator/-/generator-7.29.8.tgz 0ms (cache hit)
1166 http cache @types/mdurl@https://registry.npmjs.org/@types/mdurl/-/mdurl-2.0.0.tgz 0ms (cache hit)
1167 http cache @babel/plugin-transform-react-jsx-self@https://registry.npmjs.org/@babel/plugin-transform-react-jsx-self/-/plugin-transform-react-jsx-self-7.29.7.tgz 0ms (cache hit)
1168 http cache @babel/plugin-transform-react-jsx-source@https://registry.npmjs.org/@babel/plugin-transform-react-jsx-source/-/plugin-transform-react-jsx-source-7.29.7.tgz 0ms (cache hit)
1169 http cache @babel/core@https://registry.npmjs.org/@babel/core/-/core-7.29.7.tgz 0ms (cache hit)
1170 http cache react-refresh@https://registry.npmjs.org/react-refresh/-/react-refresh-0.18.0.tgz 0ms (cache hit)
1171 http cache @0no-co/graphql.web@https://registry.npmjs.org/@0no-co/graphql.web/-/graphql.web-1.3.3.tgz 0ms (cache hit)
1172 http cache graphql-tag@https://registry.npmjs.org/graphql-tag/-/graphql-tag-2.12.7.tgz 0ms (cache hit)
1173 http cache @graphql-typed-document-node/core@https://registry.npmjs.org/@graphql-typed-document-node/core/-/core-3.2.0.tgz 0ms (cache hit)
1174 http cache @types/markdown-it@https://registry.npmjs.org/@types/markdown-it/-/markdown-it-12.2.3.tgz 0ms (cache hit)
1175 http cache lodash.deburr@https://registry.npmjs.org/lodash.deburr/-/lodash.deburr-4.1.0.tgz 0ms (cache hit)
1176 http cache y-provider@https://registry.npmjs.org/y-provider/-/y-provider-0.10.0-canary.9.tgz 0ms (cache hit)
1177 http cache @types/linkify-it@https://registry.npmjs.org/@types/linkify-it/-/linkify-it-3.0.5.tgz 0ms (cache hit)
1178 http cache idb@https://registry.npmjs.org/idb/-/idb-7.1.1.tgz 0ms (cache hit)
1179 http cache @emotion/unitless@https://registry.npmjs.org/@emotion/unitless/-/unitless-0.10.0.tgz 0ms (cache hit)
1180 http cache @sindresorhus/transliterate@https://registry.npmjs.org/@sindresorhus/transliterate/-/transliterate-0.1.2.tgz 0ms (cache hit)
1181 http cache csstype@https://registry.npmjs.org/csstype/-/csstype-3.2.3.tgz 0ms (cache hit)
1182 http cache @emotion/hash@https://registry.npmjs.org/@emotion/hash/-/hash-0.9.2.tgz 0ms (cache hit)
1183 http cache stylis@https://registry.npmjs.org/stylis/-/stylis-4.2.0.tgz 0ms (cache hit)
1184 http cache facepaint@https://registry.npmjs.org/facepaint/-/facepaint-1.2.1.tgz 0ms (cache hit)
1185 http cache @emotion/memoize@https://registry.npmjs.org/@emotion/memoize/-/memoize-0.9.0.tgz 0ms (cache hit)
1186 http cache @emotion/sheet@https://registry.npmjs.org/@emotion/sheet/-/sheet-1.4.0.tgz 0ms (cache hit)
1187 http cache @emotion/utils@https://registry.npmjs.org/@emotion/utils/-/utils-1.4.2.tgz 0ms (cache hit)
1188 http cache @swc/helpers@https://registry.npmjs.org/@swc/helpers/-/helpers-0.5.23.tgz 0ms (cache hit)
1189 http cache @floating-ui/utils@https://registry.npmjs.org/@floating-ui/utils/-/utils-0.2.12.tgz 0ms (cache hit)
1190 http cache @emotion/serialize@https://registry.npmjs.org/@emotion/serialize/-/serialize-1.3.3.tgz 0ms (cache hit)
1191 http cache @emotion/cache@https://registry.npmjs.org/@emotion/cache/-/cache-11.14.0.tgz 0ms (cache hit)
1192 http cache tabbable@https://registry.npmjs.org/tabbable/-/tabbable-6.5.0.tgz 0ms (cache hit)
1193 http cache aria-hidden@https://registry.npmjs.org/aria-hidden/-/aria-hidden-1.2.6.tgz 0ms (cache hit)
1194 http cache @floating-ui/core@https://registry.npmjs.org/@floating-ui/core/-/core-1.8.0.tgz 0ms (cache hit)
1195 http cache @floating-ui/dom@https://registry.npmjs.org/@floating-ui/dom/-/dom-1.8.0.tgz 0ms (cache hit)
1196 http cache @floating-ui/react-dom@https://registry.npmjs.org/@floating-ui/react-dom/-/react-dom-2.1.9.tgz 0ms (cache hit)
1197 http cache y-prosemirror@https://registry.npmjs.org/y-prosemirror/-/y-prosemirror-1.3.7.tgz 0ms (cache hit)
1198 http cache y-protocols@https://registry.npmjs.org/y-protocols/-/y-protocols-1.0.7.tgz 0ms (cache hit)
1199 http cache urql@https://registry.npmjs.org/urql/-/urql-4.2.2.tgz 0ms (cache hit)
1200 http cache superstruct@https://registry.npmjs.org/superstruct/-/superstruct-1.0.4.tgz 0ms (cache hit)
1201 http cache slate-history@https://registry.npmjs.org/slate-history/-/slate-history-0.86.0.tgz 1ms (cache hit)
1202 http cache slate@https://registry.npmjs.org/slate/-/slate-0.91.4.tgz 0ms (cache hit)
1203 http cache scroll-into-view-if-needed@https://registry.npmjs.org/scroll-into-view-if-needed/-/scroll-into-view-if-needed-3.1.0.tgz 0ms (cache hit)
1204 http cache slate-react@https://registry.npmjs.org/slate-react/-/slate-react-0.91.11.tgz 0ms (cache hit)
1205 http cache react-aria@https://registry.npmjs.org/react-aria/-/react-aria-3.50.0.tgz 0ms (cache hit)
1206 http cache react-stately@https://registry.npmjs.org/react-stately/-/react-stately-3.48.0.tgz 0ms (cache hit)
1207 http cache prosemirror-view@https://registry.npmjs.org/prosemirror-view/-/prosemirror-view-1.42.2.tgz 0ms (cache hit)
1208 http cache prosemirror-tables@https://registry.npmjs.org/prosemirror-tables/-/prosemirror-tables-1.8.5.tgz 0ms (cache hit)
1209 http cache prosemirror-transform@https://registry.npmjs.org/prosemirror-transform/-/prosemirror-transform-1.12.0.tgz 0ms (cache hit)
1210 http cache prosemirror-state@https://registry.npmjs.org/prosemirror-state/-/prosemirror-state-1.4.4.tgz 0ms (cache hit)
1211 http cache prosemirror-keymap@https://registry.npmjs.org/prosemirror-keymap/-/prosemirror-keymap-1.2.3.tgz 0ms (cache hit)
1212 http cache prosemirror-model@https://registry.npmjs.org/prosemirror-model/-/prosemirror-model-1.25.11.tgz 0ms (cache hit)
1213 http cache prosemirror-history@https://registry.npmjs.org/prosemirror-history/-/prosemirror-history-1.5.0.tgz 0ms (cache hit)
1214 http cache prosemirror-commands@https://registry.npmjs.org/prosemirror-commands/-/prosemirror-commands-1.7.2.tgz 0ms (cache hit)
1215 http cache partysocket@https://registry.npmjs.org/partysocket/-/partysocket-0.0.22.tgz 0ms (cache hit)
1216 http cache minimatch@https://registry.npmjs.org/minimatch/-/minimatch-9.0.9.tgz 0ms (cache hit)
1217 http cache match-sorter@https://registry.npmjs.org/match-sorter/-/match-sorter-6.3.4.tgz 0ms (cache hit)
1218 http cache lib0@https://registry.npmjs.org/lib0/-/lib0-0.2.117.tgz 0ms (cache hit)
1219 http cache is-hotkey@https://registry.npmjs.org/is-hotkey/-/is-hotkey-0.2.0.tgz 0ms (cache hit)
1220 http cache ignore@https://registry.npmjs.org/ignore/-/ignore-5.3.2.tgz 0ms (cache hit)
1221 http cache fast-deep-equal@https://registry.npmjs.org/fast-deep-equal/-/fast-deep-equal-3.1.3.tgz 0ms (cache hit)
1222 http cache @urql/exchange-persisted@https://registry.npmjs.org/@urql/exchange-persisted/-/exchange-persisted-4.3.1.tgz 0ms (cache hit)
1223 http cache idb-keyval@https://registry.npmjs.org/idb-keyval/-/idb-keyval-6.3.0.tgz 0ms (cache hit)
1224 http cache emery@https://registry.npmjs.org/emery/-/emery-1.4.4.tgz 0ms (cache hit)
1225 http cache graphql@https://registry.npmjs.org/graphql/-/graphql-16.14.2.tgz 0ms (cache hit)
1226 http cache @urql/exchange-graphcache@https://registry.npmjs.org/@urql/exchange-graphcache/-/exchange-graphcache-7.2.4.tgz 0ms (cache hit)
1227 http cache @urql/exchange-auth@https://registry.npmjs.org/@urql/exchange-auth/-/exchange-auth-2.2.1.tgz 0ms (cache hit)
1228 http cache @urql/core@https://registry.npmjs.org/@urql/core/-/core-5.2.0.tgz 0ms (cache hit)
1229 http cache @ts-gql/tag@https://registry.npmjs.org/@ts-gql/tag/-/tag-0.7.3.tgz 0ms (cache hit)
1230 http cache yjs@https://registry.npmjs.org/yjs/-/yjs-13.6.32.tgz 0ms (cache hit)
1231 http cache @sindresorhus/slugify@https://registry.npmjs.org/@sindresorhus/slugify/-/slugify-1.1.2.tgz 0ms (cache hit)
1232 http cache @toeverything/y-indexeddb@https://registry.npmjs.org/@toeverything/y-indexeddb/-/y-indexeddb-0.10.0-canary.9.tgz 0ms (cache hit)
1233 http cache @react-types/shared@https://registry.npmjs.org/@react-types/shared/-/shared-3.36.1.tgz 0ms (cache hit)
1234 http cache @keystar/ui@https://registry.npmjs.org/@keystar/ui/-/ui-0.9.2.tgz 0ms (cache hit)
1235 http cache @floating-ui/react@https://registry.npmjs.org/@floating-ui/react/-/react-0.24.8.tgz 0ms (cache hit)
1236 http cache @internationalized/string@https://registry.npmjs.org/@internationalized/string/-/string-3.2.10.tgz 0ms (cache hit)
1237 http cache @emotion/weak-memoize@https://registry.npmjs.org/@emotion/weak-memoize/-/weak-memoize-0.3.1.tgz 0ms (cache hit)
1238 http cache @internationalized/date@https://registry.npmjs.org/@internationalized/date/-/date-3.12.3.tgz 0ms (cache hit)
1239 http cache @internationalized/number@https://registry.npmjs.org/@internationalized/number/-/number-3.6.7.tgz 0ms (cache hit)
1240 http cache @braintree/sanitize-url@https://registry.npmjs.org/@braintree/sanitize-url/-/sanitize-url-6.0.4.tgz 0ms (cache hit)
1241 http cache @babel/runtime@https://registry.npmjs.org/@babel/runtime/-/runtime-7.29.7.tgz 0ms (cache hit)
1242 http cache @vitejs/plugin-react@https://registry.npmjs.org/@vitejs/plugin-react/-/plugin-react-5.2.0.tgz 0ms (cache hit)
1243 http cache set-cookie-parser@https://registry.npmjs.org/set-cookie-parser/-/set-cookie-parser-2.7.2.tgz 0ms (cache hit)
1244 http cache @markdoc/markdoc@https://registry.npmjs.org/@markdoc/markdoc/-/markdoc-0.5.9.tgz 0ms (cache hit)
1245 http cache htmlparser2@https://registry.npmjs.org/htmlparser2/-/htmlparser2-12.0.0.tgz 0ms (cache hit)
1246 http cache @keystatic/core@https://registry.npmjs.org/@keystatic/core/-/core-0.6.4.tgz 0ms (cache hit)
1247 http cache @keystatic/astro@https://registry.npmjs.org/@keystatic/astro/-/astro-5.2.0.tgz 0ms (cache hit)
1248 http cache @types/react-dom@https://registry.npmjs.org/@types/react-dom/-/react-dom-19.2.4.tgz 0ms (cache hit)
1249 http cache @types/react@https://registry.npmjs.org/@types/react/-/react-19.2.18.tgz 0ms (cache hit)
1250 http cache @astrojs/react@https://registry.npmjs.org/@astrojs/react/-/react-6.0.2.tgz 0ms (cache hit)
1251 http cache react-dom@https://registry.npmjs.org/react-dom/-/react-dom-19.2.8.tgz 0ms (cache hit)
1252 http cache @astrojs/markdoc@https://registry.npmjs.org/@astrojs/markdoc/-/markdoc-2.0.6.tgz 0ms (cache hit)
1253 http cache react@https://registry.npmjs.org/react/-/react-19.2.8.tgz 0ms (cache hit)
1254 http cache tslib@https://registry.npmjs.org/tslib/-/tslib-2.8.1.tgz 0ms (cache hit)
1255 http cache semver@https://registry.npmjs.org/semver/-/semver-6.3.1.tgz 0ms (cache hit)
1256 http cache semver@https://registry.npmjs.org/semver/-/semver-6.3.1.tgz 0ms (cache hit)
1257 http cache lru-cache@https://registry.npmjs.org/lru-cache/-/lru-cache-5.1.1.tgz 0ms (cache hit)
1258 http cache escape-string-regexp@https://registry.npmjs.org/escape-string-regexp/-/escape-string-regexp-2.0.0.tgz 0ms (cache hit)
1259 http cache @emotion/weak-memoize@https://registry.npmjs.org/@emotion/weak-memoize/-/weak-memoize-0.4.0.tgz 0ms (cache hit)
1260 http cache nanoid@https://registry.npmjs.org/nanoid/-/nanoid-5.1.16.tgz 0ms (cache hit)
1261 http cache escape-string-regexp@https://registry.npmjs.org/escape-string-regexp/-/escape-string-regexp-4.0.0.tgz 0ms (cache hit)
1262 http cache scroll-into-view-if-needed@https://registry.npmjs.org/scroll-into-view-if-needed/-/scroll-into-view-if-needed-2.2.31.tgz 0ms (cache hit)
1263 http cache compute-scroll-into-view@https://registry.npmjs.org/compute-scroll-into-view/-/compute-scroll-into-view-1.0.20.tgz 0ms (cache hit)
1264 http cache is-hotkey@https://registry.npmjs.org/is-hotkey/-/is-hotkey-0.1.8.tgz 0ms (cache hit)
1265 http cache @rolldown/pluginutils@https://registry.npmjs.org/@rolldown/pluginutils/-/pluginutils-1.0.0-rc.3.tgz 0ms (cache hit)
1266 http cache domutils@https://registry.npmjs.org/domutils/-/domutils-4.0.2.tgz 0ms (cache hit)
1267 http cache dom-serializer@https://registry.npmjs.org/dom-serializer/-/dom-serializer-3.1.1.tgz 0ms (cache hit)
1268 http cache domhandler@https://registry.npmjs.org/domhandler/-/domhandler-6.0.1.tgz 0ms (cache hit)
1269 http cache entities@https://registry.npmjs.org/entities/-/entities-8.0.0.tgz 0ms (cache hit)
1270 http cache domelementtype@https://registry.npmjs.org/domelementtype/-/domelementtype-3.0.0.tgz 0ms (cache hit)
1271 http cache @markdoc/markdoc@https://registry.npmjs.org/@markdoc/markdoc/-/markdoc-0.4.0.tgz 0ms (cache hit)
1272 silly tarball no local data for yallist@https://registry.npmjs.org/yallist/-/yallist-3.1.1.tgz. Extracting by manifest.
1273 silly tarball no local data for escalade@https://registry.npmjs.org/escalade/-/escalade-3.2.0.tgz. Extracting by manifest.
1274 silly tarball no local data for lodash@https://registry.npmjs.org/lodash/-/lodash-4.18.1.tgz. Extracting by manifest.
1275 silly tarball no local data for tiny-invariant@https://registry.npmjs.org/tiny-invariant/-/tiny-invariant-1.0.6.tgz. Extracting by manifest.
1276 silly tarball no local data for direction@https://registry.npmjs.org/direction/-/direction-1.0.4.tgz. Extracting by manifest.
1277 silly tarball no local data for @juggle/resize-observer@https://registry.npmjs.org/@juggle/resize-observer/-/resize-observer-3.4.0.tgz. Extracting by manifest.
1278 silly tarball no local data for @types/lodash@https://registry.npmjs.org/@types/lodash/-/lodash-4.17.25.tgz. Extracting by manifest.
1279 silly tarball no local data for @types/is-hotkey@https://registry.npmjs.org/@types/is-hotkey/-/is-hotkey-0.1.10.tgz. Extracting by manifest.
1280 silly tarball no local data for tiny-warning@https://registry.npmjs.org/tiny-warning/-/tiny-warning-1.0.3.tgz. Extracting by manifest.
1281 silly tarball no local data for is-plain-object@https://registry.npmjs.org/is-plain-object/-/is-plain-object-5.0.0.tgz. Extracting by manifest.
1282 silly tarball no local data for scheduler@https://registry.npmjs.org/scheduler/-/scheduler-0.27.0.tgz. Extracting by manifest.
1283 silly tarball no local data for immer@https://registry.npmjs.org/immer/-/immer-9.0.21.tgz. Extracting by manifest.
1284 silly tarball no local data for use-sync-external-store@https://registry.npmjs.org/use-sync-external-store/-/use-sync-external-store-1.6.0.tgz. Extracting by manifest.
1285 silly tarball no local data for compute-scroll-into-view@https://registry.npmjs.org/compute-scroll-into-view/-/compute-scroll-into-view-3.1.1.tgz. Extracting by manifest.
1286 silly tarball no local data for w3c-keyname@https://registry.npmjs.org/w3c-keyname/-/w3c-keyname-2.2.8.tgz. Extracting by manifest.
1287 http cache lru-cache@https://registry.npmjs.org/lru-cache/-/lru-cache-10.4.3.tgz 0ms (cache hit)
1288 silly tarball no local data for orderedmap@https://registry.npmjs.org/orderedmap/-/orderedmap-2.1.1.tgz. Extracting by manifest.
1289 silly tarball no local data for event-target-shim@https://registry.npmjs.org/event-target-shim/-/event-target-shim-6.0.2.tgz. Extracting by manifest.
1290 silly tarball no local data for rope-sequence@https://registry.npmjs.org/rope-sequence/-/rope-sequence-1.3.4.tgz. Extracting by manifest.
1291 silly tarball no local data for balanced-match@https://registry.npmjs.org/balanced-match/-/balanced-match-1.0.2.tgz. Extracting by manifest.
1292 silly tarball no local data for brace-expansion@https://registry.npmjs.org/brace-expansion/-/brace-expansion-2.1.4.tgz. Extracting by manifest.
1293 silly tarball no local data for remove-accents@https://registry.npmjs.org/remove-accents/-/remove-accents-0.5.0.tgz. Extracting by manifest.
1294 silly tarball no local data for isomorphic.js@https://registry.npmjs.org/isomorphic.js/-/isomorphic.js-0.2.5.tgz. Extracting by manifest.
1295 http cache cookie@https://registry.npmjs.org/cookie/-/cookie-1.1.1.tgz 0ms (cache hit)
1296 silly tarball no local data for update-browserslist-db@https://registry.npmjs.org/update-browserslist-db/-/update-browserslist-db-1.2.3.tgz. Extracting by manifest.
1297 http cache escape-string-regexp@https://registry.npmjs.org/escape-string-regexp/-/escape-string-regexp-4.0.0.tgz 1ms (cache hit)
1298 silly tarball no local data for node-releases@https://registry.npmjs.org/node-releases/-/node-releases-2.0.53.tgz. Extracting by manifest.
1299 silly tarball no local data for @types/babel__template@https://registry.npmjs.org/@types/babel__template/-/babel__template-7.4.4.tgz. Extracting by manifest.
1300 silly tarball no local data for electron-to-chromium@https://registry.npmjs.org/electron-to-chromium/-/electron-to-chromium-1.5.402.tgz. Extracting by manifest.
1301 silly tarball no local data for @types/babel__traverse@https://registry.npmjs.org/@types/babel__traverse/-/babel__traverse-7.28.0.tgz. Extracting by manifest.
1302 silly tarball no local data for caniuse-lite@https://registry.npmjs.org/caniuse-lite/-/caniuse-lite-1.0.30001806.tgz. Extracting by manifest.
1303 silly tarball no local data for baseline-browser-mapping@https://registry.npmjs.org/baseline-browser-mapping/-/baseline-browser-mapping-2.11.12.tgz. Extracting by manifest.
1304 silly tarball no local data for @types/babel__generator@https://registry.npmjs.org/@types/babel__generator/-/babel__generator-7.27.0.tgz. Extracting by manifest.
1305 silly tarball no local data for @jridgewell/resolve-uri@https://registry.npmjs.org/@jridgewell/resolve-uri/-/resolve-uri-3.1.2.tgz. Extracting by manifest.
1306 silly tarball no local data for browserslist@https://registry.npmjs.org/browserslist/-/browserslist-4.28.7.tgz. Extracting by manifest.
1307 silly tarball no local data for @babel/helper-globals@https://registry.npmjs.org/@babel/helper-globals/-/helper-globals-7.29.7.tgz. Extracting by manifest.
1308 silly tarball no local data for @babel/helper-plugin-utils@https://registry.npmjs.org/@babel/helper-plugin-utils/-/helper-plugin-utils-7.29.7.tgz. Extracting by manifest.
1309 silly tarball no local data for jsesc@https://registry.npmjs.org/jsesc/-/jsesc-3.1.0.tgz. Extracting by manifest.
1310 silly tarball no local data for @jridgewell/trace-mapping@https://registry.npmjs.org/@jridgewell/trace-mapping/-/trace-mapping-0.3.31.tgz. Extracting by manifest.
1311 silly tarball no local data for @babel/helper-validator-option@https://registry.npmjs.org/@babel/helper-validator-option/-/helper-validator-option-7.29.7.tgz. Extracting by manifest.
1312 silly tarball no local data for @babel/compat-data@https://registry.npmjs.org/@babel/compat-data/-/compat-data-7.29.7.tgz. Extracting by manifest.
1313 silly tarball no local data for js-tokens@https://registry.npmjs.org/js-tokens/-/js-tokens-4.0.0.tgz. Extracting by manifest.
1314 silly tarball no local data for @jridgewell/gen-mapping@https://registry.npmjs.org/@jridgewell/gen-mapping/-/gen-mapping-0.3.13.tgz. Extracting by manifest.
1315 silly tarball no local data for @babel/helper-module-imports@https://registry.npmjs.org/@babel/helper-module-imports/-/helper-module-imports-7.29.7.tgz. Extracting by manifest.
1316 silly tarball no local data for @jridgewell/remapping@https://registry.npmjs.org/@jridgewell/remapping/-/remapping-2.3.5.tgz. Extracting by manifest.
1317 silly tarball no local data for @babel/traverse@https://registry.npmjs.org/@babel/traverse/-/traverse-7.29.8.tgz. Extracting by manifest.
1318 silly tarball no local data for json5@https://registry.npmjs.org/json5/-/json5-2.2.3.tgz. Extracting by manifest.
1319 silly tarball no local data for convert-source-map@https://registry.npmjs.org/convert-source-map/-/convert-source-map-2.0.0.tgz. Extracting by manifest.
1320 silly tarball no local data for @babel/template@https://registry.npmjs.org/@babel/template/-/template-7.29.7.tgz. Extracting by manifest.
1321 silly tarball no local data for gensync@https://registry.npmjs.org/gensync/-/gensync-1.0.0-beta.2.tgz. Extracting by manifest.
1322 silly tarball no local data for @babel/helper-module-transforms@https://registry.npmjs.org/@babel/helper-module-transforms/-/helper-module-transforms-7.29.7.tgz. Extracting by manifest.
1323 silly tarball no local data for @babel/helper-compilation-targets@https://registry.npmjs.org/@babel/helper-compilation-targets/-/helper-compilation-targets-7.29.7.tgz. Extracting by manifest.
1324 silly tarball no local data for @babel/helpers@https://registry.npmjs.org/@babel/helpers/-/helpers-7.29.7.tgz. Extracting by manifest.
1325 silly tarball no local data for @babel/code-frame@https://registry.npmjs.org/@babel/code-frame/-/code-frame-7.29.7.tgz. Extracting by manifest.
1326 silly tarball no local data for @types/babel__core@https://registry.npmjs.org/@types/babel__core/-/babel__core-7.20.5.tgz. Extracting by manifest.
1327 silly tarball no local data for wonka@https://registry.npmjs.org/wonka/-/wonka-6.3.6.tgz. Extracting by manifest.
1328 silly tarball no local data for @babel/generator@https://registry.npmjs.org/@babel/generator/-/generator-7.29.8.tgz. Extracting by manifest.
1329 silly tarball no local data for @types/mdurl@https://registry.npmjs.org/@types/mdurl/-/mdurl-2.0.0.tgz. Extracting by manifest.
1330 silly tarball no local data for @babel/plugin-transform-react-jsx-self@https://registry.npmjs.org/@babel/plugin-transform-react-jsx-self/-/plugin-transform-react-jsx-self-7.29.7.tgz. Extracting by manifest.
1331 silly tarball no local data for @babel/plugin-transform-react-jsx-source@https://registry.npmjs.org/@babel/plugin-transform-react-jsx-source/-/plugin-transform-react-jsx-source-7.29.7.tgz. Extracting by manifest.
1332 silly tarball no local data for @babel/core@https://registry.npmjs.org/@babel/core/-/core-7.29.7.tgz. Extracting by manifest.
1333 silly tarball no local data for react-refresh@https://registry.npmjs.org/react-refresh/-/react-refresh-0.18.0.tgz. Extracting by manifest.
1334 silly tarball no local data for @0no-co/graphql.web@https://registry.npmjs.org/@0no-co/graphql.web/-/graphql.web-1.3.3.tgz. Extracting by manifest.
1335 silly tarball no local data for graphql-tag@https://registry.npmjs.org/graphql-tag/-/graphql-tag-2.12.7.tgz. Extracting by manifest.
1336 silly tarball no local data for @graphql-typed-document-node/core@https://registry.npmjs.org/@graphql-typed-document-node/core/-/core-3.2.0.tgz. Extracting by manifest.
1337 silly tarball no local data for @types/markdown-it@https://registry.npmjs.org/@types/markdown-it/-/markdown-it-12.2.3.tgz. Extracting by manifest.
1338 silly tarball no local data for lodash.deburr@https://registry.npmjs.org/lodash.deburr/-/lodash.deburr-4.1.0.tgz. Extracting by manifest.
1339 silly tarball no local data for y-provider@https://registry.npmjs.org/y-provider/-/y-provider-0.10.0-canary.9.tgz. Extracting by manifest.
1340 silly tarball no local data for @types/linkify-it@https://registry.npmjs.org/@types/linkify-it/-/linkify-it-3.0.5.tgz. Extracting by manifest.
1341 silly tarball no local data for idb@https://registry.npmjs.org/idb/-/idb-7.1.1.tgz. Extracting by manifest.
1342 silly tarball no local data for @emotion/unitless@https://registry.npmjs.org/@emotion/unitless/-/unitless-0.10.0.tgz. Extracting by manifest.
1343 silly tarball no local data for @sindresorhus/transliterate@https://registry.npmjs.org/@sindresorhus/transliterate/-/transliterate-0.1.2.tgz. Extracting by manifest.
1344 silly tarball no local data for csstype@https://registry.npmjs.org/csstype/-/csstype-3.2.3.tgz. Extracting by manifest.
1345 silly tarball no local data for @emotion/hash@https://registry.npmjs.org/@emotion/hash/-/hash-0.9.2.tgz. Extracting by manifest.
1346 silly tarball no local data for stylis@https://registry.npmjs.org/stylis/-/stylis-4.2.0.tgz. Extracting by manifest.
1347 silly tarball no local data for facepaint@https://registry.npmjs.org/facepaint/-/facepaint-1.2.1.tgz. Extracting by manifest.
1348 silly tarball no local data for @emotion/memoize@https://registry.npmjs.org/@emotion/memoize/-/memoize-0.9.0.tgz. Extracting by manifest.
1349 silly tarball no local data for @emotion/sheet@https://registry.npmjs.org/@emotion/sheet/-/sheet-1.4.0.tgz. Extracting by manifest.
1350 silly tarball no local data for @emotion/utils@https://registry.npmjs.org/@emotion/utils/-/utils-1.4.2.tgz. Extracting by manifest.
1351 silly tarball no local data for @swc/helpers@https://registry.npmjs.org/@swc/helpers/-/helpers-0.5.23.tgz. Extracting by manifest.
1352 silly tarball no local data for @floating-ui/utils@https://registry.npmjs.org/@floating-ui/utils/-/utils-0.2.12.tgz. Extracting by manifest.
1353 silly tarball no local data for @emotion/serialize@https://registry.npmjs.org/@emotion/serialize/-/serialize-1.3.3.tgz. Extracting by manifest.
1354 silly tarball no local data for @emotion/cache@https://registry.npmjs.org/@emotion/cache/-/cache-11.14.0.tgz. Extracting by manifest.
1355 silly tarball no local data for tabbable@https://registry.npmjs.org/tabbable/-/tabbable-6.5.0.tgz. Extracting by manifest.
1356 silly tarball no local data for aria-hidden@https://registry.npmjs.org/aria-hidden/-/aria-hidden-1.2.6.tgz. Extracting by manifest.
1357 silly tarball no local data for @floating-ui/core@https://registry.npmjs.org/@floating-ui/core/-/core-1.8.0.tgz. Extracting by manifest.
1358 silly tarball no local data for @floating-ui/dom@https://registry.npmjs.org/@floating-ui/dom/-/dom-1.8.0.tgz. Extracting by manifest.
1359 silly tarball no local data for @floating-ui/react-dom@https://registry.npmjs.org/@floating-ui/react-dom/-/react-dom-2.1.9.tgz. Extracting by manifest.
1360 silly tarball no local data for y-prosemirror@https://registry.npmjs.org/y-prosemirror/-/y-prosemirror-1.3.7.tgz. Extracting by manifest.
1361 silly tarball no local data for y-protocols@https://registry.npmjs.org/y-protocols/-/y-protocols-1.0.7.tgz. Extracting by manifest.
1362 silly tarball no local data for urql@https://registry.npmjs.org/urql/-/urql-4.2.2.tgz. Extracting by manifest.
1363 silly tarball no local data for superstruct@https://registry.npmjs.org/superstruct/-/superstruct-1.0.4.tgz. Extracting by manifest.
1364 silly tarball no local data for slate-history@https://registry.npmjs.org/slate-history/-/slate-history-0.86.0.tgz. Extracting by manifest.
1365 silly tarball no local data for slate@https://registry.npmjs.org/slate/-/slate-0.91.4.tgz. Extracting by manifest.
1366 silly tarball no local data for scroll-into-view-if-needed@https://registry.npmjs.org/scroll-into-view-if-needed/-/scroll-into-view-if-needed-3.1.0.tgz. Extracting by manifest.
1367 silly tarball no local data for slate-react@https://registry.npmjs.org/slate-react/-/slate-react-0.91.11.tgz. Extracting by manifest.
1368 silly tarball no local data for react-aria@https://registry.npmjs.org/react-aria/-/react-aria-3.50.0.tgz. Extracting by manifest.
1369 silly tarball no local data for react-stately@https://registry.npmjs.org/react-stately/-/react-stately-3.48.0.tgz. Extracting by manifest.
1370 silly tarball no local data for prosemirror-view@https://registry.npmjs.org/prosemirror-view/-/prosemirror-view-1.42.2.tgz. Extracting by manifest.
1371 silly tarball no local data for prosemirror-tables@https://registry.npmjs.org/prosemirror-tables/-/prosemirror-tables-1.8.5.tgz. Extracting by manifest.
1372 silly tarball no local data for prosemirror-transform@https://registry.npmjs.org/prosemirror-transform/-/prosemirror-transform-1.12.0.tgz. Extracting by manifest.
1373 silly tarball no local data for prosemirror-state@https://registry.npmjs.org/prosemirror-state/-/prosemirror-state-1.4.4.tgz. Extracting by manifest.
1374 silly tarball no local data for prosemirror-keymap@https://registry.npmjs.org/prosemirror-keymap/-/prosemirror-keymap-1.2.3.tgz. Extracting by manifest.
1375 silly tarball no local data for prosemirror-model@https://registry.npmjs.org/prosemirror-model/-/prosemirror-model-1.25.11.tgz. Extracting by manifest.
1376 silly tarball no local data for prosemirror-history@https://registry.npmjs.org/prosemirror-history/-/prosemirror-history-1.5.0.tgz. Extracting by manifest.
1377 silly tarball no local data for prosemirror-commands@https://registry.npmjs.org/prosemirror-commands/-/prosemirror-commands-1.7.2.tgz. Extracting by manifest.
1378 silly tarball no local data for partysocket@https://registry.npmjs.org/partysocket/-/partysocket-0.0.22.tgz. Extracting by manifest.
1379 silly tarball no local data for minimatch@https://registry.npmjs.org/minimatch/-/minimatch-9.0.9.tgz. Extracting by manifest.
1380 silly tarball no local data for match-sorter@https://registry.npmjs.org/match-sorter/-/match-sorter-6.3.4.tgz. Extracting by manifest.
1381 silly tarball no local data for lib0@https://registry.npmjs.org/lib0/-/lib0-0.2.117.tgz. Extracting by manifest.
1382 silly tarball no local data for is-hotkey@https://registry.npmjs.org/is-hotkey/-/is-hotkey-0.2.0.tgz. Extracting by manifest.
1383 silly tarball no local data for ignore@https://registry.npmjs.org/ignore/-/ignore-5.3.2.tgz. Extracting by manifest.
1384 silly tarball no local data for fast-deep-equal@https://registry.npmjs.org/fast-deep-equal/-/fast-deep-equal-3.1.3.tgz. Extracting by manifest.
1385 silly tarball no local data for @urql/exchange-persisted@https://registry.npmjs.org/@urql/exchange-persisted/-/exchange-persisted-4.3.1.tgz. Extracting by manifest.
1386 silly tarball no local data for idb-keyval@https://registry.npmjs.org/idb-keyval/-/idb-keyval-6.3.0.tgz. Extracting by manifest.
1387 silly tarball no local data for emery@https://registry.npmjs.org/emery/-/emery-1.4.4.tgz. Extracting by manifest.
1388 silly tarball no local data for graphql@https://registry.npmjs.org/graphql/-/graphql-16.14.2.tgz. Extracting by manifest.
1389 silly tarball no local data for @urql/exchange-graphcache@https://registry.npmjs.org/@urql/exchange-graphcache/-/exchange-graphcache-7.2.4.tgz. Extracting by manifest.
1390 silly tarball no local data for @urql/exchange-auth@https://registry.npmjs.org/@urql/exchange-auth/-/exchange-auth-2.2.1.tgz. Extracting by manifest.
1391 silly tarball no local data for @urql/core@https://registry.npmjs.org/@urql/core/-/core-5.2.0.tgz. Extracting by manifest.
1392 silly tarball no local data for @ts-gql/tag@https://registry.npmjs.org/@ts-gql/tag/-/tag-0.7.3.tgz. Extracting by manifest.
1393 silly tarball no local data for yjs@https://registry.npmjs.org/yjs/-/yjs-13.6.32.tgz. Extracting by manifest.
1394 silly tarball no local data for @sindresorhus/slugify@https://registry.npmjs.org/@sindresorhus/slugify/-/slugify-1.1.2.tgz. Extracting by manifest.
1395 silly tarball no local data for @toeverything/y-indexeddb@https://registry.npmjs.org/@toeverything/y-indexeddb/-/y-indexeddb-0.10.0-canary.9.tgz. Extracting by manifest.
1396 silly tarball no local data for @react-types/shared@https://registry.npmjs.org/@react-types/shared/-/shared-3.36.1.tgz. Extracting by manifest.
1397 silly tarball no local data for @keystar/ui@https://registry.npmjs.org/@keystar/ui/-/ui-0.9.2.tgz. Extracting by manifest.
1398 silly tarball no local data for @floating-ui/react@https://registry.npmjs.org/@floating-ui/react/-/react-0.24.8.tgz. Extracting by manifest.
1399 silly tarball no local data for @internationalized/string@https://registry.npmjs.org/@internationalized/string/-/string-3.2.10.tgz. Extracting by manifest.
1400 silly tarball no local data for @emotion/weak-memoize@https://registry.npmjs.org/@emotion/weak-memoize/-/weak-memoize-0.3.1.tgz. Extracting by manifest.
1401 silly tarball no local data for @internationalized/date@https://registry.npmjs.org/@internationalized/date/-/date-3.12.3.tgz. Extracting by manifest.
1402 silly tarball no local data for @internationalized/number@https://registry.npmjs.org/@internationalized/number/-/number-3.6.7.tgz. Extracting by manifest.
1403 silly tarball no local data for @braintree/sanitize-url@https://registry.npmjs.org/@braintree/sanitize-url/-/sanitize-url-6.0.4.tgz. Extracting by manifest.
1404 silly tarball no local data for @babel/runtime@https://registry.npmjs.org/@babel/runtime/-/runtime-7.29.7.tgz. Extracting by manifest.
1405 silly tarball no local data for @vitejs/plugin-react@https://registry.npmjs.org/@vitejs/plugin-react/-/plugin-react-5.2.0.tgz. Extracting by manifest.
1406 silly tarball no local data for set-cookie-parser@https://registry.npmjs.org/set-cookie-parser/-/set-cookie-parser-2.7.2.tgz. Extracting by manifest.
1407 silly tarball no local data for @markdoc/markdoc@https://registry.npmjs.org/@markdoc/markdoc/-/markdoc-0.5.9.tgz. Extracting by manifest.
1408 silly tarball no local data for htmlparser2@https://registry.npmjs.org/htmlparser2/-/htmlparser2-12.0.0.tgz. Extracting by manifest.
1409 silly tarball no local data for @keystatic/core@https://registry.npmjs.org/@keystatic/core/-/core-0.6.4.tgz. Extracting by manifest.
1410 silly tarball no local data for @keystatic/astro@https://registry.npmjs.org/@keystatic/astro/-/astro-5.2.0.tgz. Extracting by manifest.
1411 silly tarball no local data for @types/react-dom@https://registry.npmjs.org/@types/react-dom/-/react-dom-19.2.4.tgz. Extracting by manifest.
1412 silly tarball no local data for @types/react@https://registry.npmjs.org/@types/react/-/react-19.2.18.tgz. Extracting by manifest.
1413 silly tarball no local data for @astrojs/react@https://registry.npmjs.org/@astrojs/react/-/react-6.0.2.tgz. Extracting by manifest.
1414 silly tarball no local data for react-dom@https://registry.npmjs.org/react-dom/-/react-dom-19.2.8.tgz. Extracting by manifest.
1415 silly tarball no local data for @astrojs/markdoc@https://registry.npmjs.org/@astrojs/markdoc/-/markdoc-2.0.6.tgz. Extracting by manifest.
1416 silly tarball no local data for react@https://registry.npmjs.org/react/-/react-19.2.8.tgz. Extracting by manifest.
1417 silly tarball no local data for tslib@https://registry.npmjs.org/tslib/-/tslib-2.8.1.tgz. Extracting by manifest.
1418 silly tarball no local data for semver@https://registry.npmjs.org/semver/-/semver-6.3.1.tgz. Extracting by manifest.
1419 silly tarball no local data for semver@https://registry.npmjs.org/semver/-/semver-6.3.1.tgz. Extracting by manifest.
1420 silly tarball no local data for lru-cache@https://registry.npmjs.org/lru-cache/-/lru-cache-5.1.1.tgz. Extracting by manifest.
1421 silly tarball no local data for escape-string-regexp@https://registry.npmjs.org/escape-string-regexp/-/escape-string-regexp-2.0.0.tgz. Extracting by manifest.
1422 silly tarball no local data for @emotion/weak-memoize@https://registry.npmjs.org/@emotion/weak-memoize/-/weak-memoize-0.4.0.tgz. Extracting by manifest.
1423 silly tarball no local data for nanoid@https://registry.npmjs.org/nanoid/-/nanoid-5.1.16.tgz. Extracting by manifest.
1424 silly tarball no local data for escape-string-regexp@https://registry.npmjs.org/escape-string-regexp/-/escape-string-regexp-4.0.0.tgz. Extracting by manifest.
1425 silly tarball no local data for scroll-into-view-if-needed@https://registry.npmjs.org/scroll-into-view-if-needed/-/scroll-into-view-if-needed-2.2.31.tgz. Extracting by manifest.
1426 silly tarball no local data for compute-scroll-into-view@https://registry.npmjs.org/compute-scroll-into-view/-/compute-scroll-into-view-1.0.20.tgz. Extracting by manifest.
1427 silly tarball no local data for is-hotkey@https://registry.npmjs.org/is-hotkey/-/is-hotkey-0.1.8.tgz. Extracting by manifest.
1428 silly tarball no local data for @rolldown/pluginutils@https://registry.npmjs.org/@rolldown/pluginutils/-/pluginutils-1.0.0-rc.3.tgz. Extracting by manifest.
1429 silly tarball no local data for domutils@https://registry.npmjs.org/domutils/-/domutils-4.0.2.tgz. Extracting by manifest.
1430 silly tarball no local data for dom-serializer@https://registry.npmjs.org/dom-serializer/-/dom-serializer-3.1.1.tgz. Extracting by manifest.
1431 silly tarball no local data for domhandler@https://registry.npmjs.org/domhandler/-/domhandler-6.0.1.tgz. Extracting by manifest.
1432 silly tarball no local data for entities@https://registry.npmjs.org/entities/-/entities-8.0.0.tgz. Extracting by manifest.
1433 silly tarball no local data for domelementtype@https://registry.npmjs.org/domelementtype/-/domelementtype-3.0.0.tgz. Extracting by manifest.
1434 silly tarball no local data for @markdoc/markdoc@https://registry.npmjs.org/@markdoc/markdoc/-/markdoc-0.4.0.tgz. Extracting by manifest.
1435 silly tarball no local data for lru-cache@https://registry.npmjs.org/lru-cache/-/lru-cache-10.4.3.tgz. Extracting by manifest.
1436 silly tarball no local data for cookie@https://registry.npmjs.org/cookie/-/cookie-1.1.1.tgz. Extracting by manifest.
1437 silly tarball no local data for escape-string-regexp@https://registry.npmjs.org/escape-string-regexp/-/escape-string-regexp-4.0.0.tgz. Extracting by manifest.
1438 http fetch GET 200 https://registry.npmjs.org/yallist/-/yallist-3.1.1.tgz 179ms (cache miss)
1439 http fetch GET 200 https://registry.npmjs.org/escalade/-/escalade-3.2.0.tgz 178ms (cache miss)
1440 http fetch GET 200 https://registry.npmjs.org/tiny-invariant/-/tiny-invariant-1.0.6.tgz 178ms (cache miss)
1441 http fetch POST 200 https://registry.npmjs.org/-/npm/v1/security/advisories/bulk 298ms
1442 silly audit report {}
1443 http fetch GET 200 https://registry.npmjs.org/w3c-keyname/-/w3c-keyname-2.2.8.tgz 229ms (cache miss)
1444 http fetch GET 200 https://registry.npmjs.org/orderedmap/-/orderedmap-2.1.1.tgz 228ms (cache miss)
1445 http fetch GET 200 https://registry.npmjs.org/rope-sequence/-/rope-sequence-1.3.4.tgz 230ms (cache miss)
1446 http fetch GET 200 https://registry.npmjs.org/balanced-match/-/balanced-match-1.0.2.tgz 262ms (cache miss)
1447 http fetch GET 200 https://registry.npmjs.org/brace-expansion/-/brace-expansion-2.1.4.tgz 277ms (cache miss)
1448 http fetch GET 200 https://registry.npmjs.org/remove-accents/-/remove-accents-0.5.0.tgz 288ms (cache miss)
1449 http fetch GET 200 https://registry.npmjs.org/isomorphic.js/-/isomorphic.js-0.2.5.tgz 289ms (cache miss)
1450 http fetch GET 200 https://registry.npmjs.org/event-target-shim/-/event-target-shim-6.0.2.tgz 296ms (cache miss)
1451 http fetch GET 200 https://registry.npmjs.org/update-browserslist-db/-/update-browserslist-db-1.2.3.tgz 355ms (cache miss)
1452 http fetch GET 200 https://registry.npmjs.org/direction/-/direction-1.0.4.tgz 367ms (cache miss)
1453 http fetch GET 200 https://registry.npmjs.org/node-releases/-/node-releases-2.0.53.tgz 374ms (cache miss)
1454 http fetch GET 200 https://registry.npmjs.org/@types/is-hotkey/-/is-hotkey-0.1.10.tgz 388ms (cache miss)
1455 http fetch GET 200 https://registry.npmjs.org/@types/babel__template/-/babel__template-7.4.4.tgz 381ms (cache miss)
1456 http fetch GET 200 https://registry.npmjs.org/is-plain-object/-/is-plain-object-5.0.0.tgz 413ms (cache miss)
1457 http fetch GET 200 https://registry.npmjs.org/@types/babel__traverse/-/babel__traverse-7.28.0.tgz 412ms (cache miss)
1458 http fetch GET 200 https://registry.npmjs.org/@types/babel__generator/-/babel__generator-7.27.0.tgz 477ms (cache miss)
1459 http fetch GET 200 https://registry.npmjs.org/tiny-warning/-/tiny-warning-1.0.3.tgz 500ms (cache miss)
1460 http fetch GET 200 https://registry.npmjs.org/js-tokens/-/js-tokens-4.0.0.tgz 493ms (cache miss)
1461 http fetch GET 200 https://registry.npmjs.org/@babel/compat-data/-/compat-data-7.29.7.tgz 502ms (cache miss)
1462 http fetch GET 200 https://registry.npmjs.org/@babel/helper-validator-option/-/helper-validator-option-7.29.7.tgz 531ms (cache miss)
1463 http fetch GET 200 https://registry.npmjs.org/@babel/helper-plugin-utils/-/helper-plugin-utils-7.29.7.tgz 538ms (cache miss)
1464 http fetch GET 200 https://registry.npmjs.org/convert-source-map/-/convert-source-map-2.0.0.tgz 575ms (cache miss)
1465 http fetch GET 200 https://registry.npmjs.org/@babel/helper-compilation-targets/-/helper-compilation-targets-7.29.7.tgz 590ms (cache miss)
1466 http fetch GET 200 https://registry.npmjs.org/@babel/helper-globals/-/helper-globals-7.29.7.tgz 628ms (cache miss)
1467 http fetch GET 200 https://registry.npmjs.org/@types/mdurl/-/mdurl-2.0.0.tgz 637ms (cache miss)
1468 http fetch GET 200 https://registry.npmjs.org/@types/babel__core/-/babel__core-7.20.5.tgz 647ms (cache miss)
1469 http fetch GET 200 https://registry.npmjs.org/jsesc/-/jsesc-3.1.0.tgz 719ms (cache miss)
1470 http fetch GET 200 https://registry.npmjs.org/@babel/plugin-transform-react-jsx-source/-/plugin-transform-react-jsx-source-7.29.7.tgz 726ms (cache miss)
1471 http fetch GET 200 https://registry.npmjs.org/lodash.deburr/-/lodash.deburr-4.1.0.tgz 744ms (cache miss)
1472 http fetch GET 200 https://registry.npmjs.org/electron-to-chromium/-/electron-to-chromium-1.5.402.tgz 768ms (cache miss)
1473 http fetch GET 200 https://registry.npmjs.org/@babel/code-frame/-/code-frame-7.29.7.tgz 771ms (cache miss)
1474 http fetch GET 200 https://registry.npmjs.org/@jridgewell/resolve-uri/-/resolve-uri-3.1.2.tgz 800ms (cache miss)
1475 http fetch GET 200 https://registry.npmjs.org/@babel/plugin-transform-react-jsx-self/-/plugin-transform-react-jsx-self-7.29.7.tgz 790ms (cache miss)
1476 http fetch GET 200 https://registry.npmjs.org/@graphql-typed-document-node/core/-/core-3.2.0.tgz 795ms (cache miss)
1477 http fetch GET 200 https://registry.npmjs.org/@types/linkify-it/-/linkify-it-3.0.5.tgz 795ms (cache miss)
1478 http fetch GET 200 https://registry.npmjs.org/compute-scroll-into-view/-/compute-scroll-into-view-3.1.1.tgz 835ms (cache miss)
1479 http fetch GET 200 https://registry.npmjs.org/@emotion/unitless/-/unitless-0.10.0.tgz 844ms (cache miss)
1480 http fetch GET 200 https://registry.npmjs.org/@emotion/hash/-/hash-0.9.2.tgz 842ms (cache miss)
1481 http fetch GET 200 https://registry.npmjs.org/facepaint/-/facepaint-1.2.1.tgz 870ms (cache miss)
1482 http fetch GET 200 https://registry.npmjs.org/@emotion/memoize/-/memoize-0.9.0.tgz 899ms (cache miss)
1483 http fetch GET 200 https://registry.npmjs.org/@emotion/utils/-/utils-1.4.2.tgz 899ms (cache miss)
1484 http fetch GET 200 https://registry.npmjs.org/@emotion/sheet/-/sheet-1.4.0.tgz 901ms (cache miss)
1485 http fetch GET 200 https://registry.npmjs.org/gensync/-/gensync-1.0.0-beta.2.tgz 933ms (cache miss)
1486 http fetch GET 200 https://registry.npmjs.org/scheduler/-/scheduler-0.27.0.tgz 959ms (cache miss)
1487 http fetch GET 200 https://registry.npmjs.org/browserslist/-/browserslist-4.28.7.tgz 951ms (cache miss)
1488 http fetch GET 200 https://registry.npmjs.org/@sindresorhus/transliterate/-/transliterate-0.1.2.tgz 947ms (cache miss)
1489 http fetch GET 200 https://registry.npmjs.org/prosemirror-keymap/-/prosemirror-keymap-1.2.3.tgz 992ms (cache miss)
1490 http fetch GET 200 https://registry.npmjs.org/ignore/-/ignore-5.3.2.tgz 1038ms (cache miss)
1491 http fetch GET 200 https://registry.npmjs.org/fast-deep-equal/-/fast-deep-equal-3.1.3.tgz 1038ms (cache miss)
1492 http fetch GET 200 https://registry.npmjs.org/idb-keyval/-/idb-keyval-6.3.0.tgz 1047ms (cache miss)
1493 http fetch GET 200 https://registry.npmjs.org/@babel/helper-module-imports/-/helper-module-imports-7.29.7.tgz 1134ms (cache miss)
1494 http fetch GET 200 https://registry.npmjs.org/react-refresh/-/react-refresh-0.18.0.tgz 1142ms (cache miss)
1495 http fetch GET 200 https://registry.npmjs.org/@internationalized/string/-/string-3.2.10.tgz 1141ms (cache miss)
1496 http fetch GET 200 https://registry.npmjs.org/@sindresorhus/slugify/-/slugify-1.1.2.tgz 1145ms (cache miss)
1497 http fetch GET 200 https://registry.npmjs.org/@emotion/weak-memoize/-/weak-memoize-0.3.1.tgz 1158ms (cache miss)
1498 http fetch GET 200 https://registry.npmjs.org/use-sync-external-store/-/use-sync-external-store-1.6.0.tgz 1232ms (cache miss)
1499 http fetch GET 200 https://registry.npmjs.org/@braintree/sanitize-url/-/sanitize-url-6.0.4.tgz 1180ms (cache miss)
1500 http fetch GET 200 https://registry.npmjs.org/baseline-browser-mapping/-/baseline-browser-mapping-2.11.12.tgz 1234ms (cache miss)
1501 http fetch GET 200 https://registry.npmjs.org/set-cookie-parser/-/set-cookie-parser-2.7.2.tgz 1213ms (cache miss)
1502 http fetch GET 200 https://registry.npmjs.org/@urql/exchange-persisted/-/exchange-persisted-4.3.1.tgz 1238ms (cache miss)
1503 http fetch GET 200 https://registry.npmjs.org/@ts-gql/tag/-/tag-0.7.3.tgz 1291ms (cache miss)
1504 http fetch GET 200 https://registry.npmjs.org/@urql/exchange-auth/-/exchange-auth-2.2.1.tgz 1304ms (cache miss)
1505 http fetch GET 200 https://registry.npmjs.org/@floating-ui/react-dom/-/react-dom-2.1.9.tgz 1353ms (cache miss)
1506 http fetch GET 200 https://registry.npmjs.org/is-hotkey/-/is-hotkey-0.2.0.tgz 1346ms (cache miss)
1507 http fetch GET 200 https://registry.npmjs.org/escape-string-regexp/-/escape-string-regexp-2.0.0.tgz 1358ms (cache miss)
1508 http fetch GET 200 https://registry.npmjs.org/lru-cache/-/lru-cache-5.1.1.tgz 1359ms (cache miss)
1509 http fetch GET 200 https://registry.npmjs.org/@emotion/weak-memoize/-/weak-memoize-0.4.0.tgz 1368ms (cache miss)
1510 http fetch GET 200 https://registry.npmjs.org/nanoid/-/nanoid-5.1.16.tgz 1369ms (cache miss)
1511 http fetch GET 200 https://registry.npmjs.org/scroll-into-view-if-needed/-/scroll-into-view-if-needed-3.1.0.tgz 1404ms (cache miss)
1512 http fetch GET 200 https://registry.npmjs.org/escape-string-regexp/-/escape-string-regexp-4.0.0.tgz 1381ms (cache miss)
1513 http fetch GET 200 https://registry.npmjs.org/aria-hidden/-/aria-hidden-1.2.6.tgz 1424ms (cache miss)
1514 http fetch GET 200 https://registry.npmjs.org/@0no-co/graphql.web/-/graphql.web-1.3.3.tgz 1448ms (cache miss)
1515 http fetch GET 200 https://registry.npmjs.org/compute-scroll-into-view/-/compute-scroll-into-view-1.0.20.tgz 1417ms (cache miss)
1516 http fetch GET 200 https://registry.npmjs.org/is-hotkey/-/is-hotkey-0.1.8.tgz 1430ms (cache miss)
1517 http fetch GET 200 https://registry.npmjs.org/@rolldown/pluginutils/-/pluginutils-1.0.0-rc.3.tgz 1439ms (cache miss)
1518 http fetch GET 200 https://registry.npmjs.org/domhandler/-/domhandler-6.0.1.tgz 1444ms (cache miss)
1519 http fetch GET 200 https://registry.npmjs.org/@keystatic/astro/-/astro-5.2.0.tgz 1455ms (cache miss)
1520 http fetch GET 200 https://registry.npmjs.org/domelementtype/-/domelementtype-3.0.0.tgz 1454ms (cache miss)
1521 http fetch GET 200 https://registry.npmjs.org/semver/-/semver-6.3.1.tgz 1469ms (cache miss)
1522 http fetch GET 200 https://registry.npmjs.org/@vitejs/plugin-react/-/plugin-react-5.2.0.tgz 1482ms (cache miss)
1523 http fetch GET 200 https://registry.npmjs.org/semver/-/semver-6.3.1.tgz 1477ms (cache miss)
1524 http fetch GET 200 https://registry.npmjs.org/cookie/-/cookie-1.1.1.tgz 1448ms (cache miss)
1525 http fetch GET 200 https://registry.npmjs.org/escape-string-regexp/-/escape-string-regexp-4.0.0.tgz 1512ms (cache miss)
1526 http fetch GET 200 https://registry.npmjs.org/prosemirror-history/-/prosemirror-history-1.5.0.tgz 1568ms (cache miss)
1527 http fetch GET 200 https://registry.npmjs.org/@floating-ui/dom/-/dom-1.8.0.tgz 1599ms (cache miss)
1528 http fetch GET 200 https://registry.npmjs.org/prosemirror-commands/-/prosemirror-commands-1.7.2.tgz 1616ms (cache miss)
1529 http fetch GET 200 https://registry.npmjs.org/@floating-ui/core/-/core-1.8.0.tgz 1629ms (cache miss)
1530 http fetch GET 200 https://registry.npmjs.org/match-sorter/-/match-sorter-6.3.4.tgz 1647ms (cache miss)
1531 http fetch GET 200 https://registry.npmjs.org/urql/-/urql-4.2.2.tgz 1681ms (cache miss)
1532 http fetch GET 200 https://registry.npmjs.org/@emotion/serialize/-/serialize-1.3.3.tgz 1694ms (cache miss)
1533 http fetch GET 200 https://registry.npmjs.org/scroll-into-view-if-needed/-/scroll-into-view-if-needed-2.2.31.tgz 1691ms (cache miss)
1534 http fetch GET 200 https://registry.npmjs.org/csstype/-/csstype-3.2.3.tgz 1742ms (cache miss)
1535 http fetch GET 200 https://registry.npmjs.org/@babel/template/-/template-7.29.7.tgz 1758ms (cache miss)
1536 http fetch GET 200 https://registry.npmjs.org/@babel/helper-module-transforms/-/helper-module-transforms-7.29.7.tgz 1769ms (cache miss)
1537 http fetch GET 200 https://registry.npmjs.org/slate-history/-/slate-history-0.86.0.tgz 1754ms (cache miss)
1538 http fetch GET 200 https://registry.npmjs.org/y-provider/-/y-provider-0.10.0-canary.9.tgz 1788ms (cache miss)
1539 http fetch GET 200 https://registry.npmjs.org/prosemirror-state/-/prosemirror-state-1.4.4.tgz 1777ms (cache miss)
1540 http fetch GET 200 https://registry.npmjs.org/tslib/-/tslib-2.8.1.tgz 1757ms (cache miss)
1541 http fetch GET 200 https://registry.npmjs.org/@types/react-dom/-/react-dom-19.2.4.tgz 1764ms (cache miss)
1542 http fetch GET 200 https://registry.npmjs.org/stylis/-/stylis-4.2.0.tgz 1806ms (cache miss)
1543 http fetch GET 200 https://registry.npmjs.org/idb/-/idb-7.1.1.tgz 1825ms (cache miss)
1544 http fetch GET 200 https://registry.npmjs.org/@floating-ui/utils/-/utils-0.2.12.tgz 1831ms (cache miss)
1545 http fetch GET 200 https://registry.npmjs.org/json5/-/json5-2.2.3.tgz 1863ms (cache miss)
1546 http fetch GET 200 https://registry.npmjs.org/prosemirror-tables/-/prosemirror-tables-1.8.5.tgz 1845ms (cache miss)
1547 http fetch GET 200 https://registry.npmjs.org/graphql-tag/-/graphql-tag-2.12.7.tgz 1865ms (cache miss)
1548 http fetch GET 200 https://registry.npmjs.org/dom-serializer/-/dom-serializer-3.1.1.tgz 1839ms (cache miss)
1549 http fetch GET 200 https://registry.npmjs.org/partysocket/-/partysocket-0.0.22.tgz 1901ms (cache miss)
1550 http fetch GET 200 https://registry.npmjs.org/tabbable/-/tabbable-6.5.0.tgz 1914ms (cache miss)
1551 http fetch GET 200 https://registry.npmjs.org/@react-types/shared/-/shared-3.36.1.tgz 1897ms (cache miss)
1552 http fetch GET 200 https://registry.npmjs.org/@types/markdown-it/-/markdown-it-12.2.3.tgz 1927ms (cache miss)
1553 http fetch GET 200 https://registry.npmjs.org/@toeverything/y-indexeddb/-/y-indexeddb-0.10.0-canary.9.tgz 1929ms (cache miss)
1554 http fetch GET 200 https://registry.npmjs.org/@types/react/-/react-19.2.18.tgz 1924ms (cache miss)
1555 http fetch GET 200 https://registry.npmjs.org/@urql/core/-/core-5.2.0.tgz 1960ms (cache miss)
1556 http fetch GET 200 https://registry.npmjs.org/prosemirror-transform/-/prosemirror-transform-1.12.0.tgz 1997ms (cache miss)
1557 http fetch GET 200 https://registry.npmjs.org/@jridgewell/gen-mapping/-/gen-mapping-0.3.13.tgz 2034ms (cache miss)
1558 http fetch GET 200 https://registry.npmjs.org/@jridgewell/remapping/-/remapping-2.3.5.tgz 2042ms (cache miss)
1559 http fetch GET 200 https://registry.npmjs.org/superstruct/-/superstruct-1.0.4.tgz 2025ms (cache miss)
1560 http fetch GET 200 https://registry.npmjs.org/y-prosemirror/-/y-prosemirror-1.3.7.tgz 2036ms (cache miss)
1561 http fetch GET 200 https://registry.npmjs.org/@urql/exchange-graphcache/-/exchange-graphcache-7.2.4.tgz 2039ms (cache miss)
1562 http fetch GET 200 https://registry.npmjs.org/prosemirror-model/-/prosemirror-model-1.25.11.tgz 2053ms (cache miss)
1563 http fetch GET 200 https://registry.npmjs.org/wonka/-/wonka-6.3.6.tgz 2089ms (cache miss)
1564 http fetch GET 200 https://registry.npmjs.org/react/-/react-19.2.8.tgz 2071ms (cache miss)
1565 http fetch GET 200 https://registry.npmjs.org/htmlparser2/-/htmlparser2-12.0.0.tgz 2118ms (cache miss)
1566 http fetch GET 200 https://registry.npmjs.org/y-protocols/-/y-protocols-1.0.7.tgz 2140ms (cache miss)
1567 http fetch GET 200 https://registry.npmjs.org/prosemirror-view/-/prosemirror-view-1.42.2.tgz 2149ms (cache miss)
1568 http fetch GET 200 https://registry.npmjs.org/@astrojs/react/-/react-6.0.2.tgz 2160ms (cache miss)
1569 http fetch GET 200 https://registry.npmjs.org/@internationalized/number/-/number-3.6.7.tgz 2179ms (cache miss)
1570 http fetch GET 200 https://registry.npmjs.org/lru-cache/-/lru-cache-10.4.3.tgz 2147ms (cache miss)
1571 http fetch GET 200 https://registry.npmjs.org/@emotion/cache/-/cache-11.14.0.tgz 2270ms (cache miss)
1572 http fetch GET 200 https://registry.npmjs.org/@jridgewell/trace-mapping/-/trace-mapping-0.3.31.tgz 2402ms (cache miss)
1573 http fetch GET 200 https://registry.npmjs.org/domutils/-/domutils-4.0.2.tgz 2392ms (cache miss)
1574 http fetch GET 200 https://registry.npmjs.org/@astrojs/markdoc/-/markdoc-2.0.6.tgz 2452ms (cache miss)
1575 http fetch GET 200 https://registry.npmjs.org/@babel/generator/-/generator-7.29.8.tgz 2499ms (cache miss)
1576 http fetch GET 200 https://registry.npmjs.org/@juggle/resize-observer/-/resize-observer-3.4.0.tgz 2522ms (cache miss)
1577 http fetch GET 200 https://registry.npmjs.org/@floating-ui/react/-/react-0.24.8.tgz 2636ms (cache miss)
1578 http fetch GET 200 https://registry.npmjs.org/minimatch/-/minimatch-9.0.9.tgz 2678ms (cache miss)
1579 http fetch GET 200 https://registry.npmjs.org/entities/-/entities-8.0.0.tgz 2675ms (cache miss)
1580 http fetch GET 200 https://registry.npmjs.org/immer/-/immer-9.0.21.tgz 2840ms (cache miss)
1581 http fetch GET 200 https://registry.npmjs.org/slate/-/slate-0.91.4.tgz 2840ms (cache miss)
1582 http fetch GET 200 https://registry.npmjs.org/@babel/traverse/-/traverse-7.29.8.tgz 2872ms (cache miss)
1583 http fetch GET 200 https://registry.npmjs.org/emery/-/emery-1.4.4.tgz 3009ms (cache miss)
1584 http fetch GET 200 https://registry.npmjs.org/react-dom/-/react-dom-19.2.8.tgz 3124ms (cache miss)
1585 http fetch GET 200 https://registry.npmjs.org/slate-react/-/slate-react-0.91.11.tgz 3189ms (cache miss)
1586 http fetch GET 200 https://registry.npmjs.org/@babel/core/-/core-7.29.7.tgz 3542ms (cache miss)
1587 http fetch GET 200 https://registry.npmjs.org/@markdoc/markdoc/-/markdoc-0.4.0.tgz 3625ms (cache miss)
1588 http fetch GET 200 https://registry.npmjs.org/@markdoc/markdoc/-/markdoc-0.5.9.tgz 3722ms (cache miss)
1589 http fetch GET 200 https://registry.npmjs.org/yjs/-/yjs-13.6.32.tgz 3768ms (cache miss)
1590 http fetch GET 200 https://registry.npmjs.org/@internationalized/date/-/date-3.12.3.tgz 3862ms (cache miss)
1591 http fetch GET 200 https://registry.npmjs.org/@keystatic/core/-/core-0.6.4.tgz 3956ms (cache miss)
1592 http fetch GET 200 https://registry.npmjs.org/@babel/runtime/-/runtime-7.29.7.tgz 4062ms (cache miss)
1593 http fetch GET 200 https://registry.npmjs.org/@babel/helpers/-/helpers-7.29.7.tgz 4274ms (cache miss)
1594 http fetch GET 200 https://registry.npmjs.org/@swc/helpers/-/helpers-0.5.23.tgz 4689ms (cache miss)
1595 http fetch GET 200 https://registry.npmjs.org/graphql/-/graphql-16.14.2.tgz 4688ms (cache miss)
1596 http fetch GET 200 https://registry.npmjs.org/@types/lodash/-/lodash-4.17.25.tgz 5161ms (cache miss)
1597 http fetch GET 200 https://registry.npmjs.org/lodash/-/lodash-4.18.1.tgz 5733ms (cache miss)
1598 http fetch GET 200 https://registry.npmjs.org/lib0/-/lib0-0.2.117.tgz 5727ms (cache miss)
1599 http fetch GET 200 https://registry.npmjs.org/caniuse-lite/-/caniuse-lite-1.0.30001806.tgz 6271ms (cache miss)
1600 http fetch GET 200 https://registry.npmjs.org/react-stately/-/react-stately-3.48.0.tgz 8781ms (cache miss)
1601 http fetch GET 200 https://registry.npmjs.org/@keystar/ui/-/ui-0.9.2.tgz 17389ms (cache miss)
1602 http fetch GET 200 https://registry.npmjs.org/react-aria/-/react-aria-3.50.0.tgz 20446ms (cache miss)
1603 silly ADD node_modules/yallist
1604 silly ADD node_modules/escalade
1605 silly ADD node_modules/tiny-invariant
1606 silly ADD node_modules/lodash
1607 silly ADD node_modules/direction
1608 silly ADD node_modules/@types/lodash
1609 silly ADD node_modules/@types/is-hotkey
1610 silly ADD node_modules/@juggle/resize-observer
1611 silly ADD node_modules/tiny-warning
1612 silly ADD node_modules/is-plain-object
1613 silly ADD node_modules/immer
1614 silly ADD node_modules/compute-scroll-into-view
1615 silly ADD node_modules/scheduler
1616 silly ADD node_modules/use-sync-external-store
1617 silly ADD node_modules/orderedmap
1618 silly ADD node_modules/w3c-keyname
1619 silly ADD node_modules/rope-sequence
1620 silly ADD node_modules/event-target-shim
1621 silly ADD node_modules/balanced-match
1622 silly ADD node_modules/brace-expansion
1623 silly ADD node_modules/remove-accents
1624 silly ADD node_modules/isomorphic.js
1625 silly ADD node_modules/update-browserslist-db
1626 silly ADD node_modules/node-releases
1627 silly ADD node_modules/electron-to-chromium
1628 silly ADD node_modules/caniuse-lite
1629 silly ADD node_modules/baseline-browser-mapping
1630 silly ADD node_modules/@types/babel__traverse
1631 silly ADD node_modules/@types/babel__template
1632 silly ADD node_modules/@types/babel__generator
1633 silly ADD node_modules/@jridgewell/resolve-uri
1634 silly ADD node_modules/@babel/helper-globals
1635 silly ADD node_modules/@babel/helper-plugin-utils
1636 silly ADD node_modules/@babel/helper-module-imports
1637 silly ADD node_modules/browserslist
1638 silly ADD node_modules/@babel/helper-validator-option
1639 silly ADD node_modules/@babel/compat-data
1640 silly ADD node_modules/jsesc
1641 silly ADD node_modules/@jridgewell/trace-mapping
1642 silly ADD node_modules/@jridgewell/gen-mapping
1643 silly ADD node_modules/js-tokens
1644 silly ADD node_modules/json5
1645 silly ADD node_modules/gensync
1646 silly ADD node_modules/convert-source-map
1647 silly ADD node_modules/@jridgewell/remapping
1648 silly ADD node_modules/@babel/traverse
1649 silly ADD node_modules/@babel/template
1650 silly ADD node_modules/@babel/helpers
1651 silly ADD node_modules/@babel/helper-module-transforms
1652 silly ADD node_modules/@babel/helper-compilation-targets
1653 silly ADD node_modules/@babel/helper-compilation-targets/node_modules/semver
1654 silly ADD node_modules/@babel/helper-compilation-targets/node_modules/lru-cache
1655 silly ADD node_modules/@babel/generator
1656 silly ADD node_modules/@babel/code-frame
1657 silly ADD node_modules/react-refresh
1658 silly ADD node_modules/@types/babel__core
1659 silly ADD node_modules/@babel/plugin-transform-react-jsx-source
1660 silly ADD node_modules/@babel/plugin-transform-react-jsx-self
1661 silly ADD node_modules/@babel/core
1662 silly ADD node_modules/@babel/core/node_modules/semver
1663 silly ADD node_modules/wonka
1664 silly ADD node_modules/@0no-co/graphql.web
1665 silly ADD node_modules/@types/mdurl
1666 silly ADD node_modules/graphql-tag
1667 silly ADD node_modules/@graphql-typed-document-node/core
1668 silly ADD node_modules/y-provider
1669 silly ADD node_modules/idb
1670 silly ADD node_modules/lodash.deburr
1671 silly ADD node_modules/@sindresorhus/transliterate
1672 silly ADD node_modules/@sindresorhus/transliterate/node_modules/escape-string-regexp
1673 silly ADD node_modules/@types/markdown-it
1674 silly ADD node_modules/@types/linkify-it
1675 silly ADD node_modules/csstype
1676 silly ADD node_modules/@emotion/unitless
1677 silly ADD node_modules/@emotion/hash
1678 silly ADD node_modules/stylis
1679 silly ADD node_modules/@emotion/memoize
1680 silly ADD node_modules/facepaint
1681 silly ADD node_modules/@emotion/utils
1682 silly ADD node_modules/@emotion/sheet
1683 silly ADD node_modules/@emotion/serialize
1684 silly ADD node_modules/@emotion/cache
1685 silly ADD node_modules/@emotion/cache/node_modules/@emotion/weak-memoize
1686 silly ADD node_modules/@swc/helpers
1687 silly ADD node_modules/@floating-ui/utils
1688 silly ADD node_modules/@floating-ui/core
1689 silly ADD node_modules/@floating-ui/dom
1690 silly ADD node_modules/tabbable
1691 silly ADD node_modules/aria-hidden
1692 silly ADD node_modules/@floating-ui/react-dom
1693 silly ADD node_modules/y-protocols
1694 silly ADD node_modules/y-prosemirror
1695 silly ADD node_modules/urql
1696 silly ADD node_modules/superstruct
1697 silly ADD node_modules/slate-react
1698 silly ADD node_modules/slate-react/node_modules/compute-scroll-into-view
1699 silly ADD node_modules/slate-react/node_modules/scroll-into-view-if-needed
1700 silly ADD node_modules/slate-react/node_modules/is-hotkey
1701 silly ADD node_modules/slate-history
1702 silly ADD node_modules/slate
1703 silly ADD node_modules/scroll-into-view-if-needed
1704 silly ADD node_modules/react-stately
1705 silly ADD node_modules/react-aria
1706 silly ADD node_modules/prosemirror-view
1707 silly ADD node_modules/prosemirror-transform
1708 silly ADD node_modules/prosemirror-tables
1709 silly ADD node_modules/prosemirror-state
1710 silly ADD node_modules/prosemirror-model
1711 silly ADD node_modules/prosemirror-keymap
1712 silly ADD node_modules/prosemirror-history
1713 silly ADD node_modules/prosemirror-commands
1714 silly ADD node_modules/partysocket
1715 silly ADD node_modules/minimatch
1716 silly ADD node_modules/match-sorter
1717 silly ADD node_modules/lib0
1718 silly ADD node_modules/is-hotkey
1719 silly ADD node_modules/ignore
1720 silly ADD node_modules/idb-keyval
1721 silly ADD node_modules/fast-deep-equal
1722 silly ADD node_modules/emery
1723 silly ADD node_modules/@urql/exchange-persisted
1724 silly ADD node_modules/@urql/exchange-graphcache
1725 silly ADD node_modules/@urql/exchange-auth
1726 silly ADD node_modules/@urql/core
1727 silly ADD node_modules/graphql
1728 silly ADD node_modules/@ts-gql/tag
1729 silly ADD node_modules/yjs
1730 silly ADD node_modules/@toeverything/y-indexeddb
1731 silly ADD node_modules/@toeverything/y-indexeddb/node_modules/nanoid
1732 silly ADD node_modules/@sindresorhus/slugify
1733 silly ADD node_modules/@sindresorhus/slugify/node_modules/escape-string-regexp
1734 silly ADD node_modules/@react-types/shared
1735 silly ADD node_modules/@keystar/ui
1736 silly ADD node_modules/@internationalized/string
1737 silly ADD node_modules/@internationalized/number
1738 silly ADD node_modules/@internationalized/date
1739 silly ADD node_modules/@floating-ui/react
1740 silly ADD node_modules/@emotion/weak-memoize
1741 silly ADD node_modules/@braintree/sanitize-url
1742 silly ADD node_modules/set-cookie-parser
1743 silly ADD node_modules/@babel/runtime
1744 silly ADD node_modules/@vitejs/plugin-react
1745 silly ADD node_modules/@vitejs/plugin-react/node_modules/@rolldown/pluginutils
1746 silly ADD node_modules/htmlparser2
1747 silly ADD node_modules/htmlparser2/node_modules/dom-serializer
1748 silly ADD node_modules/htmlparser2/node_modules/entities
1749 silly ADD node_modules/htmlparser2/node_modules/domutils
1750 silly ADD node_modules/htmlparser2/node_modules/domhandler
1751 silly ADD node_modules/htmlparser2/node_modules/domelementtype
1752 silly ADD node_modules/@markdoc/markdoc
1753 silly ADD node_modules/@keystatic/core
1754 silly ADD node_modules/@keystatic/core/node_modules/lru-cache
1755 silly ADD node_modules/@keystatic/core/node_modules/escape-string-regexp
1756 silly ADD node_modules/@keystatic/core/node_modules/cookie
1757 silly ADD node_modules/@keystatic/core/node_modules/@markdoc/markdoc
1758 silly ADD node_modules/@keystatic/astro
1759 silly ADD node_modules/@types/react-dom
1760 silly ADD node_modules/@types/react
1761 silly ADD node_modules/react-dom
1762 silly ADD node_modules/react
1763 silly ADD node_modules/@astrojs/react
1764 silly ADD node_modules/@astrojs/markdoc
1765 silly ADD node_modules/tslib
1766 warn allow-scripts 1 package has install scripts not yet covered by allowScripts:
1766 warn allow-scripts   esbuild@0.28.1 (postinstall: node install.js)
1766 warn allow-scripts
1766 warn allow-scripts Run `npm approve-scripts --allow-scripts-pending` to review, or `npm approve-scripts <pkg>` to allow.
1767 verbose cwd C:\Users\ndkhang\Documents\Codex\2026-08-06\build-the-website-for-accounting-solution
1768 verbose os Windows_NT 10.0.26200
1769 verbose node v26.5.1
1770 verbose npm  v11.17.0
1771 verbose exit 0
1772 info ok
