0 verbose cli C:\Program Files\nodejs\node.exe C:\Program Files\nodejs\node_modules\npm\bin\npm-cli.js
1 info using npm@11.17.0
2 info using node@v26.5.1
3 silly config load:file:C:\Program Files\nodejs\node_modules\npm\npmrc
4 silly config load:file:C:\Users\ndkhang\Documents\Codex\2026-08-06\build-the-website-for-accounting-solution\.npmrc
5 silly config load:file:C:\Users\ndkhang\.npmrc
6 silly config load:file:C:\Users\ndkhang\AppData\Roaming\npm\etc\npmrc
7 verbose title npm install
8 verbose argv "install" "--cache" ".\\work\\npm-cache"
9 verbose logfile logs-max:10 dir:C:\Users\ndkhang\Documents\Codex\2026-08-06\build-the-website-for-accounting-solution\work\npm-cache\_logs\2026-08-06T08_30_07_145Z-
10 verbose logfile C:\Users\ndkhang\Documents\Codex\2026-08-06\build-the-website-for-accounting-solution\work\npm-cache\_logs\2026-08-06T08_30_07_145Z-debug-0.log
11 silly logfile done cleaning log files
12 silly packumentCache heap:4395630592 maxSize:1098907648 maxEntrySize:549453824
13 silly idealTree buildDeps
14 silly fetch manifest @astrojs/mdx@latest
15 silly packumentCache full:https://registry.npmjs.org/@astrojs%2fmdx cache-miss
16 http fetch GET 200 https://registry.npmjs.org/@astrojs%2fmdx 324ms (cache miss)
17 silly packumentCache full:https://registry.npmjs.org/@astrojs%2fmdx set size:undefined disposed:false
18 silly fetch manifest @astrojs/markdown-satteri@^0.3.1
19 silly packumentCache full:https://registry.npmjs.org/@astrojs%2fmarkdown-satteri cache-miss
20 http fetch GET 200 https://registry.npmjs.org/npm 391ms
21 http fetch GET 200 https://registry.npmjs.org/@astrojs%2fmarkdown-satteri 135ms (cache miss)
22 silly packumentCache full:https://registry.npmjs.org/@astrojs%2fmarkdown-satteri set size:undefined disposed:false
23 silly fetch manifest astro@latest
24 silly packumentCache full:https://registry.npmjs.org/astro cache-miss
25 http fetch GET 200 https://registry.npmjs.org/astro 267ms (cache miss)
26 silly packumentCache full:https://registry.npmjs.org/astro set size:undefined disposed:false
27 silly fetch manifest @astrojs/markdown-remark@7.2.2
28 silly packumentCache full:https://registry.npmjs.org/@astrojs%2fmarkdown-remark cache-miss
29 http fetch GET 200 https://registry.npmjs.org/@astrojs%2fmarkdown-remark 136ms (cache miss)
30 silly packumentCache full:https://registry.npmjs.org/@astrojs%2fmarkdown-remark set size:undefined disposed:false
31 silly placeDep ROOT @astrojs/mdx@7.0.5 OK for: vdac@1.0.0 want: latest
32 silly placeDep ROOT astro@7.1.6 OK for: @astrojs/mdx@7.0.5 want: ^7.0.0
33 silly fetch manifest acorn@^8.16.0
34 silly packumentCache full:https://registry.npmjs.org/acorn cache-miss
35 silly fetch manifest vfile@^6.0.3
36 silly packumentCache full:https://registry.npmjs.org/vfile cache-miss
37 silly fetch manifest piccolore@^0.1.3
38 silly packumentCache full:https://registry.npmjs.org/piccolore cache-miss
39 silly fetch manifest rehype-raw@^7.0.0
40 silly packumentCache full:https://registry.npmjs.org/rehype-raw cache-miss
41 silly fetch manifest remark-gfm@^4.0.1
42 silly packumentCache full:https://registry.npmjs.org/remark-gfm cache-miss
43 http fetch GET 200 https://registry.npmjs.org/acorn 82ms (cache miss)
44 silly packumentCache full:https://registry.npmjs.org/acorn set size:undefined disposed:false
45 silly fetch manifest source-map@^0.7.6
46 silly packumentCache full:https://registry.npmjs.org/source-map cache-miss
47 http fetch GET 200 https://registry.npmjs.org/vfile 90ms (cache miss)
48 silly packumentCache full:https://registry.npmjs.org/vfile set size:undefined disposed:false
49 silly fetch manifest @mdx-js/mdx@^3.1.1
50 silly packumentCache full:https://registry.npmjs.org/@mdx-js%2fmdx cache-miss
51 http fetch GET 200 https://registry.npmjs.org/source-map 77ms (cache miss)
52 silly packumentCache full:https://registry.npmjs.org/source-map set size:undefined disposed:false
53 silly fetch manifest es-module-lexer@^2.0.0
54 silly packumentCache full:https://registry.npmjs.org/es-module-lexer cache-miss
55 http fetch GET 200 https://registry.npmjs.org/rehype-raw 236ms (cache miss)
56 silly packumentCache full:https://registry.npmjs.org/rehype-raw set size:undefined disposed:false
57 silly fetch manifest unist-util-visit@^5.1.0
58 silly packumentCache full:https://registry.npmjs.org/unist-util-visit cache-miss
59 http fetch GET 200 https://registry.npmjs.org/remark-gfm 243ms (cache miss)
60 silly packumentCache full:https://registry.npmjs.org/remark-gfm set size:undefined disposed:false
61 silly fetch manifest estree-util-visit@^2.0.0
62 silly packumentCache full:https://registry.npmjs.org/estree-util-visit cache-miss
63 http fetch GET 200 https://registry.npmjs.org/es-module-lexer 83ms (cache miss)
64 silly packumentCache full:https://registry.npmjs.org/es-module-lexer set size:undefined disposed:false
65 silly fetch manifest hast-util-to-html@^9.0.5
66 silly packumentCache full:https://registry.npmjs.org/hast-util-to-html cache-miss
67 http fetch GET 200 https://registry.npmjs.org/@mdx-js%2fmdx 168ms (cache miss)
68 silly packumentCache full:https://registry.npmjs.org/@mdx-js%2fmdx set size:undefined disposed:false
69 silly fetch manifest remark-smartypants@^3.0.2
70 silly packumentCache full:https://registry.npmjs.org/remark-smartypants cache-miss
71 http fetch GET 200 https://registry.npmjs.org/unist-util-visit 80ms (cache miss)
72 silly packumentCache full:https://registry.npmjs.org/unist-util-visit set size:undefined disposed:false
73 silly fetch manifest @astrojs/internal-helpers@0.10.2
74 silly packumentCache full:https://registry.npmjs.org/@astrojs%2finternal-helpers cache-miss
75 http fetch GET 200 https://registry.npmjs.org/estree-util-visit 81ms (cache miss)
76 silly packumentCache full:https://registry.npmjs.org/estree-util-visit set size:undefined disposed:false
77 silly fetch manifest zod@^4.3.6
78 silly packumentCache full:https://registry.npmjs.org/zod cache-miss
79 http fetch GET 200 https://registry.npmjs.org/hast-util-to-html 78ms (cache miss)
80 silly packumentCache full:https://registry.npmjs.org/hast-util-to-html set size:undefined disposed:false
81 silly fetch manifest clsx@^2.1.1
82 silly packumentCache full:https://registry.npmjs.org/clsx cache-miss
83 http fetch GET 200 https://registry.npmjs.org/remark-smartypants 72ms (cache miss)
84 silly packumentCache full:https://registry.npmjs.org/remark-smartypants set size:undefined disposed:false
85 silly fetch manifest diff@^8.0.3
86 silly packumentCache full:https://registry.npmjs.org/diff cache-miss
87 http fetch GET 200 https://registry.npmjs.org/clsx 76ms (cache miss)
88 silly packumentCache full:https://registry.npmjs.org/clsx set size:undefined disposed:false
89 silly fetch manifest dset@^3.1.4
90 silly packumentCache full:https://registry.npmjs.org/dset cache-miss
91 http fetch GET 200 https://registry.npmjs.org/diff 76ms (cache miss)
92 silly packumentCache full:https://registry.npmjs.org/diff set size:undefined disposed:false
93 silly fetch manifest obug@^2.1.1
94 silly packumentCache full:https://registry.npmjs.org/obug cache-miss
95 http fetch GET 200 https://registry.npmjs.org/piccolore 434ms (cache miss)
96 silly packumentCache full:https://registry.npmjs.org/piccolore set size:undefined disposed:false
97 silly fetch manifest svgo@^4.0.1
98 silly packumentCache full:https://registry.npmjs.org/svgo cache-miss
99 http fetch GET 200 https://registry.npmjs.org/zod 147ms (cache miss)
100 silly packumentCache full:https://registry.npmjs.org/zod set size:undefined disposed:false
101 silly fetch manifest vite@^8.0.13
102 silly packumentCache full:https://registry.npmjs.org/vite cache-miss
103 http fetch GET 200 https://registry.npmjs.org/obug 84ms (cache miss)
104 silly packumentCache full:https://registry.npmjs.org/obug set size:undefined disposed:false
105 silly fetch manifest shiki@^4.0.2
106 silly packumentCache full:https://registry.npmjs.org/shiki cache-miss
107 http fetch GET 200 https://registry.npmjs.org/svgo 93ms (cache miss)
108 silly packumentCache full:https://registry.npmjs.org/svgo set size:undefined disposed:false
109 silly fetch manifest cookie@^2.0.1
110 silly packumentCache full:https://registry.npmjs.org/cookie cache-miss
111 http fetch GET 200 https://registry.npmjs.org/shiki 85ms (cache miss)
112 silly packumentCache full:https://registry.npmjs.org/shiki set size:undefined disposed:false
113 silly fetch manifest mrmime@^2.0.1
114 silly packumentCache full:https://registry.npmjs.org/mrmime cache-miss
115 http fetch GET 200 https://registry.npmjs.org/@astrojs%2finternal-helpers 279ms (cache miss)
116 silly packumentCache full:https://registry.npmjs.org/@astrojs%2finternal-helpers set size:undefined disposed:false
117 silly fetch manifest semver@^7.7.4
118 silly packumentCache full:https://registry.npmjs.org/semver cache-miss
119 http fetch GET 200 https://registry.npmjs.org/cookie 82ms (cache miss)
120 silly packumentCache full:https://registry.npmjs.org/cookie set size:undefined disposed:false
121 silly fetch manifest vitefu@^1.1.2
122 silly packumentCache full:https://registry.npmjs.org/vitefu cache-miss
123 http fetch GET 200 https://registry.npmjs.org/mrmime 74ms (cache miss)
124 silly packumentCache full:https://registry.npmjs.org/mrmime set size:undefined disposed:false
125 silly fetch manifest ci-info@^4.4.0
126 silly packumentCache full:https://registry.npmjs.org/ci-info cache-miss
127 http fetch GET 200 https://registry.npmjs.org/dset 262ms (cache miss)
128 silly packumentCache full:https://registry.npmjs.org/dset set size:undefined disposed:false
129 silly fetch manifest devalue@^5.8.1
130 silly packumentCache full:https://registry.npmjs.org/devalue cache-miss
131 http fetch GET 200 https://registry.npmjs.org/semver 92ms (cache miss)
132 silly packumentCache full:https://registry.npmjs.org/semver set size:undefined disposed:false
133 silly fetch manifest esbuild@^0.28.0
134 silly packumentCache full:https://registry.npmjs.org/esbuild cache-miss
135 http fetch GET 200 https://registry.npmjs.org/vitefu 85ms (cache miss)
136 silly packumentCache full:https://registry.npmjs.org/vitefu set size:undefined disposed:false
137 silly fetch manifest flattie@^1.1.1
138 silly packumentCache full:https://registry.npmjs.org/flattie cache-miss
139 http fetch GET 200 https://registry.npmjs.org/ci-info 81ms (cache miss)
140 silly packumentCache full:https://registry.npmjs.org/ci-info set size:undefined disposed:false
141 silly fetch manifest fontace@~0.4.1
142 silly packumentCache full:https://registry.npmjs.org/fontace cache-miss
143 http fetch GET 200 https://registry.npmjs.org/devalue 82ms (cache miss)
144 silly packumentCache full:https://registry.npmjs.org/devalue set size:undefined disposed:false
145 silly fetch manifest js-yaml@^4.3.0
146 silly packumentCache full:https://registry.npmjs.org/js-yaml cache-miss
147 http fetch GET 200 https://registry.npmjs.org/flattie 81ms (cache miss)
148 silly packumentCache full:https://registry.npmjs.org/flattie set size:undefined disposed:false
149 silly fetch manifest p-limit@^7.3.0
150 silly packumentCache full:https://registry.npmjs.org/p-limit cache-miss
151 http fetch GET 200 https://registry.npmjs.org/js-yaml 79ms (cache miss)
152 silly packumentCache full:https://registry.npmjs.org/js-yaml set size:undefined disposed:false
153 silly fetch manifest p-queue@^9.1.0
154 silly packumentCache full:https://registry.npmjs.org/p-queue cache-miss
155 http fetch GET 200 https://registry.npmjs.org/p-limit 83ms (cache miss)
156 silly packumentCache full:https://registry.npmjs.org/p-limit set size:undefined disposed:false
157 silly fetch manifest unifont@~0.7.4
158 silly packumentCache full:https://registry.npmjs.org/unifont cache-miss
159 http fetch GET 200 https://registry.npmjs.org/esbuild 225ms (cache miss)
160 silly packumentCache full:https://registry.npmjs.org/esbuild set size:undefined disposed:false
161 silly fetch manifest magicast@^0.5.2
162 silly packumentCache full:https://registry.npmjs.org/magicast cache-miss
163 http fetch GET 200 https://registry.npmjs.org/p-queue 91ms (cache miss)
164 silly packumentCache full:https://registry.npmjs.org/p-queue set size:undefined disposed:false
165 silly fetch manifest tinyclip@^0.1.12
166 silly packumentCache full:https://registry.npmjs.org/tinyclip cache-miss
167 http fetch GET 200 https://registry.npmjs.org/unifont 79ms (cache miss)
168 silly packumentCache full:https://registry.npmjs.org/unifont set size:undefined disposed:false
169 silly fetch manifest tinyexec@^1.0.4
170 silly packumentCache full:https://registry.npmjs.org/tinyexec cache-miss
171 http fetch GET 200 https://registry.npmjs.org/magicast 70ms (cache miss)
172 silly packumentCache full:https://registry.npmjs.org/magicast set size:undefined disposed:false
173 silly fetch manifest picomatch@^4.0.4
174 silly packumentCache full:https://registry.npmjs.org/picomatch cache-miss
175 http fetch GET 200 https://registry.npmjs.org/fontace 259ms (cache miss)
176 silly packumentCache full:https://registry.npmjs.org/fontace set size:undefined disposed:false
177 silly fetch manifest smol-toml@^1.6.0
178 silly packumentCache full:https://registry.npmjs.org/smol-toml cache-miss
179 http fetch GET 200 https://registry.npmjs.org/tinyexec 83ms (cache miss)
180 silly packumentCache full:https://registry.npmjs.org/tinyexec set size:undefined disposed:false
181 silly fetch manifest ultrahtml@^1.6.0
182 silly packumentCache full:https://registry.npmjs.org/ultrahtml cache-miss
183 http fetch GET 200 https://registry.npmjs.org/picomatch 79ms (cache miss)
184 silly packumentCache full:https://registry.npmjs.org/picomatch set size:undefined disposed:false
185 silly fetch manifest unstorage@^1.17.5
186 silly packumentCache full:https://registry.npmjs.org/unstorage cache-miss
187 http fetch GET 200 https://registry.npmjs.org/smol-toml 76ms (cache miss)
188 silly packumentCache full:https://registry.npmjs.org/smol-toml set size:undefined disposed:false
189 silly fetch manifest aria-query@^5.3.2
190 silly packumentCache full:https://registry.npmjs.org/aria-query cache-miss
191 http fetch GET 200 https://registry.npmjs.org/ultrahtml 90ms (cache miss)
192 silly packumentCache full:https://registry.npmjs.org/ultrahtml set size:undefined disposed:false
193 silly fetch manifest tinyglobby@^0.2.15
194 silly packumentCache full:https://registry.npmjs.org/tinyglobby cache-miss
195 http fetch GET 200 https://registry.npmjs.org/aria-query 78ms (cache miss)
196 silly packumentCache full:https://registry.npmjs.org/aria-query set size:undefined disposed:false
197 silly fetch manifest am-i-vibing@^0.4.0
198 silly packumentCache full:https://registry.npmjs.org/am-i-vibing cache-miss
199 http fetch GET 200 https://registry.npmjs.org/unstorage 92ms (cache miss)
200 silly packumentCache full:https://registry.npmjs.org/unstorage set size:undefined disposed:false
201 silly fetch manifest neotraverse@^1.0.1
202 silly packumentCache full:https://registry.npmjs.org/neotraverse cache-miss
203 http fetch GET 200 https://registry.npmjs.org/tinyclip 262ms (cache miss)
204 silly packumentCache full:https://registry.npmjs.org/tinyclip set size:undefined disposed:false
205 silly fetch manifest xxhash-wasm@^1.1.0
206 silly packumentCache full:https://registry.npmjs.org/xxhash-wasm cache-miss
207 http fetch GET 200 https://registry.npmjs.org/tinyglobby 81ms (cache miss)
208 silly packumentCache full:https://registry.npmjs.org/tinyglobby set size:undefined disposed:false
209 silly fetch manifest get-tsconfig@5.0.0-beta.4
210 silly packumentCache full:https://registry.npmjs.org/get-tsconfig cache-miss
211 http fetch GET 200 https://registry.npmjs.org/neotraverse 78ms (cache miss)
212 silly packumentCache full:https://registry.npmjs.org/neotraverse set size:undefined disposed:false
213 silly fetch manifest html-escaper@3.0.3
214 silly packumentCache full:https://registry.npmjs.org/html-escaper cache-miss
215 http fetch GET 200 https://registry.npmjs.org/xxhash-wasm 75ms (cache miss)
216 silly packumentCache full:https://registry.npmjs.org/xxhash-wasm set size:undefined disposed:false
217 silly fetch manifest jsonc-parser@^3.3.1
218 silly packumentCache full:https://registry.npmjs.org/jsonc-parser cache-miss
219 http fetch GET 200 https://registry.npmjs.org/get-tsconfig 100ms (cache miss)
220 silly packumentCache full:https://registry.npmjs.org/get-tsconfig set size:undefined disposed:false
221 silly fetch manifest magic-string@^1.0.0
222 silly packumentCache full:https://registry.npmjs.org/magic-string cache-miss
223 http fetch GET 200 https://registry.npmjs.org/html-escaper 72ms (cache miss)
224 silly packumentCache full:https://registry.npmjs.org/html-escaper set size:undefined disposed:false
225 silly fetch manifest yargs-parser@^22.0.0
226 silly packumentCache full:https://registry.npmjs.org/yargs-parser cache-miss
227 http fetch GET 200 https://registry.npmjs.org/jsonc-parser 77ms (cache miss)
228 silly packumentCache full:https://registry.npmjs.org/jsonc-parser set size:undefined disposed:false
229 silly fetch manifest @clack/prompts@^1.1.0
230 silly packumentCache full:https://registry.npmjs.org/@clack%2fprompts cache-miss
231 http fetch GET 200 https://registry.npmjs.org/magic-string 94ms (cache miss)
232 silly packumentCache full:https://registry.npmjs.org/magic-string set size:undefined disposed:false
233 silly fetch manifest axobject-query@^4.1.0
234 silly packumentCache full:https://registry.npmjs.org/axobject-query cache-miss
235 http fetch GET 200 https://registry.npmjs.org/yargs-parser 90ms (cache miss)
236 silly packumentCache full:https://registry.npmjs.org/yargs-parser set size:undefined disposed:false
237 silly fetch manifest github-slugger@^2.0.0
238 silly packumentCache full:https://registry.npmjs.org/github-slugger cache-miss
239 http fetch GET 200 https://registry.npmjs.org/am-i-vibing 260ms (cache miss)
240 silly packumentCache full:https://registry.npmjs.org/am-i-vibing set size:undefined disposed:false
241 silly fetch manifest @oslojs/encoding@^1.1.0
242 silly packumentCache full:https://registry.npmjs.org/@oslojs%2fencoding cache-miss
243 http fetch GET 200 https://registry.npmjs.org/@clack%2fprompts 97ms (cache miss)
244 silly packumentCache full:https://registry.npmjs.org/@clack%2fprompts set size:undefined disposed:false
245 silly fetch manifest @astrojs/telemetry@3.3.3
246 silly packumentCache full:https://registry.npmjs.org/@astrojs%2ftelemetry cache-miss
247 http fetch GET 200 https://registry.npmjs.org/axobject-query 88ms (cache miss)
248 silly packumentCache full:https://registry.npmjs.org/axobject-query set size:undefined disposed:false
249 silly fetch manifest @capsizecss/unpack@^4.0.0
250 silly packumentCache full:https://registry.npmjs.org/@capsizecss%2funpack cache-miss
251 http fetch GET 200 https://registry.npmjs.org/github-slugger 74ms (cache miss)
252 silly packumentCache full:https://registry.npmjs.org/github-slugger set size:undefined disposed:false
253 silly fetch manifest @rollup/pluginutils@^5.3.0
254 silly packumentCache full:https://registry.npmjs.org/@rollup%2fpluginutils cache-miss
255 http fetch GET 200 https://registry.npmjs.org/@oslojs%2fencoding 88ms (cache miss)
256 silly packumentCache full:https://registry.npmjs.org/@oslojs%2fencoding set size:undefined disposed:false
257 silly fetch manifest @astrojs/compiler-rs@^0.3.2
258 silly packumentCache full:https://registry.npmjs.org/@astrojs%2fcompiler-rs cache-miss
259 http fetch GET 200 https://registry.npmjs.org/@astrojs%2ftelemetry 92ms (cache miss)
260 silly packumentCache full:https://registry.npmjs.org/@astrojs%2ftelemetry set size:undefined disposed:false
261 silly fetch manifest common-ancestor-path@^2.0.0
262 silly packumentCache full:https://registry.npmjs.org/common-ancestor-path cache-miss
263 http fetch GET 200 https://registry.npmjs.org/@rollup%2fpluginutils 94ms (cache miss)
264 silly packumentCache full:https://registry.npmjs.org/@rollup%2fpluginutils set size:undefined disposed:false
265 silly fetch manifest http-cache-semantics@^4.2.0
266 silly packumentCache full:https://registry.npmjs.org/http-cache-semantics cache-miss
267 http fetch GET 200 https://registry.npmjs.org/common-ancestor-path 82ms (cache miss)
268 silly packumentCache full:https://registry.npmjs.org/common-ancestor-path set size:undefined disposed:false
269 silly fetch manifest package-manager-detector@^1.6.0
270 silly packumentCache full:https://registry.npmjs.org/package-manager-detector cache-miss
271 http fetch GET 200 https://registry.npmjs.org/http-cache-semantics 80ms (cache miss)
272 silly packumentCache full:https://registry.npmjs.org/http-cache-semantics set size:undefined disposed:false
273 silly fetch manifest @astrojs/markdown-satteri@0.3.5
274 silly packumentCache full:https://registry.npmjs.org/@astrojs%2fmarkdown-satteri cache-miss
275 http cache https://registry.npmjs.org/@astrojs%2fmarkdown-satteri 12ms (cache hit)
276 silly packumentCache full:https://registry.npmjs.org/@astrojs%2fmarkdown-satteri set size:27494 disposed:false
277 silly fetch manifest sharp@^0.34.0 || ^0.35.0
278 silly packumentCache full:https://registry.npmjs.org/sharp cache-miss
279 http fetch GET 200 https://registry.npmjs.org/package-manager-detector 77ms (cache miss)
280 silly packumentCache full:https://registry.npmjs.org/package-manager-detector set size:undefined disposed:false
281 http fetch GET 200 https://registry.npmjs.org/@astrojs%2fcompiler-rs 258ms (cache miss)
282 silly packumentCache full:https://registry.npmjs.org/@astrojs%2fcompiler-rs set size:undefined disposed:false
283 http fetch GET 200 https://registry.npmjs.org/@capsizecss%2funpack 293ms (cache miss)
284 silly packumentCache full:https://registry.npmjs.org/@capsizecss%2funpack set size:undefined disposed:false
285 http fetch GET 200 https://registry.npmjs.org/sharp 104ms (cache miss)
286 silly packumentCache full:https://registry.npmjs.org/sharp set size:undefined disposed:false
287 http fetch GET 200 https://registry.npmjs.org/vite 1433ms (cache miss)
288 silly packumentCache full:https://registry.npmjs.org/vite set size:undefined disposed:false
289 silly placeDep ROOT @astrojs/internal-helpers@0.10.2 OK for: @astrojs/mdx@7.0.5 want: 0.10.2
290 silly placeDep ROOT @astrojs/markdown-remark@7.2.2 OK for: @astrojs/mdx@7.0.5 want: 7.2.2
291 silly placeDep ROOT @mdx-js/mdx@3.1.1 OK for: @astrojs/mdx@7.0.5 want: ^3.1.1
292 silly placeDep ROOT acorn@8.18.0 OK for: @astrojs/mdx@7.0.5 want: ^8.16.0
293 silly placeDep ROOT es-module-lexer@2.3.1 OK for: @astrojs/mdx@7.0.5 want: ^2.0.0
294 silly placeDep ROOT estree-util-visit@2.0.0 OK for: @astrojs/mdx@7.0.5 want: ^2.0.0
295 silly placeDep ROOT hast-util-to-html@9.0.5 OK for: @astrojs/mdx@7.0.5 want: ^9.0.5
296 silly placeDep ROOT piccolore@0.1.3 OK for: @astrojs/mdx@7.0.5 want: ^0.1.3
297 silly placeDep ROOT rehype-raw@7.0.0 OK for: @astrojs/mdx@7.0.5 want: ^7.0.0
298 silly placeDep ROOT remark-gfm@4.0.1 OK for: @astrojs/mdx@7.0.5 want: ^4.0.1
299 silly placeDep ROOT remark-smartypants@3.0.3 OK for: @astrojs/mdx@7.0.5 want: ^3.0.2
300 silly placeDep ROOT source-map@0.7.6 OK for: @astrojs/mdx@7.0.5 want: ^0.7.6
301 silly placeDep ROOT unist-util-visit@5.1.0 OK for: @astrojs/mdx@7.0.5 want: ^5.1.0
302 silly placeDep ROOT vfile@6.0.3 OK for: @astrojs/mdx@7.0.5 want: ^6.0.3
303 silly fetch manifest unified@^11.0.5
304 silly packumentCache full:https://registry.npmjs.org/unified cache-miss
305 silly fetch manifest @types/hast@^3.0.4
306 silly packumentCache full:https://registry.npmjs.org/@types%2fhast cache-miss
307 silly fetch manifest @types/mdast@^4.0.4
308 silly packumentCache full:https://registry.npmjs.org/@types%2fmdast cache-miss
309 silly fetch manifest retext-smartypants@^6.2.0
310 silly packumentCache full:https://registry.npmjs.org/retext-smartypants cache-miss
311 silly fetch manifest unified@^11.0.5
312 silly packumentCache full:https://registry.npmjs.org/unified cache-miss
313 http fetch GET 200 https://registry.npmjs.org/@types%2fhast 82ms (cache miss)
314 silly packumentCache full:https://registry.npmjs.org/@types%2fhast set size:undefined disposed:false
315 silly fetch manifest remark-parse@^11.0.0
316 silly packumentCache full:https://registry.npmjs.org/remark-parse cache-miss
317 http fetch GET 200 https://registry.npmjs.org/unified 86ms (cache miss)
318 silly packumentCache full:https://registry.npmjs.org/unified set size:undefined disposed:false
319 silly fetch manifest remark-rehype@^11.1.2
320 silly packumentCache full:https://registry.npmjs.org/remark-rehype cache-miss
321 http fetch GET 200 https://registry.npmjs.org/unified 108ms (cache miss)
322 silly packumentCache full:https://registry.npmjs.org/unified set size:undefined disposed:false
323 silly fetch manifest @astrojs/prism@4.0.2
324 silly packumentCache full:https://registry.npmjs.org/@astrojs%2fprism cache-miss
325 http fetch GET 200 https://registry.npmjs.org/@types%2fmdast 112ms (cache miss)
326 silly packumentCache full:https://registry.npmjs.org/@types%2fmdast set size:undefined disposed:false
327 silly fetch manifest rehype-stringify@^10.0.1
328 silly packumentCache full:https://registry.npmjs.org/rehype-stringify cache-miss
329 http fetch GET 200 https://registry.npmjs.org/remark-parse 73ms (cache miss)
330 silly packumentCache full:https://registry.npmjs.org/remark-parse set size:undefined disposed:false
331 silly fetch manifest hast-util-to-text@^4.0.2
332 silly packumentCache full:https://registry.npmjs.org/hast-util-to-text cache-miss
333 http fetch GET 200 https://registry.npmjs.org/remark-rehype 81ms (cache miss)
334 silly packumentCache full:https://registry.npmjs.org/remark-rehype set size:undefined disposed:false
335 silly fetch manifest hast-util-from-html@^2.0.3
336 silly packumentCache full:https://registry.npmjs.org/hast-util-from-html cache-miss
337 http fetch GET 200 https://registry.npmjs.org/@astrojs%2fprism 103ms (cache miss)
338 silly packumentCache full:https://registry.npmjs.org/@astrojs%2fprism set size:undefined disposed:false
339 silly fetch manifest mdast-util-definitions@^6.0.0
340 silly packumentCache full:https://registry.npmjs.org/mdast-util-definitions cache-miss
341 http fetch GET 200 https://registry.npmjs.org/hast-util-to-text 71ms (cache miss)
342 silly packumentCache full:https://registry.npmjs.org/hast-util-to-text set size:undefined disposed:false
343 silly fetch manifest unist-util-visit-parents@^6.0.2
344 silly packumentCache full:https://registry.npmjs.org/unist-util-visit-parents cache-miss
345 http fetch GET 200 https://registry.npmjs.org/hast-util-from-html 72ms (cache miss)
346 silly packumentCache full:https://registry.npmjs.org/hast-util-from-html set size:undefined disposed:false
347 silly fetch manifest unist-util-remove-position@^5.0.0
348 silly packumentCache full:https://registry.npmjs.org/unist-util-remove-position cache-miss
349 http fetch GET 200 https://registry.npmjs.org/retext-smartypants 268ms (cache miss)
350 silly packumentCache full:https://registry.npmjs.org/retext-smartypants set size:undefined disposed:false
351 silly fetch manifest @types/estree@^1.0.0
352 silly packumentCache full:https://registry.npmjs.org/@types%2festree cache-miss
353 http fetch GET 200 https://registry.npmjs.org/mdast-util-definitions 86ms (cache miss)
354 silly packumentCache full:https://registry.npmjs.org/mdast-util-definitions set size:undefined disposed:false
355 silly fetch manifest @types/estree-jsx@^1.0.0
356 silly packumentCache full:https://registry.npmjs.org/@types%2festree-jsx cache-miss
357 http fetch GET 200 https://registry.npmjs.org/unist-util-visit-parents 74ms (cache miss)
358 silly packumentCache full:https://registry.npmjs.org/unist-util-visit-parents set size:undefined disposed:false
359 silly fetch manifest @types/hast@^3.0.0
360 silly packumentCache full:https://registry.npmjs.org/@types%2fhast cache-miss
361 http cache https://registry.npmjs.org/@types%2fhast 8ms (cache hit)
362 silly packumentCache full:https://registry.npmjs.org/@types%2fhast set size:35254 disposed:false
363 silly fetch manifest @types/mdx@^2.0.0
364 silly packumentCache full:https://registry.npmjs.org/@types%2fmdx cache-miss
365 http fetch GET 200 https://registry.npmjs.org/unist-util-remove-position 71ms (cache miss)
366 silly packumentCache full:https://registry.npmjs.org/unist-util-remove-position set size:undefined disposed:false
367 silly fetch manifest acorn@^8.0.0
368 silly packumentCache full:https://registry.npmjs.org/acorn cache-miss
369 http cache https://registry.npmjs.org/acorn 5ms (cache hit)
370 silly packumentCache full:https://registry.npmjs.org/acorn set size:383439 disposed:false
371 silly fetch manifest collapse-white-space@^2.0.0
372 silly packumentCache full:https://registry.npmjs.org/collapse-white-space cache-miss
373 http fetch GET 200 https://registry.npmjs.org/@types%2festree 82ms (cache miss)
374 silly packumentCache full:https://registry.npmjs.org/@types%2festree set size:undefined disposed:false
375 silly fetch manifest devlop@^1.0.0
376 silly packumentCache full:https://registry.npmjs.org/devlop cache-miss
377 http fetch GET 200 https://registry.npmjs.org/rehype-stringify 298ms (cache miss)
378 silly packumentCache full:https://registry.npmjs.org/rehype-stringify set size:undefined disposed:false
379 silly fetch manifest estree-util-is-identifier-name@^3.0.0
380 silly packumentCache full:https://registry.npmjs.org/estree-util-is-identifier-name cache-miss
381 http fetch GET 200 https://registry.npmjs.org/collapse-white-space 87ms (cache miss)
382 silly packumentCache full:https://registry.npmjs.org/collapse-white-space set size:undefined disposed:false
383 silly fetch manifest estree-util-scope@^1.0.0
384 silly packumentCache full:https://registry.npmjs.org/estree-util-scope cache-miss
385 http fetch GET 200 https://registry.npmjs.org/@types%2fmdx 106ms (cache miss)
386 silly packumentCache full:https://registry.npmjs.org/@types%2fmdx set size:undefined disposed:false
387 silly fetch manifest estree-walker@^3.0.0
388 silly packumentCache full:https://registry.npmjs.org/estree-walker cache-miss
389 http fetch GET 200 https://registry.npmjs.org/@types%2festree-jsx 125ms (cache miss)
390 silly packumentCache full:https://registry.npmjs.org/@types%2festree-jsx set size:undefined disposed:false
391 silly fetch manifest hast-util-to-jsx-runtime@^2.0.0
392 silly packumentCache full:https://registry.npmjs.org/hast-util-to-jsx-runtime cache-miss
393 http fetch GET 200 https://registry.npmjs.org/devlop 75ms (cache miss)
394 silly packumentCache full:https://registry.npmjs.org/devlop set size:undefined disposed:false
395 silly fetch manifest markdown-extensions@^2.0.0
396 silly packumentCache full:https://registry.npmjs.org/markdown-extensions cache-miss
397 http fetch GET 200 https://registry.npmjs.org/estree-util-is-identifier-name 93ms (cache miss)
398 silly packumentCache full:https://registry.npmjs.org/estree-util-is-identifier-name set size:undefined disposed:false
399 silly fetch manifest recma-build-jsx@^1.0.0
400 silly packumentCache full:https://registry.npmjs.org/recma-build-jsx cache-miss
401 http fetch GET 200 https://registry.npmjs.org/estree-util-scope 94ms (cache miss)
402 silly packumentCache full:https://registry.npmjs.org/estree-util-scope set size:undefined disposed:false
403 silly fetch manifest recma-jsx@^1.0.0
404 silly packumentCache full:https://registry.npmjs.org/recma-jsx cache-miss
405 http fetch GET 200 https://registry.npmjs.org/markdown-extensions 81ms (cache miss)
406 silly packumentCache full:https://registry.npmjs.org/markdown-extensions set size:undefined disposed:false
407 silly fetch manifest recma-stringify@^1.0.0
408 silly packumentCache full:https://registry.npmjs.org/recma-stringify cache-miss
409 http fetch GET 200 https://registry.npmjs.org/estree-walker 94ms (cache miss)
410 silly packumentCache full:https://registry.npmjs.org/estree-walker set size:undefined disposed:false
411 silly fetch manifest rehype-recma@^1.0.0
412 silly packumentCache full:https://registry.npmjs.org/rehype-recma cache-miss
413 http fetch GET 200 https://registry.npmjs.org/hast-util-to-jsx-runtime 103ms (cache miss)
414 silly packumentCache full:https://registry.npmjs.org/hast-util-to-jsx-runtime set size:undefined disposed:false
415 silly fetch manifest remark-mdx@^3.0.0
416 silly packumentCache full:https://registry.npmjs.org/remark-mdx cache-miss
417 http fetch GET 200 https://registry.npmjs.org/recma-stringify 71ms (cache miss)
418 silly packumentCache full:https://registry.npmjs.org/recma-stringify set size:undefined disposed:false
419 silly fetch manifest remark-rehype@^11.0.0
420 silly packumentCache full:https://registry.npmjs.org/remark-rehype cache-miss
421 http fetch GET 200 https://registry.npmjs.org/rehype-recma 69ms (cache miss)
422 silly packumentCache full:https://registry.npmjs.org/rehype-recma set size:undefined disposed:false
423 silly fetch manifest source-map@^0.7.0
424 silly packumentCache full:https://registry.npmjs.org/source-map cache-miss
425 http fetch GET 200 https://registry.npmjs.org/recma-jsx 75ms (cache miss)
426 silly packumentCache full:https://registry.npmjs.org/recma-jsx set size:undefined disposed:false
427 silly fetch manifest unified@^11.0.0
428 silly packumentCache full:https://registry.npmjs.org/unified cache-miss
429 http fetch GET 200 https://registry.npmjs.org/recma-build-jsx 81ms (cache miss)
430 silly packumentCache full:https://registry.npmjs.org/recma-build-jsx set size:undefined disposed:false
431 silly fetch manifest unist-util-position-from-estree@^2.0.0
432 silly packumentCache full:https://registry.npmjs.org/unist-util-position-from-estree cache-miss
433 http cache https://registry.npmjs.org/source-map 9ms (cache hit)
434 silly packumentCache full:https://registry.npmjs.org/source-map set size:231637 disposed:false
435 silly fetch manifest unist-util-stringify-position@^4.0.0
436 silly packumentCache full:https://registry.npmjs.org/unist-util-stringify-position cache-miss
437 http cache https://registry.npmjs.org/remark-rehype 16ms (cache hit)
438 silly packumentCache full:https://registry.npmjs.org/remark-rehype set size:110976 disposed:false
439 silly fetch manifest unist-util-visit@^5.0.0
440 silly packumentCache full:https://registry.npmjs.org/unist-util-visit cache-miss
441 http cache https://registry.npmjs.org/unified 15ms (cache hit)
442 silly packumentCache full:https://registry.npmjs.org/unified set size:321787 disposed:false
443 silly fetch manifest vfile@^6.0.0
444 silly packumentCache full:https://registry.npmjs.org/vfile cache-miss
445 http cache https://registry.npmjs.org/unist-util-visit 34ms (cache hit)
446 silly packumentCache full:https://registry.npmjs.org/unist-util-visit set size:90557 disposed:false
447 silly fetch manifest @types/unist@^3.0.0
448 silly packumentCache full:https://registry.npmjs.org/@types%2funist cache-miss
449 http cache https://registry.npmjs.org/vfile 35ms (cache hit)
450 silly packumentCache full:https://registry.npmjs.org/vfile set size:172678 disposed:false
451 silly fetch manifest @types/unist@^3.0.0
452 silly packumentCache full:https://registry.npmjs.org/@types%2funist cache-miss
453 http fetch GET 200 https://registry.npmjs.org/unist-util-position-from-estree 68ms (cache miss)
454 silly packumentCache full:https://registry.npmjs.org/unist-util-position-from-estree set size:undefined disposed:false
455 silly fetch manifest ccount@^2.0.0
456 silly packumentCache full:https://registry.npmjs.org/ccount cache-miss
457 http fetch GET 200 https://registry.npmjs.org/remark-mdx 131ms (cache miss)
458 silly packumentCache full:https://registry.npmjs.org/remark-mdx set size:undefined disposed:false
459 silly fetch manifest comma-separated-tokens@^2.0.0
460 silly packumentCache full:https://registry.npmjs.org/comma-separated-tokens cache-miss
461 http fetch GET 200 https://registry.npmjs.org/unist-util-stringify-position 76ms (cache miss)
462 silly packumentCache full:https://registry.npmjs.org/unist-util-stringify-position set size:undefined disposed:false
463 silly fetch manifest hast-util-whitespace@^3.0.0
464 silly packumentCache full:https://registry.npmjs.org/hast-util-whitespace cache-miss
465 http fetch GET 200 https://registry.npmjs.org/@types%2funist 78ms (cache miss)
466 silly packumentCache full:https://registry.npmjs.org/@types%2funist set size:undefined disposed:false
467 silly fetch manifest html-void-elements@^3.0.0
468 silly packumentCache full:https://registry.npmjs.org/html-void-elements cache-miss
469 http fetch GET 200 https://registry.npmjs.org/@types%2funist 85ms (cache miss)
470 silly packumentCache full:https://registry.npmjs.org/@types%2funist set size:undefined disposed:false
471 silly fetch manifest mdast-util-to-hast@^13.0.0
472 silly packumentCache full:https://registry.npmjs.org/mdast-util-to-hast cache-miss
473 http fetch GET 200 https://registry.npmjs.org/ccount 71ms (cache miss)
474 silly packumentCache full:https://registry.npmjs.org/ccount set size:undefined disposed:false
475 silly fetch manifest property-information@^7.0.0
476 silly packumentCache full:https://registry.npmjs.org/property-information cache-miss
477 http fetch GET 200 https://registry.npmjs.org/comma-separated-tokens 85ms (cache miss)
478 silly packumentCache full:https://registry.npmjs.org/comma-separated-tokens set size:undefined disposed:false
479 silly fetch manifest space-separated-tokens@^2.0.0
480 silly packumentCache full:https://registry.npmjs.org/space-separated-tokens cache-miss
481 http fetch GET 200 https://registry.npmjs.org/hast-util-whitespace 75ms (cache miss)
482 silly packumentCache full:https://registry.npmjs.org/hast-util-whitespace set size:undefined disposed:false
483 silly fetch manifest stringify-entities@^4.0.0
484 silly packumentCache full:https://registry.npmjs.org/stringify-entities cache-miss
485 http fetch GET 200 https://registry.npmjs.org/html-void-elements 76ms (cache miss)
486 silly packumentCache full:https://registry.npmjs.org/html-void-elements set size:undefined disposed:false
487 silly fetch manifest zwitch@^2.0.4
488 silly packumentCache full:https://registry.npmjs.org/zwitch cache-miss
489 http fetch GET 200 https://registry.npmjs.org/mdast-util-to-hast 78ms (cache miss)
490 silly packumentCache full:https://registry.npmjs.org/mdast-util-to-hast set size:undefined disposed:false
491 silly fetch manifest hast-util-raw@^9.0.0
492 silly packumentCache full:https://registry.npmjs.org/hast-util-raw cache-miss
493 http fetch GET 200 https://registry.npmjs.org/property-information 79ms (cache miss)
494 silly packumentCache full:https://registry.npmjs.org/property-information set size:undefined disposed:false
495 silly fetch manifest @types/mdast@^4.0.0
496 silly packumentCache full:https://registry.npmjs.org/@types%2fmdast cache-miss
497 http cache https://registry.npmjs.org/@types%2fmdast 5ms (cache hit)
498 silly packumentCache full:https://registry.npmjs.org/@types%2fmdast set size:47479 disposed:false
499 silly fetch manifest mdast-util-gfm@^3.0.0
500 silly packumentCache full:https://registry.npmjs.org/mdast-util-gfm cache-miss
501 http fetch GET 200 https://registry.npmjs.org/space-separated-tokens 75ms (cache miss)
502 silly packumentCache full:https://registry.npmjs.org/space-separated-tokens set size:undefined disposed:false
503 silly fetch manifest micromark-extension-gfm@^3.0.0
504 silly packumentCache full:https://registry.npmjs.org/micromark-extension-gfm cache-miss
505 http fetch GET 200 https://registry.npmjs.org/stringify-entities 77ms (cache miss)
506 silly packumentCache full:https://registry.npmjs.org/stringify-entities set size:undefined disposed:false
507 silly fetch manifest remark-stringify@^11.0.0
508 silly packumentCache full:https://registry.npmjs.org/remark-stringify cache-miss
509 http fetch GET 200 https://registry.npmjs.org/zwitch 66ms (cache miss)
510 silly packumentCache full:https://registry.npmjs.org/zwitch set size:undefined disposed:false
511 silly fetch manifest retext@^9.0.0
512 silly packumentCache full:https://registry.npmjs.org/retext cache-miss
513 http fetch GET 200 https://registry.npmjs.org/hast-util-raw 70ms (cache miss)
514 silly packumentCache full:https://registry.npmjs.org/hast-util-raw set size:undefined disposed:false
515 silly fetch manifest retext-smartypants@^6.0.0
516 silly packumentCache full:https://registry.npmjs.org/retext-smartypants cache-miss
517 http cache https://registry.npmjs.org/retext-smartypants 5ms (cache hit)
518 silly packumentCache full:https://registry.npmjs.org/retext-smartypants set size:84409 disposed:false
519 silly fetch manifest unified@^11.0.4
520 silly packumentCache full:https://registry.npmjs.org/unified cache-hit
521 silly fetch manifest unist-util-is@^6.0.0
522 silly packumentCache full:https://registry.npmjs.org/unist-util-is cache-miss
523 http fetch GET 200 https://registry.npmjs.org/mdast-util-gfm 70ms (cache miss)
524 silly packumentCache full:https://registry.npmjs.org/mdast-util-gfm set size:undefined disposed:false
525 silly fetch manifest unist-util-visit-parents@^6.0.0
526 silly packumentCache full:https://registry.npmjs.org/unist-util-visit-parents cache-miss
527 http cache https://registry.npmjs.org/unist-util-visit-parents 5ms (cache hit)
528 silly packumentCache full:https://registry.npmjs.org/unist-util-visit-parents set size:103476 disposed:false
529 silly fetch manifest vfile-message@^4.0.0
530 silly packumentCache full:https://registry.npmjs.org/vfile-message cache-miss
531 http fetch GET 200 https://registry.npmjs.org/remark-stringify 82ms (cache miss)
532 silly packumentCache full:https://registry.npmjs.org/remark-stringify set size:undefined disposed:false
533 http fetch GET 200 https://registry.npmjs.org/micromark-extension-gfm 88ms (cache miss)
534 silly packumentCache full:https://registry.npmjs.org/micromark-extension-gfm set size:undefined disposed:false
535 http fetch GET 200 https://registry.npmjs.org/retext 78ms (cache miss)
536 silly packumentCache full:https://registry.npmjs.org/retext set size:undefined disposed:false
537 http fetch GET 200 https://registry.npmjs.org/unist-util-is 74ms (cache miss)
538 silly packumentCache full:https://registry.npmjs.org/unist-util-is set size:undefined disposed:false
539 http fetch GET 200 https://registry.npmjs.org/vfile-message 70ms (cache miss)
540 silly packumentCache full:https://registry.npmjs.org/vfile-message set size:undefined disposed:false
541 silly placeDep ROOT @types/hast@3.0.5 OK for: @astrojs/internal-helpers@0.10.2 want: ^3.0.4
542 silly placeDep ROOT @types/mdast@4.0.4 OK for: @astrojs/internal-helpers@0.10.2 want: ^4.0.4
543 silly placeDep ROOT js-yaml@4.3.1 OK for: @astrojs/internal-helpers@0.10.2 want: ^4.3.0
544 silly placeDep ROOT picomatch@4.0.5 OK for: @astrojs/internal-helpers@0.10.2 want: ^4.0.4
545 silly placeDep ROOT retext-smartypants@6.2.0 OK for: @astrojs/internal-helpers@0.10.2 want: ^6.2.0
546 silly placeDep ROOT shiki@4.4.2 OK for: @astrojs/internal-helpers@0.10.2 want: ^4.0.2
547 silly placeDep ROOT smol-toml@1.7.1 OK for: @astrojs/internal-helpers@0.10.2 want: ^1.6.0
548 silly placeDep ROOT unified@11.0.5 OK for: @astrojs/internal-helpers@0.10.2 want: ^11.0.5
549 silly fetch manifest @types/unist@*
550 silly packumentCache full:https://registry.npmjs.org/@types%2funist cache-miss
551 silly fetch manifest @types/unist@*
552 silly packumentCache full:https://registry.npmjs.org/@types%2funist cache-miss
553 silly fetch manifest argparse@^2.0.1
554 silly packumentCache full:https://registry.npmjs.org/argparse cache-miss
555 silly fetch manifest @types/nlcst@^2.0.0
556 silly packumentCache full:https://registry.npmjs.org/@types%2fnlcst cache-miss
557 silly fetch manifest nlcst-to-string@^4.0.0
558 silly packumentCache full:https://registry.npmjs.org/nlcst-to-string cache-miss
559 http cache https://registry.npmjs.org/@types%2funist 8ms (cache hit)
560 silly packumentCache full:https://registry.npmjs.org/@types%2funist set size:39215 disposed:false
561 silly fetch manifest @shikijs/core@4.4.2
562 silly packumentCache full:https://registry.npmjs.org/@shikijs%2fcore cache-miss
563 http cache https://registry.npmjs.org/@types%2funist 13ms (cache hit)
564 silly packumentCache full:https://registry.npmjs.org/@types%2funist set size:39215 disposed:false
565 silly packumentCache full:https://registry.npmjs.org/@types%2funist dispose
566 silly fetch manifest @shikijs/langs@4.4.2
567 silly packumentCache full:https://registry.npmjs.org/@shikijs%2flangs cache-miss
568 http fetch GET 200 https://registry.npmjs.org/argparse 72ms (cache miss)
569 silly packumentCache full:https://registry.npmjs.org/argparse set size:undefined disposed:false
570 silly fetch manifest @shikijs/types@4.4.2
571 silly packumentCache full:https://registry.npmjs.org/@shikijs%2ftypes cache-miss
572 http fetch GET 200 https://registry.npmjs.org/@types%2fnlcst 81ms (cache miss)
573 silly packumentCache full:https://registry.npmjs.org/@types%2fnlcst set size:undefined disposed:false
574 silly fetch manifest @shikijs/themes@4.4.2
575 silly packumentCache full:https://registry.npmjs.org/@shikijs%2fthemes cache-miss
576 http fetch GET 200 https://registry.npmjs.org/nlcst-to-string 84ms (cache miss)
577 silly packumentCache full:https://registry.npmjs.org/nlcst-to-string set size:undefined disposed:false
578 silly fetch manifest @shikijs/vscode-textmate@^10.0.2
579 silly packumentCache full:https://registry.npmjs.org/@shikijs%2fvscode-textmate cache-miss
580 http fetch GET 200 https://registry.npmjs.org/@shikijs%2fcore 91ms (cache miss)
581 silly packumentCache full:https://registry.npmjs.org/@shikijs%2fcore set size:undefined disposed:false
582 silly fetch manifest @shikijs/engine-oniguruma@4.4.2
583 silly packumentCache full:https://registry.npmjs.org/@shikijs%2fengine-oniguruma cache-miss
584 http fetch GET 200 https://registry.npmjs.org/@shikijs%2flangs 112ms (cache miss)
585 silly packumentCache full:https://registry.npmjs.org/@shikijs%2flangs set size:undefined disposed:false
586 silly fetch manifest @shikijs/engine-javascript@4.4.2
587 silly packumentCache full:https://registry.npmjs.org/@shikijs%2fengine-javascript cache-miss
588 http fetch GET 200 https://registry.npmjs.org/@shikijs%2ftypes 98ms (cache miss)
589 silly packumentCache full:https://registry.npmjs.org/@shikijs%2ftypes set size:undefined disposed:false
590 silly fetch manifest bail@^2.0.0
591 silly packumentCache full:https://registry.npmjs.org/bail cache-miss
592 http fetch GET 200 https://registry.npmjs.org/@shikijs%2fthemes 94ms (cache miss)
593 silly packumentCache full:https://registry.npmjs.org/@shikijs%2fthemes set size:undefined disposed:false
594 silly fetch manifest extend@^3.0.0
595 silly packumentCache full:https://registry.npmjs.org/extend cache-miss
596 http fetch GET 200 https://registry.npmjs.org/@shikijs%2fvscode-textmate 102ms (cache miss)
597 silly packumentCache full:https://registry.npmjs.org/@shikijs%2fvscode-textmate set size:undefined disposed:false
598 silly fetch manifest is-plain-obj@^4.0.0
599 silly packumentCache full:https://registry.npmjs.org/is-plain-obj cache-miss
600 http fetch GET 200 https://registry.npmjs.org/@shikijs%2fengine-oniguruma 89ms (cache miss)
601 silly packumentCache full:https://registry.npmjs.org/@shikijs%2fengine-oniguruma set size:undefined disposed:false
602 silly fetch manifest trough@^2.0.0
603 silly packumentCache full:https://registry.npmjs.org/trough cache-miss
604 http fetch GET 200 https://registry.npmjs.org/bail 82ms (cache miss)
605 silly packumentCache full:https://registry.npmjs.org/bail set size:undefined disposed:false
606 http fetch GET 200 https://registry.npmjs.org/@shikijs%2fengine-javascript 127ms (cache miss)
607 silly packumentCache full:https://registry.npmjs.org/@shikijs%2fengine-javascript set size:undefined disposed:false
608 http fetch GET 200 https://registry.npmjs.org/extend 88ms (cache miss)
609 silly packumentCache full:https://registry.npmjs.org/extend set size:undefined disposed:false
610 http fetch GET 200 https://registry.npmjs.org/is-plain-obj 83ms (cache miss)
611 silly packumentCache full:https://registry.npmjs.org/is-plain-obj set size:undefined disposed:false
612 http fetch GET 200 https://registry.npmjs.org/trough 78ms (cache miss)
613 silly packumentCache full:https://registry.npmjs.org/trough set size:undefined disposed:false
614 silly placeDep ROOT @astrojs/prism@4.0.2 OK for: @astrojs/markdown-remark@7.2.2 want: 4.0.2
615 silly placeDep ROOT github-slugger@2.0.0 OK for: @astrojs/markdown-remark@7.2.2 want: ^2.0.0
616 silly placeDep ROOT hast-util-from-html@2.0.3 OK for: @astrojs/markdown-remark@7.2.2 want: ^2.0.3
617 silly placeDep ROOT hast-util-to-text@4.0.2 OK for: @astrojs/markdown-remark@7.2.2 want: ^4.0.2
618 silly placeDep ROOT mdast-util-definitions@6.0.0 OK for: @astrojs/markdown-remark@7.2.2 want: ^6.0.0
619 silly placeDep ROOT rehype-stringify@10.0.1 OK for: @astrojs/markdown-remark@7.2.2 want: ^10.0.1
620 silly placeDep ROOT remark-parse@11.0.0 OK for: @astrojs/markdown-remark@7.2.2 want: ^11.0.0
621 silly placeDep ROOT remark-rehype@11.1.2 OK for: @astrojs/markdown-remark@7.2.2 want: ^11.1.2
622 silly placeDep ROOT unist-util-remove-position@5.0.0 OK for: @astrojs/markdown-remark@7.2.2 want: ^5.0.0
623 silly placeDep ROOT unist-util-visit-parents@6.0.2 OK for: @astrojs/markdown-remark@7.2.2 want: ^6.0.2
624 silly fetch manifest prismjs@^1.30.0
625 silly packumentCache full:https://registry.npmjs.org/prismjs cache-miss
626 silly fetch manifest devlop@^1.1.0
627 silly packumentCache full:https://registry.npmjs.org/devlop cache-miss
628 silly fetch manifest hast-util-from-parse5@^8.0.0
629 silly packumentCache full:https://registry.npmjs.org/hast-util-from-parse5 cache-miss
630 silly fetch manifest parse5@^7.0.0
631 silly packumentCache full:https://registry.npmjs.org/parse5 cache-miss
632 silly fetch manifest hast-util-is-element@^3.0.0
633 silly packumentCache full:https://registry.npmjs.org/hast-util-is-element cache-miss
634 http cache https://registry.npmjs.org/devlop 7ms (cache hit)
635 silly packumentCache full:https://registry.npmjs.org/devlop set size:16868 disposed:false
636 silly fetch manifest unist-util-find-after@^5.0.0
637 silly packumentCache full:https://registry.npmjs.org/unist-util-find-after cache-miss
638 http fetch GET 200 https://registry.npmjs.org/parse5 96ms (cache miss)
639 silly packumentCache full:https://registry.npmjs.org/parse5 set size:undefined disposed:false
640 silly fetch manifest mdast-util-from-markdown@^2.0.0
641 silly packumentCache full:https://registry.npmjs.org/mdast-util-from-markdown cache-miss
642 http fetch GET 200 https://registry.npmjs.org/prismjs 103ms (cache miss)
643 silly packumentCache full:https://registry.npmjs.org/prismjs set size:undefined disposed:false
644 silly fetch manifest micromark-util-types@^2.0.0
645 silly packumentCache full:https://registry.npmjs.org/micromark-util-types cache-miss
646 http fetch GET 200 https://registry.npmjs.org/hast-util-is-element 105ms (cache miss)
647 silly packumentCache full:https://registry.npmjs.org/hast-util-is-element set size:undefined disposed:false
648 http fetch GET 200 https://registry.npmjs.org/hast-util-from-parse5 109ms (cache miss)
649 silly packumentCache full:https://registry.npmjs.org/hast-util-from-parse5 set size:undefined disposed:false
650 http fetch GET 200 https://registry.npmjs.org/micromark-util-types 70ms (cache miss)
651 silly packumentCache full:https://registry.npmjs.org/micromark-util-types set size:undefined disposed:false
652 http fetch GET 200 https://registry.npmjs.org/mdast-util-from-markdown 77ms (cache miss)
653 silly packumentCache full:https://registry.npmjs.org/mdast-util-from-markdown set size:undefined disposed:false
654 http fetch GET 200 https://registry.npmjs.org/unist-util-find-after 271ms (cache miss)
655 silly packumentCache full:https://registry.npmjs.org/unist-util-find-after set size:undefined disposed:false
656 silly placeDep ROOT prismjs@1.30.0 OK for: @astrojs/prism@4.0.2 want: ^1.30.0
657 silly placeDep ROOT @types/estree@1.0.9 OK for: @mdx-js/mdx@3.1.1 want: ^1.0.0
658 silly placeDep ROOT @types/estree-jsx@1.0.5 OK for: @mdx-js/mdx@3.1.1 want: ^1.0.0
659 silly placeDep ROOT @types/mdx@2.0.14 OK for: @mdx-js/mdx@3.1.1 want: ^2.0.0
660 silly placeDep ROOT collapse-white-space@2.1.0 OK for: @mdx-js/mdx@3.1.1 want: ^2.0.0
661 silly placeDep ROOT devlop@1.1.0 OK for: @mdx-js/mdx@3.1.1 want: ^1.0.0
662 silly placeDep ROOT estree-util-is-identifier-name@3.0.0 OK for: @mdx-js/mdx@3.1.1 want: ^3.0.0
663 silly placeDep ROOT estree-util-scope@1.0.0 OK for: @mdx-js/mdx@3.1.1 want: ^1.0.0
664 silly placeDep ROOT estree-walker@3.0.3 OK for: @mdx-js/mdx@3.1.1 want: ^3.0.0
665 silly placeDep ROOT hast-util-to-jsx-runtime@2.3.6 OK for: @mdx-js/mdx@3.1.1 want: ^2.0.0
666 silly placeDep ROOT markdown-extensions@2.0.0 OK for: @mdx-js/mdx@3.1.1 want: ^2.0.0
667 silly placeDep ROOT recma-build-jsx@1.0.0 OK for: @mdx-js/mdx@3.1.1 want: ^1.0.0
668 silly placeDep ROOT recma-jsx@1.0.1 OK for: @mdx-js/mdx@3.1.1 want: ^1.0.0
669 silly placeDep ROOT recma-stringify@1.0.0 OK for: @mdx-js/mdx@3.1.1 want: ^1.0.0
670 silly placeDep ROOT rehype-recma@1.0.0 OK for: @mdx-js/mdx@3.1.1 want: ^1.0.0
671 silly placeDep ROOT remark-mdx@3.1.1 OK for: @mdx-js/mdx@3.1.1 want: ^3.0.0
672 silly placeDep ROOT unist-util-position-from-estree@2.0.0 OK for: @mdx-js/mdx@3.1.1 want: ^2.0.0
673 silly placeDep ROOT unist-util-stringify-position@4.0.0 OK for: @mdx-js/mdx@3.1.1 want: ^4.0.0
674 silly fetch manifest dequal@^2.0.0
675 silly packumentCache full:https://registry.npmjs.org/dequal cache-miss
676 silly fetch manifest mdast-util-mdx-expression@^2.0.0
677 silly packumentCache full:https://registry.npmjs.org/mdast-util-mdx-expression cache-miss
678 silly fetch manifest mdast-util-mdx-jsx@^3.0.0
679 silly packumentCache full:https://registry.npmjs.org/mdast-util-mdx-jsx cache-miss
680 silly fetch manifest mdast-util-mdxjs-esm@^2.0.0
681 silly packumentCache full:https://registry.npmjs.org/mdast-util-mdxjs-esm cache-miss
682 silly fetch manifest style-to-js@^1.0.0
683 silly packumentCache full:https://registry.npmjs.org/style-to-js cache-miss
684 http fetch GET 200 https://registry.npmjs.org/dequal 81ms (cache miss)
685 silly packumentCache full:https://registry.npmjs.org/dequal set size:undefined disposed:false
686 silly fetch manifest unist-util-position@^5.0.0
687 silly packumentCache full:https://registry.npmjs.org/unist-util-position cache-miss
688 http fetch GET 200 https://registry.npmjs.org/mdast-util-mdxjs-esm 81ms (cache miss)
689 silly packumentCache full:https://registry.npmjs.org/mdast-util-mdxjs-esm set size:undefined disposed:false
690 silly fetch manifest estree-util-build-jsx@^3.0.0
691 silly packumentCache full:https://registry.npmjs.org/estree-util-build-jsx cache-miss
692 http fetch GET 200 https://registry.npmjs.org/mdast-util-mdx-jsx 85ms (cache miss)
693 silly packumentCache full:https://registry.npmjs.org/mdast-util-mdx-jsx set size:undefined disposed:false
694 silly fetch manifest acorn-jsx@^5.0.0
695 silly packumentCache full:https://registry.npmjs.org/acorn-jsx cache-miss
696 http fetch GET 200 https://registry.npmjs.org/style-to-js 86ms (cache miss)
697 silly packumentCache full:https://registry.npmjs.org/style-to-js set size:undefined disposed:false
698 silly fetch manifest estree-util-to-js@^2.0.0
699 silly packumentCache full:https://registry.npmjs.org/estree-util-to-js cache-miss
700 http fetch GET 200 https://registry.npmjs.org/mdast-util-mdx-expression 97ms (cache miss)
701 silly packumentCache full:https://registry.npmjs.org/mdast-util-mdx-expression set size:undefined disposed:false
702 silly fetch manifest recma-parse@^1.0.0
703 silly packumentCache full:https://registry.npmjs.org/recma-parse cache-miss
704 http fetch GET 200 https://registry.npmjs.org/unist-util-position 76ms (cache miss)
705 silly packumentCache full:https://registry.npmjs.org/unist-util-position set size:undefined disposed:false
706 silly fetch manifest estree-util-to-js@^2.0.0
707 silly packumentCache full:https://registry.npmjs.org/estree-util-to-js cache-miss
708 http fetch GET 200 https://registry.npmjs.org/acorn-jsx 74ms (cache miss)
709 silly packumentCache full:https://registry.npmjs.org/acorn-jsx set size:undefined disposed:false
710 silly fetch manifest hast-util-to-estree@^3.0.0
711 silly packumentCache full:https://registry.npmjs.org/hast-util-to-estree cache-miss
712 http fetch GET 200 https://registry.npmjs.org/estree-util-to-js 75ms (cache miss)
713 silly packumentCache full:https://registry.npmjs.org/estree-util-to-js set size:undefined disposed:false
714 silly fetch manifest mdast-util-mdx@^3.0.0
715 silly packumentCache full:https://registry.npmjs.org/mdast-util-mdx cache-miss
716 http fetch GET 200 https://registry.npmjs.org/estree-util-build-jsx 83ms (cache miss)
717 silly packumentCache full:https://registry.npmjs.org/estree-util-build-jsx set size:undefined disposed:false
718 silly fetch manifest micromark-extension-mdxjs@^3.0.0
719 silly packumentCache full:https://registry.npmjs.org/micromark-extension-mdxjs cache-miss
720 http fetch GET 200 https://registry.npmjs.org/recma-parse 81ms (cache miss)
721 silly packumentCache full:https://registry.npmjs.org/recma-parse set size:undefined disposed:false
722 http fetch GET 200 https://registry.npmjs.org/estree-util-to-js 71ms (cache miss)
723 silly packumentCache full:https://registry.npmjs.org/estree-util-to-js set size:undefined disposed:false
724 http fetch GET 200 https://registry.npmjs.org/hast-util-to-estree 77ms (cache miss)
725 silly packumentCache full:https://registry.npmjs.org/hast-util-to-estree set size:undefined disposed:false
726 http fetch GET 200 https://registry.npmjs.org/mdast-util-mdx 76ms (cache miss)
727 silly packumentCache full:https://registry.npmjs.org/mdast-util-mdx set size:undefined disposed:false
728 http fetch GET 200 https://registry.npmjs.org/micromark-extension-mdxjs 78ms (cache miss)
729 silly packumentCache full:https://registry.npmjs.org/micromark-extension-mdxjs set size:undefined disposed:false
730 silly placeDep ROOT @types/unist@3.0.3 OK for: @types/hast@3.0.5 want: *
731 silly fetch manifest @types/node@^20.19.0 || >=22.12.0
732 silly packumentCache full:https://registry.npmjs.org/@types%2fnode cache-miss
733 http fetch GET 200 https://registry.npmjs.org/@types%2fnode 395ms (cache miss)
734 silly packumentCache full:https://registry.npmjs.org/@types%2fnode set size:undefined disposed:false
735 silly fetch manifest @vitejs/devtools@^0.4.0
736 silly packumentCache full:https://registry.npmjs.org/@vitejs%2fdevtools cache-miss
737 http fetch GET 200 https://registry.npmjs.org/@vitejs%2fdevtools 112ms (cache miss)
738 silly packumentCache full:https://registry.npmjs.org/@vitejs%2fdevtools set size:undefined disposed:false
739 silly fetch manifest @vitejs/devtools-oxc@^0.4.12
740 silly packumentCache full:https://registry.npmjs.org/@vitejs%2fdevtools-oxc cache-miss
741 http fetch GET 200 https://registry.npmjs.org/@vitejs%2fdevtools-oxc 86ms (cache miss)
742 silly packumentCache full:https://registry.npmjs.org/@vitejs%2fdevtools-oxc set size:undefined disposed:false
743 silly fetch manifest @vitejs/devtools-rolldown@^0.4.12
744 silly packumentCache full:https://registry.npmjs.org/@vitejs%2fdevtools-rolldown cache-miss
745 http fetch GET 200 https://registry.npmjs.org/@vitejs%2fdevtools-rolldown 99ms (cache miss)
746 silly packumentCache full:https://registry.npmjs.org/@vitejs%2fdevtools-rolldown set size:undefined disposed:false
747 silly fetch manifest @vitejs/devtools-vite@^0.4.12
748 silly packumentCache full:https://registry.npmjs.org/@vitejs%2fdevtools-vite cache-miss
749 http fetch GET 200 https://registry.npmjs.org/@vitejs%2fdevtools-vite 92ms (cache miss)
750 silly packumentCache full:https://registry.npmjs.org/@vitejs%2fdevtools-vite set size:undefined disposed:false
751 silly fetch manifest @vitejs/devtools-vitest@^0.4.12
752 silly packumentCache full:https://registry.npmjs.org/@vitejs%2fdevtools-vitest cache-miss
753 http fetch GET 200 https://registry.npmjs.org/@vitejs%2fdevtools-vitest 96ms (cache miss)
754 silly packumentCache full:https://registry.npmjs.org/@vitejs%2fdevtools-vitest set size:undefined disposed:false
755 silly fetch manifest vitest@*
756 silly packumentCache full:https://registry.npmjs.org/vitest cache-miss
757 http fetch GET 200 https://registry.npmjs.org/vitest 119ms (cache miss)
758 silly packumentCache full:https://registry.npmjs.org/vitest set size:undefined disposed:false
759 silly fetch manifest @edge-runtime/vm@*
760 silly packumentCache full:https://registry.npmjs.org/@edge-runtime%2fvm cache-miss
761 http fetch GET 200 https://registry.npmjs.org/@edge-runtime%2fvm 101ms (cache miss)
762 silly packumentCache full:https://registry.npmjs.org/@edge-runtime%2fvm set size:undefined disposed:false
763 silly fetch manifest @opentelemetry/api@^1.9.0
764 silly packumentCache full:https://registry.npmjs.org/@opentelemetry%2fapi cache-miss
765 http fetch GET 200 https://registry.npmjs.org/@opentelemetry%2fapi 102ms (cache miss)
766 silly packumentCache full:https://registry.npmjs.org/@opentelemetry%2fapi set size:undefined disposed:false
767 silly fetch manifest @vitest/browser-playwright@4.1.10
768 silly packumentCache full:https://registry.npmjs.org/@vitest%2fbrowser-playwright cache-miss
769 http fetch GET 200 https://registry.npmjs.org/@vitest%2fbrowser-playwright 96ms (cache miss)
770 silly packumentCache full:https://registry.npmjs.org/@vitest%2fbrowser-playwright set size:undefined disposed:false
771 silly fetch manifest playwright@*
772 silly packumentCache full:https://registry.npmjs.org/playwright cache-miss
773 http fetch GET 200 https://registry.npmjs.org/playwright 580ms (cache miss)
774 silly packumentCache full:https://registry.npmjs.org/playwright set size:undefined disposed:false
775 silly fetch manifest @vitest/browser-preview@4.1.10
776 silly packumentCache full:https://registry.npmjs.org/@vitest%2fbrowser-preview cache-miss
777 http fetch GET 200 https://registry.npmjs.org/@vitest%2fbrowser-preview 312ms (cache miss)
778 silly packumentCache full:https://registry.npmjs.org/@vitest%2fbrowser-preview set size:undefined disposed:false
779 silly fetch manifest @vitest/browser-webdriverio@4.1.10
780 silly packumentCache full:https://registry.npmjs.org/@vitest%2fbrowser-webdriverio cache-miss
781 http fetch GET 200 https://registry.npmjs.org/@vitest%2fbrowser-webdriverio 92ms (cache miss)
782 silly packumentCache full:https://registry.npmjs.org/@vitest%2fbrowser-webdriverio set size:undefined disposed:false
783 silly fetch manifest webdriverio@*
784 silly packumentCache full:https://registry.npmjs.org/webdriverio cache-miss
785 http fetch GET 200 https://registry.npmjs.org/webdriverio 177ms (cache miss)
786 silly packumentCache full:https://registry.npmjs.org/webdriverio set size:undefined disposed:false
787 silly fetch manifest puppeteer-core@>=22.x || <=24.x
788 silly packumentCache full:https://registry.npmjs.org/puppeteer-core cache-miss
789 http fetch GET 200 https://registry.npmjs.org/puppeteer-core 151ms (cache miss)
790 silly packumentCache full:https://registry.npmjs.org/puppeteer-core set size:undefined disposed:false
791 silly fetch manifest @vitest/coverage-istanbul@4.1.10
792 silly packumentCache full:https://registry.npmjs.org/@vitest%2fcoverage-istanbul cache-miss
793 http fetch GET 200 https://registry.npmjs.org/@vitest%2fcoverage-istanbul 118ms (cache miss)
794 silly packumentCache full:https://registry.npmjs.org/@vitest%2fcoverage-istanbul set size:undefined disposed:false
795 silly fetch manifest @vitest/coverage-v8@4.1.10
796 silly packumentCache full:https://registry.npmjs.org/@vitest%2fcoverage-v8 cache-miss
797 http fetch GET 200 https://registry.npmjs.org/@vitest%2fcoverage-v8 92ms (cache miss)
798 silly packumentCache full:https://registry.npmjs.org/@vitest%2fcoverage-v8 set size:undefined disposed:false
799 silly fetch manifest @vitest/browser@4.1.10
800 silly packumentCache full:https://registry.npmjs.org/@vitest%2fbrowser cache-miss
801 http fetch GET 200 https://registry.npmjs.org/@vitest%2fbrowser 121ms (cache miss)
802 silly packumentCache full:https://registry.npmjs.org/@vitest%2fbrowser set size:undefined disposed:false
803 silly fetch manifest @vitest/ui@4.1.10
804 silly packumentCache full:https://registry.npmjs.org/@vitest%2fui cache-miss
805 http fetch GET 200 https://registry.npmjs.org/@vitest%2fui 162ms (cache miss)
806 silly packumentCache full:https://registry.npmjs.org/@vitest%2fui set size:undefined disposed:false
807 silly fetch manifest happy-dom@*
808 silly packumentCache full:https://registry.npmjs.org/happy-dom cache-miss
809 http fetch GET 200 https://registry.npmjs.org/happy-dom 175ms (cache miss)
810 silly packumentCache full:https://registry.npmjs.org/happy-dom set size:undefined disposed:false
811 silly fetch manifest jsdom@*
812 silly packumentCache full:https://registry.npmjs.org/jsdom cache-miss
813 http fetch GET 200 https://registry.npmjs.org/jsdom 105ms (cache miss)
814 silly packumentCache full:https://registry.npmjs.org/jsdom set size:undefined disposed:false
815 silly fetch manifest canvas@^3.2.3
816 silly packumentCache full:https://registry.npmjs.org/canvas cache-miss
817 http fetch GET 200 https://registry.npmjs.org/canvas 76ms (cache miss)
818 silly packumentCache full:https://registry.npmjs.org/canvas set size:undefined disposed:false
819 silly fetch manifest jiti@>=1.21.0
820 silly packumentCache full:https://registry.npmjs.org/jiti cache-miss
821 http fetch GET 200 https://registry.npmjs.org/jiti 90ms (cache miss)
822 silly packumentCache full:https://registry.npmjs.org/jiti set size:undefined disposed:false
823 silly fetch manifest less@^4.0.0
824 silly packumentCache full:https://registry.npmjs.org/less cache-miss
825 http fetch GET 200 https://registry.npmjs.org/less 75ms (cache miss)
826 silly packumentCache full:https://registry.npmjs.org/less set size:undefined disposed:false
827 silly fetch manifest sass@^1.70.0
828 silly packumentCache full:https://registry.npmjs.org/sass cache-miss
829 http fetch GET 200 https://registry.npmjs.org/sass 90ms (cache miss)
830 silly packumentCache full:https://registry.npmjs.org/sass set size:undefined disposed:false
831 silly fetch manifest sass-embedded@^1.70.0
832 silly packumentCache full:https://registry.npmjs.org/sass-embedded cache-miss
833 http fetch GET 200 https://registry.npmjs.org/sass-embedded 94ms (cache miss)
834 silly packumentCache full:https://registry.npmjs.org/sass-embedded set size:undefined disposed:false
835 silly fetch manifest stylus@>=0.54.8
836 silly packumentCache full:https://registry.npmjs.org/stylus cache-miss
837 http fetch GET 200 https://registry.npmjs.org/stylus 74ms (cache miss)
838 silly packumentCache full:https://registry.npmjs.org/stylus set size:undefined disposed:false
839 silly fetch manifest sugarss@^5.0.0
840 silly packumentCache full:https://registry.npmjs.org/sugarss cache-miss
841 http fetch GET 200 https://registry.npmjs.org/sugarss 72ms (cache miss)
842 silly packumentCache full:https://registry.npmjs.org/sugarss set size:undefined disposed:false
843 silly fetch manifest postcss@^8.3.3
844 silly packumentCache full:https://registry.npmjs.org/postcss cache-miss
845 http fetch GET 200 https://registry.npmjs.org/postcss 98ms (cache miss)
846 silly packumentCache full:https://registry.npmjs.org/postcss set size:undefined disposed:false
847 silly fetch manifest terser@^5.16.0
848 silly packumentCache full:https://registry.npmjs.org/terser cache-miss
849 http fetch GET 200 https://registry.npmjs.org/terser 91ms (cache miss)
850 silly packumentCache full:https://registry.npmjs.org/terser set size:undefined disposed:false
851 silly fetch manifest tsx@^4.8.1
852 silly packumentCache full:https://registry.npmjs.org/tsx cache-miss
853 http fetch GET 200 https://registry.npmjs.org/tsx 96ms (cache miss)
854 silly packumentCache full:https://registry.npmjs.org/tsx set size:undefined disposed:false
855 silly fetch manifest yaml@^2.4.2
856 silly packumentCache full:https://registry.npmjs.org/yaml cache-miss
857 http fetch GET 200 https://registry.npmjs.org/yaml 79ms (cache miss)
858 silly packumentCache full:https://registry.npmjs.org/yaml set size:undefined disposed:false
859 silly fetch manifest @azure/app-configuration@^1.8.0
860 silly packumentCache full:https://registry.npmjs.org/@azure%2fapp-configuration cache-miss
861 http fetch GET 200 https://registry.npmjs.org/@azure%2fapp-configuration 155ms (cache miss)
862 silly packumentCache full:https://registry.npmjs.org/@azure%2fapp-configuration set size:undefined disposed:false
863 silly fetch manifest @azure/cosmos@^4.2.0
864 silly packumentCache full:https://registry.npmjs.org/@azure%2fcosmos cache-miss
865 http fetch GET 200 https://registry.npmjs.org/@azure%2fcosmos 196ms (cache miss)
866 silly packumentCache full:https://registry.npmjs.org/@azure%2fcosmos set size:undefined disposed:false
867 silly fetch manifest @azure/data-tables@^13.3.0
868 silly packumentCache full:https://registry.npmjs.org/@azure%2fdata-tables cache-miss
869 http fetch GET 200 https://registry.npmjs.org/@azure%2fdata-tables 151ms (cache miss)
870 silly packumentCache full:https://registry.npmjs.org/@azure%2fdata-tables set size:undefined disposed:false
871 silly fetch manifest @azure/identity@^4.6.0
872 silly packumentCache full:https://registry.npmjs.org/@azure%2fidentity cache-miss
873 http fetch GET 200 https://registry.npmjs.org/@azure%2fidentity 223ms (cache miss)
874 silly packumentCache full:https://registry.npmjs.org/@azure%2fidentity set size:undefined disposed:false
875 silly fetch manifest @azure/keyvault-secrets@^4.9.0
876 silly packumentCache full:https://registry.npmjs.org/@azure%2fkeyvault-secrets cache-miss
877 http fetch GET 200 https://registry.npmjs.org/@azure%2fkeyvault-secrets 156ms (cache miss)
878 silly packumentCache full:https://registry.npmjs.org/@azure%2fkeyvault-secrets set size:undefined disposed:false
879 silly fetch manifest @azure/storage-blob@^12.26.0
880 silly packumentCache full:https://registry.npmjs.org/@azure%2fstorage-blob cache-miss
881 http fetch GET 200 https://registry.npmjs.org/@azure%2fstorage-blob 163ms (cache miss)
882 silly packumentCache full:https://registry.npmjs.org/@azure%2fstorage-blob set size:undefined disposed:false
883 silly fetch manifest @capacitor/preferences@^6 || ^7 || ^8
884 silly packumentCache full:https://registry.npmjs.org/@capacitor%2fpreferences cache-miss
885 http fetch GET 200 https://registry.npmjs.org/@capacitor%2fpreferences 159ms (cache miss)
886 silly packumentCache full:https://registry.npmjs.org/@capacitor%2fpreferences set size:undefined disposed:false
887 silly fetch manifest @capacitor/core@>=8.0.0
888 silly packumentCache full:https://registry.npmjs.org/@capacitor%2fcore cache-miss
889 http fetch GET 200 https://registry.npmjs.org/@capacitor%2fcore 191ms (cache miss)
890 silly packumentCache full:https://registry.npmjs.org/@capacitor%2fcore set size:undefined disposed:false
891 silly fetch manifest @deno/kv@>=0.9.0
892 silly packumentCache full:https://registry.npmjs.org/@deno%2fkv cache-miss
893 http fetch GET 200 https://registry.npmjs.org/@deno%2fkv 464ms (cache miss)
894 silly packumentCache full:https://registry.npmjs.org/@deno%2fkv set size:undefined disposed:false
895 silly fetch manifest @netlify/blobs@^6.5.0 || ^7.0.0 || ^8.1.0 || ^9.0.0 || ^10.0.0
896 silly packumentCache full:https://registry.npmjs.org/@netlify%2fblobs cache-miss
897 http fetch GET 200 https://registry.npmjs.org/@netlify%2fblobs 250ms (cache miss)
898 silly packumentCache full:https://registry.npmjs.org/@netlify%2fblobs set size:undefined disposed:false
899 silly fetch manifest @planetscale/database@^1.19.0
900 silly packumentCache full:https://registry.npmjs.org/@planetscale%2fdatabase cache-miss
901 http fetch GET 200 https://registry.npmjs.org/@planetscale%2fdatabase 87ms (cache miss)
902 silly packumentCache full:https://registry.npmjs.org/@planetscale%2fdatabase set size:undefined disposed:false
903 silly fetch manifest @upstash/redis@^1.34.3
904 silly packumentCache full:https://registry.npmjs.org/@upstash%2fredis cache-miss
905 http fetch GET 200 https://registry.npmjs.org/@upstash%2fredis 157ms (cache miss)
906 silly packumentCache full:https://registry.npmjs.org/@upstash%2fredis set size:undefined disposed:false
907 silly fetch manifest @vercel/blob@>=0.27.1
908 silly packumentCache full:https://registry.npmjs.org/@vercel%2fblob cache-miss
909 http fetch GET 200 https://registry.npmjs.org/@vercel%2fblob 110ms (cache miss)
910 silly packumentCache full:https://registry.npmjs.org/@vercel%2fblob set size:undefined disposed:false
911 silly fetch manifest @vercel/functions@^2.2.12 || ^3.0.0
912 silly packumentCache full:https://registry.npmjs.org/@vercel%2ffunctions cache-miss
913 http fetch GET 200 https://registry.npmjs.org/@vercel%2ffunctions 361ms (cache miss)
914 silly packumentCache full:https://registry.npmjs.org/@vercel%2ffunctions set size:undefined disposed:false
915 silly fetch manifest @aws-sdk/credential-provider-web-identity@*
916 silly packumentCache full:https://registry.npmjs.org/@aws-sdk%2fcredential-provider-web-identity cache-miss
917 http fetch GET 200 https://registry.npmjs.org/@aws-sdk%2fcredential-provider-web-identity 110ms (cache miss)
918 silly packumentCache full:https://registry.npmjs.org/@aws-sdk%2fcredential-provider-web-identity set size:undefined disposed:false
919 silly fetch manifest ws@>=8
920 silly packumentCache full:https://registry.npmjs.org/ws cache-miss
921 http fetch GET 200 https://registry.npmjs.org/ws 89ms (cache miss)
922 silly packumentCache full:https://registry.npmjs.org/ws set size:undefined disposed:false
923 silly fetch manifest bufferutil@^4.0.1
924 silly packumentCache full:https://registry.npmjs.org/bufferutil cache-miss
925 http fetch GET 200 https://registry.npmjs.org/bufferutil 76ms (cache miss)
926 silly packumentCache full:https://registry.npmjs.org/bufferutil set size:undefined disposed:false
927 silly fetch manifest utf-8-validate@>=5.0.2
928 silly packumentCache full:https://registry.npmjs.org/utf-8-validate cache-miss
929 http fetch GET 200 https://registry.npmjs.org/utf-8-validate 71ms (cache miss)
930 silly packumentCache full:https://registry.npmjs.org/utf-8-validate set size:undefined disposed:false
931 silly fetch manifest @vercel/kv@^1 || ^2 || ^3
932 silly packumentCache full:https://registry.npmjs.org/@vercel%2fkv cache-miss
933 http fetch GET 200 https://registry.npmjs.org/@vercel%2fkv 291ms (cache miss)
934 silly packumentCache full:https://registry.npmjs.org/@vercel%2fkv set size:undefined disposed:false
935 silly fetch manifest aws4fetch@^1.0.20
936 silly packumentCache full:https://registry.npmjs.org/aws4fetch cache-miss
937 http fetch GET 200 https://registry.npmjs.org/aws4fetch 92ms (cache miss)
938 silly packumentCache full:https://registry.npmjs.org/aws4fetch set size:undefined disposed:false
939 silly fetch manifest db0@>=0.2.1
940 silly packumentCache full:https://registry.npmjs.org/db0 cache-miss
941 http fetch GET 200 https://registry.npmjs.org/db0 74ms (cache miss)
942 silly packumentCache full:https://registry.npmjs.org/db0 set size:undefined disposed:false
943 silly fetch manifest @electric-sql/pglite@*
944 silly packumentCache full:https://registry.npmjs.org/@electric-sql%2fpglite cache-miss
945 http fetch GET 200 https://registry.npmjs.org/@electric-sql%2fpglite 91ms (cache miss)
946 silly packumentCache full:https://registry.npmjs.org/@electric-sql%2fpglite set size:undefined disposed:false
947 silly fetch manifest @libsql/client@*
948 silly packumentCache full:https://registry.npmjs.org/@libsql%2fclient cache-miss
949 http fetch GET 200 https://registry.npmjs.org/@libsql%2fclient 86ms (cache miss)
950 silly packumentCache full:https://registry.npmjs.org/@libsql%2fclient set size:undefined disposed:false
951 silly fetch manifest better-sqlite3@*
952 silly packumentCache full:https://registry.npmjs.org/better-sqlite3 cache-miss
953 http fetch GET 200 https://registry.npmjs.org/better-sqlite3 87ms (cache miss)
954 silly packumentCache full:https://registry.npmjs.org/better-sqlite3 set size:undefined disposed:false
955 silly fetch manifest drizzle-orm@*
956 silly packumentCache full:https://registry.npmjs.org/drizzle-orm cache-miss
957 http fetch GET 200 https://registry.npmjs.org/drizzle-orm 4877ms (cache miss)
958 silly packumentCache full:https://registry.npmjs.org/drizzle-orm set size:undefined disposed:false
959 silly fetch manifest @aws-sdk/client-rds-data@>=3
960 silly packumentCache full:https://registry.npmjs.org/@aws-sdk%2fclient-rds-data cache-miss
961 http fetch GET 200 https://registry.npmjs.org/@aws-sdk%2fclient-rds-data 172ms (cache miss)
962 silly packumentCache full:https://registry.npmjs.org/@aws-sdk%2fclient-rds-data set size:undefined disposed:false
963 silly fetch manifest @cloudflare/workers-types@>=4
964 silly packumentCache full:https://registry.npmjs.org/@cloudflare%2fworkers-types cache-miss
965 http fetch GET 200 https://registry.npmjs.org/@cloudflare%2fworkers-types 135ms (cache miss)
966 silly packumentCache full:https://registry.npmjs.org/@cloudflare%2fworkers-types set size:undefined disposed:false
967 silly fetch manifest @libsql/client-wasm@>=0.10.0
968 silly packumentCache full:https://registry.npmjs.org/@libsql%2fclient-wasm cache-miss
969 http fetch GET 200 https://registry.npmjs.org/@libsql%2fclient-wasm 93ms (cache miss)
970 silly packumentCache full:https://registry.npmjs.org/@libsql%2fclient-wasm set size:undefined disposed:false
971 silly fetch manifest @neondatabase/serverless@>=0.10.0
972 silly packumentCache full:https://registry.npmjs.org/@neondatabase%2fserverless cache-miss
973 http fetch GET 200 https://registry.npmjs.org/@neondatabase%2fserverless 106ms (cache miss)
974 silly packumentCache full:https://registry.npmjs.org/@neondatabase%2fserverless set size:undefined disposed:false
975 silly fetch manifest @op-engineering/op-sqlite@>=2
976 silly packumentCache full:https://registry.npmjs.org/@op-engineering%2fop-sqlite cache-miss
977 http fetch GET 200 https://registry.npmjs.org/@op-engineering%2fop-sqlite 115ms (cache miss)
978 silly packumentCache full:https://registry.npmjs.org/@op-engineering%2fop-sqlite set size:undefined disposed:false
979 silly fetch manifest @sqlite.org/sqlite-wasm@*
980 silly packumentCache full:https://registry.npmjs.org/@sqlite.org%2fsqlite-wasm cache-miss
981 http fetch GET 200 https://registry.npmjs.org/@sqlite.org%2fsqlite-wasm 86ms (cache miss)
982 silly packumentCache full:https://registry.npmjs.org/@sqlite.org%2fsqlite-wasm set size:undefined disposed:false
983 silly fetch manifest react@*
984 silly packumentCache full:https://registry.npmjs.org/react cache-miss
985 http fetch GET 200 https://registry.npmjs.org/react 203ms (cache miss)
986 silly packumentCache full:https://registry.npmjs.org/react set size:undefined disposed:false
987 silly fetch manifest react-native@*
988 silly packumentCache full:https://registry.npmjs.org/react-native cache-miss
989 http fetch GET 200 https://registry.npmjs.org/react-native 295ms (cache miss)
990 silly packumentCache full:https://registry.npmjs.org/react-native set size:undefined disposed:false
991 silly fetch manifest @react-native/jest-preset@0.86.2
992 silly packumentCache full:https://registry.npmjs.org/@react-native%2fjest-preset cache-miss
993 http fetch GET 200 https://registry.npmjs.org/@react-native%2fjest-preset 127ms (cache miss)
994 silly packumentCache full:https://registry.npmjs.org/@react-native%2fjest-preset set size:undefined disposed:false
995 silly fetch manifest @types/react@^19.1.1
996 silly packumentCache full:https://registry.npmjs.org/@types%2freact cache-miss
997 http fetch GET 200 https://registry.npmjs.org/@types%2freact 148ms (cache miss)
998 silly packumentCache full:https://registry.npmjs.org/@types%2freact set size:undefined disposed:false
999 silly fetch manifest @opentelemetry/api@^1.4.1
1000 silly packumentCache full:https://registry.npmjs.org/@opentelemetry%2fapi cache-miss
1001 http cache https://registry.npmjs.org/@opentelemetry%2fapi 18ms (cache hit)
1002 silly packumentCache full:https://registry.npmjs.org/@opentelemetry%2fapi set size:272967 disposed:false
1003 silly fetch manifest @prisma/client@*
1004 silly packumentCache full:https://registry.npmjs.org/@prisma%2fclient cache-miss
1005 http fetch GET 200 https://registry.npmjs.org/@prisma%2fclient 1112ms (cache miss)
1006 silly packumentCache full:https://registry.npmjs.org/@prisma%2fclient set size:undefined disposed:false
1007 silly fetch manifest prisma@*
1008 silly packumentCache full:https://registry.npmjs.org/prisma cache-miss
1009 http fetch GET 200 https://registry.npmjs.org/prisma 881ms (cache miss)
1010 silly packumentCache full:https://registry.npmjs.org/prisma set size:undefined disposed:false
1011 silly fetch manifest typescript@>=5.4.0
1012 silly packumentCache full:https://registry.npmjs.org/typescript cache-miss
1013 http fetch GET 200 https://registry.npmjs.org/typescript 430ms (cache miss)
1014 silly packumentCache full:https://registry.npmjs.org/typescript set size:undefined disposed:false
1015 silly fetch manifest @tidbcloud/serverless@*
1016 silly packumentCache full:https://registry.npmjs.org/@tidbcloud%2fserverless cache-miss
1017 http fetch GET 200 https://registry.npmjs.org/@tidbcloud%2fserverless 102ms (cache miss)
1018 silly packumentCache full:https://registry.npmjs.org/@tidbcloud%2fserverless set size:undefined disposed:false
1019 silly fetch manifest @types/better-sqlite3@*
1020 silly packumentCache full:https://registry.npmjs.org/@types%2fbetter-sqlite3 cache-miss
1021 http fetch GET 200 https://registry.npmjs.org/@types%2fbetter-sqlite3 76ms (cache miss)
1022 silly packumentCache full:https://registry.npmjs.org/@types%2fbetter-sqlite3 set size:undefined disposed:false
1023 silly fetch manifest @types/pg@*
1024 silly packumentCache full:https://registry.npmjs.org/@types%2fpg cache-miss
1025 http fetch GET 200 https://registry.npmjs.org/@types%2fpg 92ms (cache miss)
1026 silly packumentCache full:https://registry.npmjs.org/@types%2fpg set size:undefined disposed:false
1027 silly fetch manifest @types/sql.js@*
1028 silly packumentCache full:https://registry.npmjs.org/@types%2fsql.js cache-miss
1029 http fetch GET 200 https://registry.npmjs.org/@types%2fsql.js 79ms (cache miss)
1030 silly packumentCache full:https://registry.npmjs.org/@types%2fsql.js set size:undefined disposed:false
1031 silly fetch manifest @vercel/postgres@>=0.8.0
1032 silly packumentCache full:https://registry.npmjs.org/@vercel%2fpostgres cache-miss
1033 http fetch GET 200 https://registry.npmjs.org/@vercel%2fpostgres 283ms (cache miss)
1034 silly packumentCache full:https://registry.npmjs.org/@vercel%2fpostgres set size:undefined disposed:false
1035 silly fetch manifest @xata.io/client@*
1036 silly packumentCache full:https://registry.npmjs.org/@xata.io%2fclient cache-miss
1037 http fetch GET 200 https://registry.npmjs.org/@xata.io%2fclient 490ms (cache miss)
1038 silly packumentCache full:https://registry.npmjs.org/@xata.io%2fclient set size:undefined disposed:false
1039 silly fetch manifest bun-types@*
1040 silly packumentCache full:https://registry.npmjs.org/bun-types cache-miss
1041 http fetch GET 200 https://registry.npmjs.org/bun-types 151ms (cache miss)
1042 silly packumentCache full:https://registry.npmjs.org/bun-types set size:undefined disposed:false
1043 silly fetch manifest expo-sqlite@>=14.0.0
1044 silly packumentCache full:https://registry.npmjs.org/expo-sqlite cache-miss
1045 http fetch GET 200 https://registry.npmjs.org/expo-sqlite 96ms (cache miss)
1046 silly packumentCache full:https://registry.npmjs.org/expo-sqlite set size:undefined disposed:false
1047 silly fetch manifest expo@*
1048 silly packumentCache full:https://registry.npmjs.org/expo cache-miss
1049 http fetch GET 200 https://registry.npmjs.org/expo 148ms (cache miss)
1050 silly packumentCache full:https://registry.npmjs.org/expo set size:undefined disposed:false
1051 silly fetch manifest @expo/metro-runtime@*
1052 silly packumentCache full:https://registry.npmjs.org/@expo%2fmetro-runtime cache-miss
1053 http fetch GET 200 https://registry.npmjs.org/@expo%2fmetro-runtime 99ms (cache miss)
1054 silly packumentCache full:https://registry.npmjs.org/@expo%2fmetro-runtime set size:undefined disposed:false
1055 silly fetch manifest react-dom@*
1056 silly packumentCache full:https://registry.npmjs.org/react-dom cache-miss
1057 http fetch GET 200 https://registry.npmjs.org/react-dom 293ms (cache miss)
1058 silly packumentCache full:https://registry.npmjs.org/react-dom set size:undefined disposed:false
1059 silly fetch manifest react-native-web@*
1060 silly packumentCache full:https://registry.npmjs.org/react-native-web cache-miss
1061 http fetch GET 200 https://registry.npmjs.org/react-native-web 92ms (cache miss)
1062 silly packumentCache full:https://registry.npmjs.org/react-native-web set size:undefined disposed:false
1063 silly fetch manifest react-native-webview@*
1064 silly packumentCache full:https://registry.npmjs.org/react-native-webview cache-miss
1065 http fetch GET 200 https://registry.npmjs.org/react-native-webview 95ms (cache miss)
1066 silly packumentCache full:https://registry.npmjs.org/react-native-webview set size:undefined disposed:false
1067 silly fetch manifest gel@>=2
1068 silly packumentCache full:https://registry.npmjs.org/gel cache-miss
1069 http fetch GET 200 https://registry.npmjs.org/gel 69ms (cache miss)
1070 silly packumentCache full:https://registry.npmjs.org/gel set size:undefined disposed:false
1071 silly fetch manifest knex@*
1072 silly packumentCache full:https://registry.npmjs.org/knex cache-miss
1073 http fetch GET 200 https://registry.npmjs.org/knex 104ms (cache miss)
1074 silly packumentCache full:https://registry.npmjs.org/knex set size:undefined disposed:false
1075 silly fetch manifest pg-query-stream@^4.14.0
1076 silly packumentCache full:https://registry.npmjs.org/pg-query-stream cache-miss
1077 http fetch GET 200 https://registry.npmjs.org/pg-query-stream 78ms (cache miss)
1078 silly packumentCache full:https://registry.npmjs.org/pg-query-stream set size:undefined disposed:false
1079 silly fetch manifest pg@^8
1080 silly packumentCache full:https://registry.npmjs.org/pg cache-miss
1081 http fetch GET 200 https://registry.npmjs.org/pg 84ms (cache miss)
1082 silly packumentCache full:https://registry.npmjs.org/pg set size:undefined disposed:false
1083 silly fetch manifest pg-native@>=3.0.1
1084 silly packumentCache full:https://registry.npmjs.org/pg-native cache-miss
1085 http fetch GET 200 https://registry.npmjs.org/pg-native 71ms (cache miss)
1086 silly packumentCache full:https://registry.npmjs.org/pg-native set size:undefined disposed:false
1087 silly fetch manifest kysely@*
1088 silly packumentCache full:https://registry.npmjs.org/kysely cache-miss
1089 http fetch GET 200 https://registry.npmjs.org/kysely 85ms (cache miss)
1090 silly packumentCache full:https://registry.npmjs.org/kysely set size:undefined disposed:false
1091 silly fetch manifest mysql2@>=2
1092 silly packumentCache full:https://registry.npmjs.org/mysql2 cache-miss
1093 http fetch GET 200 https://registry.npmjs.org/mysql2 84ms (cache miss)
1094 silly packumentCache full:https://registry.npmjs.org/mysql2 set size:undefined disposed:false
1095 silly fetch manifest @types/node@>= 8
1096 silly packumentCache full:https://registry.npmjs.org/@types%2fnode cache-miss
1097 http cache https://registry.npmjs.org/@types%2fnode 30ms (cache hit)
1098 silly packumentCache full:https://registry.npmjs.org/@types%2fnode set size:11084776 disposed:false
1099 silly fetch manifest postgres@>=3
1100 silly packumentCache full:https://registry.npmjs.org/postgres cache-miss
1101 http fetch GET 200 https://registry.npmjs.org/postgres 89ms (cache miss)
1102 silly packumentCache full:https://registry.npmjs.org/postgres set size:undefined disposed:false
1103 silly fetch manifest sql.js@>=1
1104 silly packumentCache full:https://registry.npmjs.org/sql.js cache-miss
1105 http fetch GET 200 https://registry.npmjs.org/sql.js 72ms (cache miss)
1106 silly packumentCache full:https://registry.npmjs.org/sql.js set size:undefined disposed:false
1107 silly fetch manifest sqlite3@>=5
1108 silly packumentCache full:https://registry.npmjs.org/sqlite3 cache-miss
1109 http fetch GET 200 https://registry.npmjs.org/sqlite3 81ms (cache miss)
1110 silly packumentCache full:https://registry.npmjs.org/sqlite3 set size:undefined disposed:false
1111 silly fetch manifest idb-keyval@^6.2.1
1112 silly packumentCache full:https://registry.npmjs.org/idb-keyval cache-miss
1113 http fetch GET 200 https://registry.npmjs.org/idb-keyval 76ms (cache miss)
1114 silly packumentCache full:https://registry.npmjs.org/idb-keyval set size:undefined disposed:false
1115 silly fetch manifest ioredis@^5.4.2
1116 silly packumentCache full:https://registry.npmjs.org/ioredis cache-miss
1117 http fetch GET 200 https://registry.npmjs.org/ioredis 97ms (cache miss)
1118 silly packumentCache full:https://registry.npmjs.org/ioredis set size:undefined disposed:false
1119 silly fetch manifest uploadthing@^7.4.4
1120 silly packumentCache full:https://registry.npmjs.org/uploadthing cache-miss
1121 http fetch GET 200 https://registry.npmjs.org/uploadthing 295ms (cache miss)
1122 silly packumentCache full:https://registry.npmjs.org/uploadthing set size:undefined disposed:false
1123 silly fetch manifest express@*
1124 silly packumentCache full:https://registry.npmjs.org/express cache-miss
1125 http fetch GET 200 https://registry.npmjs.org/express 107ms (cache miss)
1126 silly packumentCache full:https://registry.npmjs.org/express set size:undefined disposed:false
1127 silly fetch manifest h3@*
1128 silly packumentCache full:https://registry.npmjs.org/h3 cache-miss
1129 http fetch GET 200 https://registry.npmjs.org/h3 83ms (cache miss)
1130 silly packumentCache full:https://registry.npmjs.org/h3 set size:undefined disposed:false
1131 silly fetch manifest crossws@^0.4.9
1132 silly packumentCache full:https://registry.npmjs.org/crossws cache-miss
1133 http fetch GET 200 https://registry.npmjs.org/crossws 73ms (cache miss)
1134 silly packumentCache full:https://registry.npmjs.org/crossws set size:undefined disposed:false
1135 silly fetch manifest srvx@>=0.11.5
1136 silly packumentCache full:https://registry.npmjs.org/srvx cache-miss
1137 http fetch GET 200 https://registry.npmjs.org/srvx 75ms (cache miss)
1138 silly packumentCache full:https://registry.npmjs.org/srvx set size:undefined disposed:false
1139 silly fetch manifest tailwindcss@^3.0.0 || ^4.0.0-beta.0
1140 silly packumentCache full:https://registry.npmjs.org/tailwindcss cache-miss
1141 http fetch GET 200 https://registry.npmjs.org/tailwindcss 315ms (cache miss)
1142 silly packumentCache full:https://registry.npmjs.org/tailwindcss set size:undefined disposed:false
1143 silly fetch manifest rollup@^1.20.0||^2.0.0||^3.0.0||^4.0.0
1144 silly packumentCache full:https://registry.npmjs.org/rollup cache-miss
1145 http fetch GET 200 https://registry.npmjs.org/rollup 209ms (cache miss)
1146 silly packumentCache full:https://registry.npmjs.org/rollup set size:undefined disposed:false
1147 silly placeDep ROOT @astrojs/compiler-rs@0.3.2 OK for: astro@7.1.6 want: ^0.3.2
1148 silly placeDep ROOT @astrojs/markdown-satteri@0.3.5 OK for: astro@7.1.6 want: 0.3.5
1149 silly placeDep ROOT @astrojs/telemetry@3.3.3 OK for: astro@7.1.6 want: 3.3.3
1150 silly placeDep ROOT @capsizecss/unpack@4.0.1 OK for: astro@7.1.6 want: ^4.0.0
1151 silly placeDep ROOT @clack/prompts@1.7.0 OK for: astro@7.1.6 want: ^1.1.0
1152 silly placeDep ROOT @oslojs/encoding@1.1.0 OK for: astro@7.1.6 want: ^1.1.0
1153 silly placeDep ROOT @rollup/pluginutils@5.4.0 OK for: astro@7.1.6 want: ^5.3.0
1154 silly placeDep ROOT am-i-vibing@0.4.0 OK for: astro@7.1.6 want: ^0.4.0
1155 silly placeDep ROOT aria-query@5.3.2 OK for: astro@7.1.6 want: ^5.3.2
1156 silly placeDep ROOT axobject-query@4.1.0 OK for: astro@7.1.6 want: ^4.1.0
1157 silly placeDep ROOT ci-info@4.4.0 OK for: astro@7.1.6 want: ^4.4.0
1158 silly placeDep ROOT clsx@2.1.1 OK for: astro@7.1.6 want: ^2.1.1
1159 silly placeDep ROOT common-ancestor-path@2.0.0 OK for: astro@7.1.6 want: ^2.0.0
1160 silly placeDep ROOT cookie@2.0.1 OK for: astro@7.1.6 want: ^2.0.1
1161 silly placeDep ROOT devalue@5.9.0 OK for: astro@7.1.6 want: ^5.8.1
1162 silly placeDep ROOT diff@8.0.4 OK for: astro@7.1.6 want: ^8.0.3
1163 silly placeDep ROOT dset@3.1.4 OK for: astro@7.1.6 want: ^3.1.4
1164 silly placeDep ROOT esbuild@0.28.1 OK for: astro@7.1.6 want: ^0.28.0
1165 silly placeDep ROOT flattie@1.1.1 OK for: astro@7.1.6 want: ^1.1.1
1166 silly placeDep ROOT fontace@0.4.1 OK for: astro@7.1.6 want: ~0.4.1
1167 silly placeDep ROOT get-tsconfig@5.0.0-beta.4 OK for: astro@7.1.6 want: 5.0.0-beta.4
1168 silly placeDep ROOT html-escaper@3.0.3 OK for: astro@7.1.6 want: 3.0.3
1169 silly placeDep ROOT http-cache-semantics@4.2.0 OK for: astro@7.1.6 want: ^4.2.0
1170 silly placeDep ROOT jsonc-parser@3.3.1 OK for: astro@7.1.6 want: ^3.3.1
1171 silly placeDep ROOT magic-string@1.1.0 OK for: astro@7.1.6 want: ^1.0.0
1172 silly placeDep ROOT magicast@0.5.4 OK for: astro@7.1.6 want: ^0.5.2
1173 silly placeDep ROOT mrmime@2.0.1 OK for: astro@7.1.6 want: ^2.0.1
1174 silly placeDep ROOT neotraverse@1.0.1 OK for: astro@7.1.6 want: ^1.0.1
1175 silly placeDep ROOT obug@2.1.4 OK for: astro@7.1.6 want: ^2.1.1
1176 silly placeDep ROOT p-limit@7.3.1 OK for: astro@7.1.6 want: ^7.3.0
1177 silly placeDep ROOT p-queue@9.3.3 OK for: astro@7.1.6 want: ^9.1.0
1178 silly placeDep ROOT package-manager-detector@1.8.0 OK for: astro@7.1.6 want: ^1.6.0
1179 silly placeDep ROOT semver@7.8.5 OK for: astro@7.1.6 want: ^7.7.4
1180 silly placeDep ROOT sharp@0.35.3 OK for: astro@7.1.6 want: ^0.34.0 || ^0.35.0
1181 silly placeDep ROOT svgo@4.0.2 OK for: astro@7.1.6 want: ^4.0.1
1182 silly placeDep ROOT tinyclip@0.1.15 OK for: astro@7.1.6 want: ^0.1.12
1183 silly placeDep ROOT tinyexec@1.3.0 OK for: astro@7.1.6 want: ^1.0.4
1184 silly placeDep ROOT tinyglobby@0.2.17 OK for: astro@7.1.6 want: ^0.2.15
1185 silly placeDep ROOT ultrahtml@1.7.0 OK for: astro@7.1.6 want: ^1.6.0
1186 silly placeDep ROOT unifont@0.7.4 OK for: astro@7.1.6 want: ~0.7.4
1187 silly placeDep ROOT unstorage@1.17.5 OK for: astro@7.1.6 want: ^1.17.5
1188 silly placeDep ROOT vite@8.2.0 OK for: astro@7.1.6 want: ^8.0.13
1189 silly placeDep ROOT vitefu@1.1.3 OK for: astro@7.1.6 want: ^1.1.2
1190 silly placeDep ROOT xxhash-wasm@1.1.0 OK for: astro@7.1.6 want: ^1.1.0
1191 silly placeDep ROOT yargs-parser@22.0.0 OK for: astro@7.1.6 want: ^22.0.0
1192 silly placeDep ROOT zod@4.4.3 OK for: astro@7.1.6 want: ^4.3.6
1193 silly fetch manifest @astrojs/compiler-binding@0.3.2
1194 silly packumentCache full:https://registry.npmjs.org/@astrojs%2fcompiler-binding cache-miss
1195 silly fetch manifest satteri@^0.9.1
1196 silly packumentCache full:https://registry.npmjs.org/satteri cache-miss
1197 silly fetch manifest is-docker@^4.0.0
1198 silly packumentCache full:https://registry.npmjs.org/is-docker cache-miss
1199 silly fetch manifest fontkitten@^1.0.3
1200 silly packumentCache full:https://registry.npmjs.org/fontkitten cache-miss
1201 silly fetch manifest fast-string-width@^3.0.2
1202 silly packumentCache full:https://registry.npmjs.org/fast-string-width cache-miss
1203 http fetch GET 200 https://registry.npmjs.org/fast-string-width 74ms (cache miss)
1204 silly packumentCache full:https://registry.npmjs.org/fast-string-width set size:undefined disposed:false
1205 silly fetch manifest fast-wrap-ansi@^0.2.0
1206 silly packumentCache full:https://registry.npmjs.org/fast-wrap-ansi cache-miss
1207 http fetch GET 200 https://registry.npmjs.org/is-docker 86ms (cache miss)
1208 silly packumentCache full:https://registry.npmjs.org/is-docker set size:undefined disposed:false
1209 silly fetch manifest sisteransi@^1.0.5
1210 silly packumentCache full:https://registry.npmjs.org/sisteransi cache-miss
1211 http fetch GET 200 https://registry.npmjs.org/fontkitten 86ms (cache miss)
1212 silly packumentCache full:https://registry.npmjs.org/fontkitten set size:undefined disposed:false
1213 silly fetch manifest @clack/core@1.4.3
1214 silly packumentCache full:https://registry.npmjs.org/@clack%2fcore cache-miss
1215 http fetch GET 200 https://registry.npmjs.org/fast-wrap-ansi 67ms (cache miss)
1216 silly packumentCache full:https://registry.npmjs.org/fast-wrap-ansi set size:undefined disposed:false
1217 silly fetch manifest estree-walker@^2.0.2
1218 silly packumentCache full:https://registry.npmjs.org/estree-walker cache-miss
1219 http cache https://registry.npmjs.org/estree-walker 4ms (cache hit)
1220 silly packumentCache full:https://registry.npmjs.org/estree-walker set size:60887 disposed:false
1221 silly fetch manifest process-ancestry@^0.1.0
1222 silly packumentCache full:https://registry.npmjs.org/process-ancestry cache-miss
1223 http fetch GET 200 https://registry.npmjs.org/sisteransi 68ms (cache miss)
1224 silly packumentCache full:https://registry.npmjs.org/sisteransi set size:undefined disposed:false
1225 silly fetch manifest @esbuild/aix-ppc64@0.28.1
1226 silly packumentCache full:https://registry.npmjs.org/@esbuild%2faix-ppc64 cache-miss
1227 http fetch GET 200 https://registry.npmjs.org/@clack%2fcore 111ms (cache miss)
1228 silly packumentCache full:https://registry.npmjs.org/@clack%2fcore set size:undefined disposed:false
1229 silly fetch manifest @esbuild/android-arm@0.28.1
1230 silly packumentCache full:https://registry.npmjs.org/@esbuild%2fandroid-arm cache-miss
1231 http fetch GET 200 https://registry.npmjs.org/process-ancestry 65ms (cache miss)
1232 silly packumentCache full:https://registry.npmjs.org/process-ancestry set size:undefined disposed:false
1233 silly fetch manifest @esbuild/android-arm64@0.28.1
1234 silly packumentCache full:https://registry.npmjs.org/@esbuild%2fandroid-arm64 cache-miss
1235 http fetch GET 200 https://registry.npmjs.org/satteri 241ms (cache miss)
1236 silly packumentCache full:https://registry.npmjs.org/satteri set size:undefined disposed:false
1237 silly fetch manifest @esbuild/android-x64@0.28.1
1238 silly packumentCache full:https://registry.npmjs.org/@esbuild%2fandroid-x64 cache-miss
1239 http fetch GET 200 https://registry.npmjs.org/@esbuild%2faix-ppc64 89ms (cache miss)
1240 silly packumentCache full:https://registry.npmjs.org/@esbuild%2faix-ppc64 set size:undefined disposed:false
1241 silly fetch manifest @esbuild/darwin-arm64@0.28.1
1242 silly packumentCache full:https://registry.npmjs.org/@esbuild%2fdarwin-arm64 cache-miss
1243 http fetch GET 200 https://registry.npmjs.org/@astrojs%2fcompiler-binding 265ms (cache miss)
1244 silly packumentCache full:https://registry.npmjs.org/@astrojs%2fcompiler-binding set size:undefined disposed:false
1245 silly fetch manifest @esbuild/darwin-x64@0.28.1
1246 silly packumentCache full:https://registry.npmjs.org/@esbuild%2fdarwin-x64 cache-miss
1247 http fetch GET 200 https://registry.npmjs.org/@esbuild%2fandroid-arm64 87ms (cache miss)
1248 silly packumentCache full:https://registry.npmjs.org/@esbuild%2fandroid-arm64 set size:undefined disposed:false
1249 silly fetch manifest @esbuild/freebsd-arm64@0.28.1
1250 silly packumentCache full:https://registry.npmjs.org/@esbuild%2ffreebsd-arm64 cache-miss
1251 http fetch GET 200 https://registry.npmjs.org/@esbuild%2fandroid-arm 114ms (cache miss)
1252 silly packumentCache full:https://registry.npmjs.org/@esbuild%2fandroid-arm set size:undefined disposed:false
1253 silly fetch manifest @esbuild/freebsd-x64@0.28.1
1254 silly packumentCache full:https://registry.npmjs.org/@esbuild%2ffreebsd-x64 cache-miss
1255 http fetch GET 200 https://registry.npmjs.org/@esbuild%2fandroid-x64 83ms (cache miss)
1256 silly packumentCache full:https://registry.npmjs.org/@esbuild%2fandroid-x64 set size:undefined disposed:false
1257 silly fetch manifest @esbuild/linux-arm@0.28.1
1258 silly packumentCache full:https://registry.npmjs.org/@esbuild%2flinux-arm cache-miss
1259 http fetch GET 200 https://registry.npmjs.org/@esbuild%2fdarwin-arm64 88ms (cache miss)
1260 silly packumentCache full:https://registry.npmjs.org/@esbuild%2fdarwin-arm64 set size:undefined disposed:false
1261 silly fetch manifest @esbuild/linux-arm64@0.28.1
1262 silly packumentCache full:https://registry.npmjs.org/@esbuild%2flinux-arm64 cache-miss
1263 http fetch GET 200 https://registry.npmjs.org/@esbuild%2fdarwin-x64 82ms (cache miss)
1264 silly packumentCache full:https://registry.npmjs.org/@esbuild%2fdarwin-x64 set size:undefined disposed:false
1265 silly fetch manifest @esbuild/linux-ia32@0.28.1
1266 silly packumentCache full:https://registry.npmjs.org/@esbuild%2flinux-ia32 cache-miss
1267 http fetch GET 200 https://registry.npmjs.org/@esbuild%2ffreebsd-arm64 92ms (cache miss)
1268 silly packumentCache full:https://registry.npmjs.org/@esbuild%2ffreebsd-arm64 set size:undefined disposed:false
1269 silly fetch manifest @esbuild/linux-loong64@0.28.1
1270 silly packumentCache full:https://registry.npmjs.org/@esbuild%2flinux-loong64 cache-miss
1271 http fetch GET 200 https://registry.npmjs.org/@esbuild%2flinux-arm 87ms (cache miss)
1272 silly packumentCache full:https://registry.npmjs.org/@esbuild%2flinux-arm set size:undefined disposed:false
1273 silly fetch manifest @esbuild/linux-mips64el@0.28.1
1274 silly packumentCache full:https://registry.npmjs.org/@esbuild%2flinux-mips64el cache-miss
1275 http fetch GET 200 https://registry.npmjs.org/@esbuild%2ffreebsd-x64 108ms (cache miss)
1276 silly packumentCache full:https://registry.npmjs.org/@esbuild%2ffreebsd-x64 set size:undefined disposed:false
1277 silly fetch manifest @esbuild/linux-ppc64@0.28.1
1278 silly packumentCache full:https://registry.npmjs.org/@esbuild%2flinux-ppc64 cache-miss
1279 http fetch GET 200 https://registry.npmjs.org/@esbuild%2flinux-arm64 96ms (cache miss)
1280 silly packumentCache full:https://registry.npmjs.org/@esbuild%2flinux-arm64 set size:undefined disposed:false
1281 silly fetch manifest @esbuild/linux-riscv64@0.28.1
1282 silly packumentCache full:https://registry.npmjs.org/@esbuild%2flinux-riscv64 cache-miss
1283 http fetch GET 200 https://registry.npmjs.org/@esbuild%2flinux-ia32 90ms (cache miss)
1284 silly packumentCache full:https://registry.npmjs.org/@esbuild%2flinux-ia32 set size:undefined disposed:false
1285 silly fetch manifest @esbuild/linux-s390x@0.28.1
1286 silly packumentCache full:https://registry.npmjs.org/@esbuild%2flinux-s390x cache-miss
1287 http fetch GET 200 https://registry.npmjs.org/@esbuild%2flinux-loong64 91ms (cache miss)
1288 silly packumentCache full:https://registry.npmjs.org/@esbuild%2flinux-loong64 set size:undefined disposed:false
1289 silly fetch manifest @esbuild/linux-x64@0.28.1
1290 silly packumentCache full:https://registry.npmjs.org/@esbuild%2flinux-x64 cache-miss
1291 http fetch GET 200 https://registry.npmjs.org/@esbuild%2flinux-mips64el 87ms (cache miss)
1292 silly packumentCache full:https://registry.npmjs.org/@esbuild%2flinux-mips64el set size:undefined disposed:false
1293 silly fetch manifest @esbuild/netbsd-arm64@0.28.1
1294 silly packumentCache full:https://registry.npmjs.org/@esbuild%2fnetbsd-arm64 cache-miss
1295 http fetch GET 200 https://registry.npmjs.org/@esbuild%2flinux-riscv64 88ms (cache miss)
1296 silly packumentCache full:https://registry.npmjs.org/@esbuild%2flinux-riscv64 set size:undefined disposed:false
1297 silly fetch manifest @esbuild/netbsd-x64@0.28.1
1298 silly packumentCache full:https://registry.npmjs.org/@esbuild%2fnetbsd-x64 cache-miss
1299 http fetch GET 200 https://registry.npmjs.org/@esbuild%2flinux-ppc64 105ms (cache miss)
1300 silly packumentCache full:https://registry.npmjs.org/@esbuild%2flinux-ppc64 set size:undefined disposed:false
1301 silly fetch manifest @esbuild/openbsd-arm64@0.28.1
1302 silly packumentCache full:https://registry.npmjs.org/@esbuild%2fopenbsd-arm64 cache-miss
1303 http fetch GET 200 https://registry.npmjs.org/@esbuild%2flinux-s390x 93ms (cache miss)
1304 silly packumentCache full:https://registry.npmjs.org/@esbuild%2flinux-s390x set size:undefined disposed:false
1305 silly fetch manifest @esbuild/openbsd-x64@0.28.1
1306 silly packumentCache full:https://registry.npmjs.org/@esbuild%2fopenbsd-x64 cache-miss
1307 http fetch GET 200 https://registry.npmjs.org/@esbuild%2flinux-x64 86ms (cache miss)
1308 silly packumentCache full:https://registry.npmjs.org/@esbuild%2flinux-x64 set size:undefined disposed:false
1309 silly fetch manifest @esbuild/openharmony-arm64@0.28.1
1310 silly packumentCache full:https://registry.npmjs.org/@esbuild%2fopenharmony-arm64 cache-miss
1311 http fetch GET 200 https://registry.npmjs.org/@esbuild%2fnetbsd-arm64 95ms (cache miss)
1312 silly packumentCache full:https://registry.npmjs.org/@esbuild%2fnetbsd-arm64 set size:undefined disposed:false
1313 silly fetch manifest @esbuild/sunos-x64@0.28.1
1314 silly packumentCache full:https://registry.npmjs.org/@esbuild%2fsunos-x64 cache-miss
1315 http fetch GET 200 https://registry.npmjs.org/@esbuild%2fnetbsd-x64 87ms (cache miss)
1316 silly packumentCache full:https://registry.npmjs.org/@esbuild%2fnetbsd-x64 set size:undefined disposed:false
1317 silly fetch manifest @esbuild/win32-arm64@0.28.1
1318 silly packumentCache full:https://registry.npmjs.org/@esbuild%2fwin32-arm64 cache-miss
1319 http fetch GET 200 https://registry.npmjs.org/@esbuild%2fopenbsd-arm64 88ms (cache miss)
1320 silly packumentCache full:https://registry.npmjs.org/@esbuild%2fopenbsd-arm64 set size:undefined disposed:false
1321 silly fetch manifest @esbuild/win32-ia32@0.28.1
1322 silly packumentCache full:https://registry.npmjs.org/@esbuild%2fwin32-ia32 cache-miss
1323 http fetch GET 200 https://registry.npmjs.org/@esbuild%2fopenbsd-x64 96ms (cache miss)
1324 silly packumentCache full:https://registry.npmjs.org/@esbuild%2fopenbsd-x64 set size:undefined disposed:false
1325 silly fetch manifest @esbuild/win32-x64@0.28.1
1326 silly packumentCache full:https://registry.npmjs.org/@esbuild%2fwin32-x64 cache-miss
1327 http fetch GET 200 https://registry.npmjs.org/@esbuild%2fopenharmony-arm64 88ms (cache miss)
1328 silly packumentCache full:https://registry.npmjs.org/@esbuild%2fopenharmony-arm64 set size:undefined disposed:false
1329 silly fetch manifest fontkitten@^1.0.2
1330 silly packumentCache full:https://registry.npmjs.org/fontkitten cache-miss
1331 http cache https://registry.npmjs.org/fontkitten 4ms (cache hit)
1332 silly packumentCache full:https://registry.npmjs.org/fontkitten set size:43549 disposed:false
1333 silly fetch manifest resolve-pkg-maps@^1.0.0
1334 silly packumentCache full:https://registry.npmjs.org/resolve-pkg-maps cache-miss
1335 http fetch GET 200 https://registry.npmjs.org/@esbuild%2fwin32-arm64 90ms (cache miss)
1336 silly packumentCache full:https://registry.npmjs.org/@esbuild%2fwin32-arm64 set size:undefined disposed:false
1337 silly fetch manifest @jridgewell/sourcemap-codec@^1.5.5
1338 silly packumentCache full:https://registry.npmjs.org/@jridgewell%2fsourcemap-codec cache-miss
1339 http fetch GET 200 https://registry.npmjs.org/@esbuild%2fsunos-x64 104ms (cache miss)
1340 silly packumentCache full:https://registry.npmjs.org/@esbuild%2fsunos-x64 set size:undefined disposed:false
1341 silly fetch manifest @babel/types@^7.29.7
1342 silly packumentCache full:https://registry.npmjs.org/@babel%2ftypes cache-miss
1343 http fetch GET 200 https://registry.npmjs.org/@esbuild%2fwin32-ia32 93ms (cache miss)
1344 silly packumentCache full:https://registry.npmjs.org/@esbuild%2fwin32-ia32 set size:undefined disposed:false
1345 silly fetch manifest @babel/parser@^7.29.7
1346 silly packumentCache full:https://registry.npmjs.org/@babel%2fparser cache-miss
1347 http fetch GET 200 https://registry.npmjs.org/@esbuild%2fwin32-x64 100ms (cache miss)
1348 silly packumentCache full:https://registry.npmjs.org/@esbuild%2fwin32-x64 set size:undefined disposed:false
1349 silly fetch manifest source-map-js@^1.2.1
1350 silly packumentCache full:https://registry.npmjs.org/source-map-js cache-miss
1351 http fetch GET 200 https://registry.npmjs.org/resolve-pkg-maps 69ms (cache miss)
1352 silly packumentCache full:https://registry.npmjs.org/resolve-pkg-maps set size:undefined disposed:false
1353 silly fetch manifest yocto-queue@^1.2.1
1354 silly packumentCache full:https://registry.npmjs.org/yocto-queue cache-miss
1355 http fetch GET 200 https://registry.npmjs.org/@jridgewell%2fsourcemap-codec 87ms (cache miss)
1356 silly packumentCache full:https://registry.npmjs.org/@jridgewell%2fsourcemap-codec set size:undefined disposed:false
1357 silly fetch manifest eventemitter3@^5.0.4
1358 silly packumentCache full:https://registry.npmjs.org/eventemitter3 cache-miss
1359 http fetch GET 200 https://registry.npmjs.org/@babel%2ftypes 93ms (cache miss)
1360 silly packumentCache full:https://registry.npmjs.org/@babel%2ftypes set size:undefined disposed:false
1361 silly fetch manifest p-timeout@^7.0.0
1362 silly packumentCache full:https://registry.npmjs.org/p-timeout cache-miss
1363 http fetch GET 200 https://registry.npmjs.org/yocto-queue 75ms (cache miss)
1364 silly packumentCache full:https://registry.npmjs.org/yocto-queue set size:undefined disposed:false
1365 silly fetch manifest @img/colour@^1.1.0
1366 silly packumentCache full:https://registry.npmjs.org/@img%2fcolour cache-miss
1367 http fetch GET 200 https://registry.npmjs.org/source-map-js 85ms (cache miss)
1368 silly packumentCache full:https://registry.npmjs.org/source-map-js set size:undefined disposed:false
1369 silly fetch manifest detect-libc@^2.1.2
1370 silly packumentCache full:https://registry.npmjs.org/detect-libc cache-miss
1371 http fetch GET 200 https://registry.npmjs.org/@babel%2fparser 110ms (cache miss)
1372 silly packumentCache full:https://registry.npmjs.org/@babel%2fparser set size:undefined disposed:false
1373 silly fetch manifest @img/sharp-darwin-arm64@0.35.3
1374 silly packumentCache full:https://registry.npmjs.org/@img%2fsharp-darwin-arm64 cache-miss
1375 http fetch GET 200 https://registry.npmjs.org/eventemitter3 79ms (cache miss)
1376 silly packumentCache full:https://registry.npmjs.org/eventemitter3 set size:undefined disposed:false
1377 silly fetch manifest @img/sharp-darwin-x64@0.35.3
1378 silly packumentCache full:https://registry.npmjs.org/@img%2fsharp-darwin-x64 cache-miss
1379 http fetch GET 200 https://registry.npmjs.org/p-timeout 72ms (cache miss)
1380 silly packumentCache full:https://registry.npmjs.org/p-timeout set size:undefined disposed:false
1381 silly fetch manifest @img/sharp-freebsd-wasm32@0.35.3
1382 silly packumentCache full:https://registry.npmjs.org/@img%2fsharp-freebsd-wasm32 cache-miss
1383 http fetch GET 200 https://registry.npmjs.org/@img%2fcolour 77ms (cache miss)
1384 silly packumentCache full:https://registry.npmjs.org/@img%2fcolour set size:undefined disposed:false
1385 silly fetch manifest @img/sharp-libvips-darwin-arm64@1.3.2
1386 silly packumentCache full:https://registry.npmjs.org/@img%2fsharp-libvips-darwin-arm64 cache-miss
1387 http fetch GET 200 https://registry.npmjs.org/detect-libc 79ms (cache miss)
1388 silly packumentCache full:https://registry.npmjs.org/detect-libc set size:undefined disposed:false
1389 silly fetch manifest @img/sharp-libvips-darwin-x64@1.3.2
1390 silly packumentCache full:https://registry.npmjs.org/@img%2fsharp-libvips-darwin-x64 cache-miss
1391 http fetch GET 200 https://registry.npmjs.org/@img%2fsharp-darwin-arm64 82ms (cache miss)
1392 silly packumentCache full:https://registry.npmjs.org/@img%2fsharp-darwin-arm64 set size:undefined disposed:false
1393 silly fetch manifest @img/sharp-libvips-linux-arm@1.3.2
1394 silly packumentCache full:https://registry.npmjs.org/@img%2fsharp-libvips-linux-arm cache-miss
1395 http fetch GET 200 https://registry.npmjs.org/@img%2fsharp-darwin-x64 85ms (cache miss)
1396 silly packumentCache full:https://registry.npmjs.org/@img%2fsharp-darwin-x64 set size:undefined disposed:false
1397 silly fetch manifest @img/sharp-libvips-linux-arm64@1.3.2
1398 silly packumentCache full:https://registry.npmjs.org/@img%2fsharp-libvips-linux-arm64 cache-miss
1399 http fetch GET 200 https://registry.npmjs.org/@img%2fsharp-freebsd-wasm32 86ms (cache miss)
1400 silly packumentCache full:https://registry.npmjs.org/@img%2fsharp-freebsd-wasm32 set size:undefined disposed:false
1401 silly fetch manifest @img/sharp-libvips-linux-ppc64@1.3.2
1402 silly packumentCache full:https://registry.npmjs.org/@img%2fsharp-libvips-linux-ppc64 cache-miss
1403 http fetch GET 200 https://registry.npmjs.org/@img%2fsharp-libvips-darwin-arm64 93ms (cache miss)
1404 silly packumentCache full:https://registry.npmjs.org/@img%2fsharp-libvips-darwin-arm64 set size:undefined disposed:false
1405 silly fetch manifest @img/sharp-libvips-linux-riscv64@1.3.2
1406 silly packumentCache full:https://registry.npmjs.org/@img%2fsharp-libvips-linux-riscv64 cache-miss
1407 http fetch GET 200 https://registry.npmjs.org/@img%2fsharp-libvips-darwin-x64 102ms (cache miss)
1408 silly packumentCache full:https://registry.npmjs.org/@img%2fsharp-libvips-darwin-x64 set size:undefined disposed:false
1409 silly fetch manifest @img/sharp-libvips-linux-s390x@1.3.2
1410 silly packumentCache full:https://registry.npmjs.org/@img%2fsharp-libvips-linux-s390x cache-miss
1411 http fetch GET 200 https://registry.npmjs.org/@img%2fsharp-libvips-linux-arm 90ms (cache miss)
1412 silly packumentCache full:https://registry.npmjs.org/@img%2fsharp-libvips-linux-arm set size:undefined disposed:false
1413 silly fetch manifest @img/sharp-libvips-linux-x64@1.3.2
1414 silly packumentCache full:https://registry.npmjs.org/@img%2fsharp-libvips-linux-x64 cache-miss
1415 http fetch GET 200 https://registry.npmjs.org/@img%2fsharp-libvips-linux-arm64 82ms (cache miss)
1416 silly packumentCache full:https://registry.npmjs.org/@img%2fsharp-libvips-linux-arm64 set size:undefined disposed:false
1417 silly fetch manifest @img/sharp-libvips-linuxmusl-arm64@1.3.2
1418 silly packumentCache full:https://registry.npmjs.org/@img%2fsharp-libvips-linuxmusl-arm64 cache-miss
1419 http fetch GET 200 https://registry.npmjs.org/@img%2fsharp-libvips-linux-ppc64 88ms (cache miss)
1420 silly packumentCache full:https://registry.npmjs.org/@img%2fsharp-libvips-linux-ppc64 set size:undefined disposed:false
1421 silly fetch manifest @img/sharp-libvips-linuxmusl-x64@1.3.2
1422 silly packumentCache full:https://registry.npmjs.org/@img%2fsharp-libvips-linuxmusl-x64 cache-miss
1423 http fetch GET 200 https://registry.npmjs.org/@img%2fsharp-libvips-linux-riscv64 79ms (cache miss)
1424 silly packumentCache full:https://registry.npmjs.org/@img%2fsharp-libvips-linux-riscv64 set size:undefined disposed:false
1425 silly fetch manifest @img/sharp-linux-arm@0.35.3
1426 silly packumentCache full:https://registry.npmjs.org/@img%2fsharp-linux-arm cache-miss
1427 http fetch GET 200 https://registry.npmjs.org/@img%2fsharp-libvips-linux-x64 83ms (cache miss)
1428 silly packumentCache full:https://registry.npmjs.org/@img%2fsharp-libvips-linux-x64 set size:undefined disposed:false
1429 silly fetch manifest @img/sharp-linux-arm64@0.35.3
1430 silly packumentCache full:https://registry.npmjs.org/@img%2fsharp-linux-arm64 cache-miss
1431 http fetch GET 200 https://registry.npmjs.org/@img%2fsharp-libvips-linux-s390x 100ms (cache miss)
1432 silly packumentCache full:https://registry.npmjs.org/@img%2fsharp-libvips-linux-s390x set size:undefined disposed:false
1433 silly fetch manifest @img/sharp-linux-ppc64@0.35.3
1434 silly packumentCache full:https://registry.npmjs.org/@img%2fsharp-linux-ppc64 cache-miss
1435 http fetch GET 200 https://registry.npmjs.org/@img%2fsharp-libvips-linuxmusl-arm64 89ms (cache miss)
1436 silly packumentCache full:https://registry.npmjs.org/@img%2fsharp-libvips-linuxmusl-arm64 set size:undefined disposed:false
1437 silly fetch manifest @img/sharp-linux-riscv64@0.35.3
1438 silly packumentCache full:https://registry.npmjs.org/@img%2fsharp-linux-riscv64 cache-miss
1439 http fetch GET 200 https://registry.npmjs.org/@img%2fsharp-libvips-linuxmusl-x64 84ms (cache miss)
1440 silly packumentCache full:https://registry.npmjs.org/@img%2fsharp-libvips-linuxmusl-x64 set size:undefined disposed:false
1441 silly fetch manifest @img/sharp-linux-s390x@0.35.3
1442 silly packumentCache full:https://registry.npmjs.org/@img%2fsharp-linux-s390x cache-miss
1443 http fetch GET 200 https://registry.npmjs.org/@img%2fsharp-linux-arm 82ms (cache miss)
1444 silly packumentCache full:https://registry.npmjs.org/@img%2fsharp-linux-arm set size:undefined disposed:false
1445 silly fetch manifest @img/sharp-linux-x64@0.35.3
1446 silly packumentCache full:https://registry.npmjs.org/@img%2fsharp-linux-x64 cache-miss
1447 http fetch GET 200 https://registry.npmjs.org/@img%2fsharp-linux-ppc64 108ms (cache miss)
1448 silly packumentCache full:https://registry.npmjs.org/@img%2fsharp-linux-ppc64 set size:undefined disposed:false
1449 silly fetch manifest @img/sharp-linuxmusl-arm64@0.35.3
1450 silly packumentCache full:https://registry.npmjs.org/@img%2fsharp-linuxmusl-arm64 cache-miss
1451 http fetch GET 200 https://registry.npmjs.org/@img%2fsharp-linux-s390x 83ms (cache miss)
1452 silly packumentCache full:https://registry.npmjs.org/@img%2fsharp-linux-s390x set size:undefined disposed:false
1453 silly fetch manifest @img/sharp-linuxmusl-x64@0.35.3
1454 silly packumentCache full:https://registry.npmjs.org/@img%2fsharp-linuxmusl-x64 cache-miss
1455 http fetch GET 200 https://registry.npmjs.org/@img%2fsharp-linux-riscv64 99ms (cache miss)
1456 silly packumentCache full:https://registry.npmjs.org/@img%2fsharp-linux-riscv64 set size:undefined disposed:false
1457 silly fetch manifest @img/sharp-webcontainers-wasm32@0.35.3
1458 silly packumentCache full:https://registry.npmjs.org/@img%2fsharp-webcontainers-wasm32 cache-miss
1459 http fetch GET 200 https://registry.npmjs.org/@img%2fsharp-linux-x64 83ms (cache miss)
1460 silly packumentCache full:https://registry.npmjs.org/@img%2fsharp-linux-x64 set size:undefined disposed:false
1461 silly fetch manifest @img/sharp-win32-arm64@0.35.3
1462 silly packumentCache full:https://registry.npmjs.org/@img%2fsharp-win32-arm64 cache-miss
1463 http fetch GET 200 https://registry.npmjs.org/@img%2fsharp-linuxmusl-arm64 93ms (cache miss)
1464 silly packumentCache full:https://registry.npmjs.org/@img%2fsharp-linuxmusl-arm64 set size:undefined disposed:false
1465 silly fetch manifest @img/sharp-win32-ia32@0.35.3
1466 silly packumentCache full:https://registry.npmjs.org/@img%2fsharp-win32-ia32 cache-miss
1467 http fetch GET 200 https://registry.npmjs.org/@img%2fsharp-win32-arm64 85ms (cache miss)
1468 silly packumentCache full:https://registry.npmjs.org/@img%2fsharp-win32-arm64 set size:undefined disposed:false
1469 silly fetch manifest @img/sharp-win32-x64@0.35.3
1470 silly packumentCache full:https://registry.npmjs.org/@img%2fsharp-win32-x64 cache-miss
1471 http fetch GET 200 https://registry.npmjs.org/@img%2fsharp-webcontainers-wasm32 99ms (cache miss)
1472 silly packumentCache full:https://registry.npmjs.org/@img%2fsharp-webcontainers-wasm32 set size:undefined disposed:false
1473 silly fetch manifest sax@^1.5.0
1474 silly packumentCache full:https://registry.npmjs.org/sax cache-miss
1475 http fetch GET 200 https://registry.npmjs.org/@img%2fsharp-linuxmusl-x64 113ms (cache miss)
1476 silly packumentCache full:https://registry.npmjs.org/@img%2fsharp-linuxmusl-x64 set size:undefined disposed:false
1477 silly fetch manifest csso@^5.0.5
1478 silly packumentCache full:https://registry.npmjs.org/csso cache-miss
1479 http fetch GET 200 https://registry.npmjs.org/@img%2fsharp-linux-arm64 248ms (cache miss)
1480 silly packumentCache full:https://registry.npmjs.org/@img%2fsharp-linux-arm64 set size:undefined disposed:false
1481 silly fetch manifest css-tree@^3.0.1
1482 silly packumentCache full:https://registry.npmjs.org/css-tree cache-miss
1483 http fetch GET 200 https://registry.npmjs.org/sax 81ms (cache miss)
1484 silly packumentCache full:https://registry.npmjs.org/sax set size:undefined disposed:false
1485 silly fetch manifest css-what@^6.1.0
1486 silly packumentCache full:https://registry.npmjs.org/css-what cache-miss
1487 http fetch GET 200 https://registry.npmjs.org/csso 86ms (cache miss)
1488 silly packumentCache full:https://registry.npmjs.org/csso set size:undefined disposed:false
1489 silly fetch manifest commander@^11.1.0
1490 silly packumentCache full:https://registry.npmjs.org/commander cache-miss
1491 http fetch GET 200 https://registry.npmjs.org/@img%2fsharp-win32-ia32 118ms (cache miss)
1492 silly packumentCache full:https://registry.npmjs.org/@img%2fsharp-win32-ia32 set size:undefined disposed:false
1493 silly fetch manifest css-select@^5.1.0
1494 silly packumentCache full:https://registry.npmjs.org/css-select cache-miss
1495 http fetch GET 200 https://registry.npmjs.org/css-tree 90ms (cache miss)
1496 silly packumentCache full:https://registry.npmjs.org/css-tree set size:undefined disposed:false
1497 silly fetch manifest picocolors@^1.1.1
1498 silly packumentCache full:https://registry.npmjs.org/picocolors cache-miss
1499 http fetch GET 200 https://registry.npmjs.org/@img%2fsharp-win32-x64 107ms (cache miss)
1500 silly packumentCache full:https://registry.npmjs.org/@img%2fsharp-win32-x64 set size:undefined disposed:false
1501 silly fetch manifest fdir@^6.5.0
1502 silly packumentCache full:https://registry.npmjs.org/fdir cache-miss
1503 http fetch GET 200 https://registry.npmjs.org/css-what 72ms (cache miss)
1504 silly packumentCache full:https://registry.npmjs.org/css-what set size:undefined disposed:false
1505 silly fetch manifest ohash@^2.0.11
1506 silly packumentCache full:https://registry.npmjs.org/ohash cache-miss
1507 http fetch GET 200 https://registry.npmjs.org/picocolors 72ms (cache miss)
1508 silly packumentCache full:https://registry.npmjs.org/picocolors set size:undefined disposed:false
1509 silly fetch manifest ofetch@^1.5.1
1510 silly packumentCache full:https://registry.npmjs.org/ofetch cache-miss
1511 http fetch GET 200 https://registry.npmjs.org/css-select 80ms (cache miss)
1512 silly packumentCache full:https://registry.npmjs.org/css-select set size:undefined disposed:false
1513 silly fetch manifest css-tree@^3.1.0
1514 silly packumentCache full:https://registry.npmjs.org/css-tree cache-miss
1515 http fetch GET 200 https://registry.npmjs.org/commander 90ms (cache miss)
1516 silly packumentCache full:https://registry.npmjs.org/commander set size:undefined disposed:false
1517 silly fetch manifest anymatch@^3.1.3
1518 silly packumentCache full:https://registry.npmjs.org/anymatch cache-miss
1519 http cache https://registry.npmjs.org/css-tree 10ms (cache hit)
1520 silly packumentCache full:https://registry.npmjs.org/css-tree set size:229638 disposed:false
1521 silly fetch manifest chokidar@^5.0.0
1522 silly packumentCache full:https://registry.npmjs.org/chokidar cache-miss
1523 http fetch GET 200 https://registry.npmjs.org/fdir 92ms (cache miss)
1524 silly packumentCache full:https://registry.npmjs.org/fdir set size:undefined disposed:false
1525 silly fetch manifest destr@^2.0.5
1526 silly packumentCache full:https://registry.npmjs.org/destr cache-miss
1527 http fetch GET 200 https://registry.npmjs.org/ohash 74ms (cache miss)
1528 silly packumentCache full:https://registry.npmjs.org/ohash set size:undefined disposed:false
1529 silly fetch manifest h3@^1.15.10
1530 silly packumentCache full:https://registry.npmjs.org/h3 cache-miss
1531 http cache https://registry.npmjs.org/h3 7ms (cache hit)
1532 silly packumentCache full:https://registry.npmjs.org/h3 set size:467758 disposed:false
1533 silly fetch manifest lru-cache@^11.2.7
1534 silly packumentCache full:https://registry.npmjs.org/lru-cache cache-miss
1535 http fetch GET 200 https://registry.npmjs.org/ofetch 76ms (cache miss)
1536 silly packumentCache full:https://registry.npmjs.org/ofetch set size:undefined disposed:false
1537 silly fetch manifest node-fetch-native@^1.6.7
1538 silly packumentCache full:https://registry.npmjs.org/node-fetch-native cache-miss
1539 http fetch GET 200 https://registry.npmjs.org/anymatch 73ms (cache miss)
1540 silly packumentCache full:https://registry.npmjs.org/anymatch set size:undefined disposed:false
1541 silly fetch manifest ufo@^1.6.3
1542 silly packumentCache full:https://registry.npmjs.org/ufo cache-miss
1543 http fetch GET 200 https://registry.npmjs.org/chokidar 78ms (cache miss)
1544 silly packumentCache full:https://registry.npmjs.org/chokidar set size:undefined disposed:false
1545 silly fetch manifest postcss@^8.5.23
1546 silly packumentCache full:https://registry.npmjs.org/postcss cache-miss
1547 http cache https://registry.npmjs.org/postcss 15ms (cache hit)
1548 silly packumentCache full:https://registry.npmjs.org/postcss set size:756623 disposed:false
1549 silly fetch manifest rolldown@~1.2.0
1550 silly packumentCache full:https://registry.npmjs.org/rolldown cache-miss
1551 http fetch GET 200 https://registry.npmjs.org/destr 100ms (cache miss)
1552 silly packumentCache full:https://registry.npmjs.org/destr set size:undefined disposed:false
1553 silly fetch manifest lightningcss@^1.33.0
1554 silly packumentCache full:https://registry.npmjs.org/lightningcss cache-miss
1555 http fetch GET 200 https://registry.npmjs.org/node-fetch-native 77ms (cache miss)
1556 silly packumentCache full:https://registry.npmjs.org/node-fetch-native set size:undefined disposed:false
1557 silly fetch manifest fsevents@~2.3.3
1558 silly packumentCache full:https://registry.npmjs.org/fsevents cache-miss
1559 http fetch GET 200 https://registry.npmjs.org/lru-cache 147ms (cache miss)
1560 silly packumentCache full:https://registry.npmjs.org/lru-cache set size:undefined disposed:false
1561 http fetch GET 200 https://registry.npmjs.org/lightningcss 108ms (cache miss)
1562 silly packumentCache full:https://registry.npmjs.org/lightningcss set size:undefined disposed:false
1563 http fetch GET 200 https://registry.npmjs.org/ufo 143ms (cache miss)
1564 silly packumentCache full:https://registry.npmjs.org/ufo set size:undefined disposed:false
1565 http fetch GET 200 https://registry.npmjs.org/fsevents 81ms (cache miss)
1566 silly packumentCache full:https://registry.npmjs.org/fsevents set size:undefined disposed:false
1567 http fetch GET 200 https://registry.npmjs.org/rolldown 139ms (cache miss)
1568 silly packumentCache full:https://registry.npmjs.org/rolldown set size:undefined disposed:false
1569 silly placeDep ROOT @astrojs/compiler-binding@0.3.2 OK for: @astrojs/compiler-rs@0.3.2 want: 0.3.2
1570 silly fetch manifest @astrojs/compiler-binding-darwin-x64@0.3.2
1571 silly packumentCache full:https://registry.npmjs.org/@astrojs%2fcompiler-binding-darwin-x64 cache-miss
1572 silly fetch manifest @astrojs/compiler-binding-wasm32-wasi@0.3.2
1573 silly packumentCache full:https://registry.npmjs.org/@astrojs%2fcompiler-binding-wasm32-wasi cache-miss
1574 silly fetch manifest @astrojs/compiler-binding-darwin-arm64@0.3.2
1575 silly packumentCache full:https://registry.npmjs.org/@astrojs%2fcompiler-binding-darwin-arm64 cache-miss
1576 silly fetch manifest @astrojs/compiler-binding-linux-x64-gnu@0.3.2
1577 silly packumentCache full:https://registry.npmjs.org/@astrojs%2fcompiler-binding-linux-x64-gnu cache-miss
1578 silly fetch manifest @astrojs/compiler-binding-linux-x64-musl@0.3.2
1579 silly packumentCache full:https://registry.npmjs.org/@astrojs%2fcompiler-binding-linux-x64-musl cache-miss
1580 http fetch GET 200 https://registry.npmjs.org/@astrojs%2fcompiler-binding-wasm32-wasi 87ms (cache miss)
1581 silly packumentCache full:https://registry.npmjs.org/@astrojs%2fcompiler-binding-wasm32-wasi set size:undefined disposed:false
1582 silly fetch manifest @astrojs/compiler-binding-win32-x64-msvc@0.3.2
1583 silly packumentCache full:https://registry.npmjs.org/@astrojs%2fcompiler-binding-win32-x64-msvc cache-miss
1584 http fetch GET 200 https://registry.npmjs.org/@astrojs%2fcompiler-binding-darwin-x64 325ms (cache miss)
1585 silly packumentCache full:https://registry.npmjs.org/@astrojs%2fcompiler-binding-darwin-x64 set size:undefined disposed:false
1586 silly fetch manifest @astrojs/compiler-binding-linux-arm64-gnu@0.3.2
1587 silly packumentCache full:https://registry.npmjs.org/@astrojs%2fcompiler-binding-linux-arm64-gnu cache-miss
1588 http fetch GET 200 https://registry.npmjs.org/@astrojs%2fcompiler-binding-linux-arm64-gnu 85ms (cache miss)
1589 silly packumentCache full:https://registry.npmjs.org/@astrojs%2fcompiler-binding-linux-arm64-gnu set size:undefined disposed:false
1590 silly fetch manifest @astrojs/compiler-binding-linux-arm64-musl@0.3.2
1591 silly packumentCache full:https://registry.npmjs.org/@astrojs%2fcompiler-binding-linux-arm64-musl cache-miss
1592 http fetch GET 200 https://registry.npmjs.org/@astrojs%2fcompiler-binding-linux-x64-gnu 479ms (cache miss)
1593 silly packumentCache full:https://registry.npmjs.org/@astrojs%2fcompiler-binding-linux-x64-gnu set size:undefined disposed:false
1594 silly fetch manifest @astrojs/compiler-binding-win32-arm64-msvc@0.3.2
1595 silly packumentCache full:https://registry.npmjs.org/@astrojs%2fcompiler-binding-win32-arm64-msvc cache-miss
1596 http fetch GET 200 https://registry.npmjs.org/@astrojs%2fcompiler-binding-darwin-arm64 503ms (cache miss)
1597 silly packumentCache full:https://registry.npmjs.org/@astrojs%2fcompiler-binding-darwin-arm64 set size:undefined disposed:false
1598 http fetch GET 200 https://registry.npmjs.org/@astrojs%2fcompiler-binding-linux-x64-musl 506ms (cache miss)
1599 silly packumentCache full:https://registry.npmjs.org/@astrojs%2fcompiler-binding-linux-x64-musl set size:undefined disposed:false
1600 http fetch GET 200 https://registry.npmjs.org/@astrojs%2fcompiler-binding-win32-x64-msvc 446ms (cache miss)
1601 silly packumentCache full:https://registry.npmjs.org/@astrojs%2fcompiler-binding-win32-x64-msvc set size:undefined disposed:false
1602 http fetch GET 200 https://registry.npmjs.org/@astrojs%2fcompiler-binding-win32-arm64-msvc 261ms (cache miss)
1603 silly packumentCache full:https://registry.npmjs.org/@astrojs%2fcompiler-binding-win32-arm64-msvc set size:undefined disposed:false
1604 http fetch GET 200 https://registry.npmjs.org/@astrojs%2fcompiler-binding-linux-arm64-musl 514ms (cache miss)
1605 silly packumentCache full:https://registry.npmjs.org/@astrojs%2fcompiler-binding-linux-arm64-musl set size:undefined disposed:false
1606 silly placeDep ROOT @astrojs/compiler-binding-darwin-arm64@0.3.2 OK for: @astrojs/compiler-binding@0.3.2 want: 0.3.2
1607 silly placeDep ROOT @astrojs/compiler-binding-darwin-x64@0.3.2 OK for: @astrojs/compiler-binding@0.3.2 want: 0.3.2
1608 silly placeDep ROOT @astrojs/compiler-binding-linux-arm64-gnu@0.3.2 OK for: @astrojs/compiler-binding@0.3.2 want: 0.3.2
1609 silly placeDep ROOT @astrojs/compiler-binding-linux-arm64-musl@0.3.2 OK for: @astrojs/compiler-binding@0.3.2 want: 0.3.2
1610 silly placeDep ROOT @astrojs/compiler-binding-linux-x64-gnu@0.3.2 OK for: @astrojs/compiler-binding@0.3.2 want: 0.3.2
1611 silly placeDep ROOT @astrojs/compiler-binding-linux-x64-musl@0.3.2 OK for: @astrojs/compiler-binding@0.3.2 want: 0.3.2
1612 silly placeDep ROOT @astrojs/compiler-binding-wasm32-wasi@0.3.2 OK for: @astrojs/compiler-binding@0.3.2 want: 0.3.2
1613 silly placeDep ROOT @astrojs/compiler-binding-win32-arm64-msvc@0.3.2 OK for: @astrojs/compiler-binding@0.3.2 want: 0.3.2
1614 silly placeDep ROOT @astrojs/compiler-binding-win32-x64-msvc@0.3.2 OK for: @astrojs/compiler-binding@0.3.2 want: 0.3.2
1615 silly fetch manifest @napi-rs/wasm-runtime@^1.2.0
1616 silly packumentCache full:https://registry.npmjs.org/@napi-rs%2fwasm-runtime cache-miss
1617 http fetch GET 200 https://registry.npmjs.org/@napi-rs%2fwasm-runtime 89ms (cache miss)
1618 silly packumentCache full:https://registry.npmjs.org/@napi-rs%2fwasm-runtime set size:undefined disposed:false
1619 silly fetch manifest @emnapi/core@^1.7.1 || ^2.0.0-alpha.3
1620 silly packumentCache full:https://registry.npmjs.org/@emnapi%2fcore cache-miss
1621 http fetch GET 200 https://registry.npmjs.org/@emnapi%2fcore 81ms (cache miss)
1622 silly packumentCache full:https://registry.npmjs.org/@emnapi%2fcore set size:undefined disposed:false
1623 silly fetch manifest @emnapi/runtime@^1.7.1 || ^2.0.0-alpha.3
1624 silly packumentCache full:https://registry.npmjs.org/@emnapi%2fruntime cache-miss
1625 http fetch GET 200 https://registry.npmjs.org/@emnapi%2fruntime 86ms (cache miss)
1626 silly packumentCache full:https://registry.npmjs.org/@emnapi%2fruntime set size:undefined disposed:false
1627 silly placeDep ROOT @napi-rs/wasm-runtime@1.2.2 OK for: @astrojs/compiler-binding-wasm32-wasi@0.3.2 want: ^1.2.0
1628 silly placeDep ROOT @emnapi/core@1.11.3 OK for: @napi-rs/wasm-runtime@1.2.2 want: ^1.7.1 || ^2.0.0-alpha.3
1629 silly placeDep ROOT @emnapi/runtime@1.11.3 OK for: @napi-rs/wasm-runtime@1.2.2 want: ^1.7.1 || ^2.0.0-alpha.3
1630 silly fetch manifest @tybys/wasm-util@^0.10.3
1631 silly packumentCache full:https://registry.npmjs.org/@tybys%2fwasm-util cache-miss
1632 silly fetch manifest tslib@^2.4.0
1633 silly packumentCache full:https://registry.npmjs.org/tslib cache-miss
1634 silly fetch manifest tslib@^2.4.0
1635 silly packumentCache full:https://registry.npmjs.org/tslib cache-miss
1636 silly fetch manifest @emnapi/wasi-threads@1.2.3
1637 silly packumentCache full:https://registry.npmjs.org/@emnapi%2fwasi-threads cache-miss
1638 http fetch GET 200 https://registry.npmjs.org/tslib 75ms (cache miss)
1639 silly packumentCache full:https://registry.npmjs.org/tslib set size:undefined disposed:false
1640 http fetch GET 200 https://registry.npmjs.org/tslib 78ms (cache miss)
1641 silly packumentCache full:https://registry.npmjs.org/tslib set size:undefined disposed:false
1642 http fetch GET 200 https://registry.npmjs.org/@tybys%2fwasm-util 90ms (cache miss)
1643 silly packumentCache full:https://registry.npmjs.org/@tybys%2fwasm-util set size:undefined disposed:false
1644 http fetch GET 200 https://registry.npmjs.org/@emnapi%2fwasi-threads 92ms (cache miss)
1645 silly packumentCache full:https://registry.npmjs.org/@emnapi%2fwasi-threads set size:undefined disposed:false
1646 silly placeDep ROOT satteri@0.9.5 OK for: @astrojs/markdown-satteri@0.3.5 want: ^0.9.1
1647 silly fetch manifest @bruits/satteri-linux-x64-gnu@0.9.5
1648 silly packumentCache full:https://registry.npmjs.org/@bruits%2fsatteri-linux-x64-gnu cache-miss
1649 silly fetch manifest @bruits/satteri-linux-arm64-gnu@0.9.5
1650 silly packumentCache full:https://registry.npmjs.org/@bruits%2fsatteri-linux-arm64-gnu cache-miss
1651 silly fetch manifest @bruits/satteri-linux-x64-musl@0.9.5
1652 silly packumentCache full:https://registry.npmjs.org/@bruits%2fsatteri-linux-x64-musl cache-miss
1653 silly fetch manifest @bruits/satteri-linux-arm64-musl@0.9.5
1654 silly packumentCache full:https://registry.npmjs.org/@bruits%2fsatteri-linux-arm64-musl cache-miss
1655 silly fetch manifest @bruits/satteri-darwin-x64@0.9.5
1656 silly packumentCache full:https://registry.npmjs.org/@bruits%2fsatteri-darwin-x64 cache-miss
1657 http fetch GET 200 https://registry.npmjs.org/@bruits%2fsatteri-linux-arm64-gnu 89ms (cache miss)
1658 silly packumentCache full:https://registry.npmjs.org/@bruits%2fsatteri-linux-arm64-gnu set size:undefined disposed:false
1659 silly fetch manifest @bruits/satteri-darwin-arm64@0.9.5
1660 silly packumentCache full:https://registry.npmjs.org/@bruits%2fsatteri-darwin-arm64 cache-miss
1661 http fetch GET 200 https://registry.npmjs.org/@bruits%2fsatteri-darwin-x64 92ms (cache miss)
1662 silly packumentCache full:https://registry.npmjs.org/@bruits%2fsatteri-darwin-x64 set size:undefined disposed:false
1663 silly fetch manifest @bruits/satteri-win32-x64-msvc@0.9.5
1664 silly packumentCache full:https://registry.npmjs.org/@bruits%2fsatteri-win32-x64-msvc cache-miss
1665 http fetch GET 200 https://registry.npmjs.org/@bruits%2fsatteri-linux-x64-musl 99ms (cache miss)
1666 silly packumentCache full:https://registry.npmjs.org/@bruits%2fsatteri-linux-x64-musl set size:undefined disposed:false
1667 silly fetch manifest @bruits/satteri-win32-arm64-msvc@0.9.5
1668 silly packumentCache full:https://registry.npmjs.org/@bruits%2fsatteri-win32-arm64-msvc cache-miss
1669 http fetch GET 200 https://registry.npmjs.org/@bruits%2fsatteri-linux-x64-gnu 103ms (cache miss)
1670 silly packumentCache full:https://registry.npmjs.org/@bruits%2fsatteri-linux-x64-gnu set size:undefined disposed:false
1671 silly fetch manifest @bruits/satteri-wasm32-wasi@0.9.5
1672 silly packumentCache full:https://registry.npmjs.org/@bruits%2fsatteri-wasm32-wasi cache-miss
1673 http fetch GET 200 https://registry.npmjs.org/@bruits%2fsatteri-linux-arm64-musl 261ms (cache miss)
1674 silly packumentCache full:https://registry.npmjs.org/@bruits%2fsatteri-linux-arm64-musl set size:undefined disposed:false
1675 http fetch GET 200 https://registry.npmjs.org/@bruits%2fsatteri-win32-arm64-msvc 333ms (cache miss)
1676 silly packumentCache full:https://registry.npmjs.org/@bruits%2fsatteri-win32-arm64-msvc set size:undefined disposed:false
1677 http fetch GET 200 https://registry.npmjs.org/@bruits%2fsatteri-darwin-arm64 447ms (cache miss)
1678 silly packumentCache full:https://registry.npmjs.org/@bruits%2fsatteri-darwin-arm64 set size:undefined disposed:false
1679 http fetch GET 200 https://registry.npmjs.org/@bruits%2fsatteri-win32-x64-msvc 503ms (cache miss)
1680 silly packumentCache full:https://registry.npmjs.org/@bruits%2fsatteri-win32-x64-msvc set size:undefined disposed:false
1681 http fetch GET 200 https://registry.npmjs.org/@bruits%2fsatteri-wasm32-wasi 495ms (cache miss)
1682 silly packumentCache full:https://registry.npmjs.org/@bruits%2fsatteri-wasm32-wasi set size:undefined disposed:false
1683 silly placeDep ROOT is-docker@4.0.0 OK for: @astrojs/telemetry@3.3.3 want: ^4.0.0
1684 silly placeDep ROOT fontkitten@1.0.3 OK for: @capsizecss/unpack@4.0.1 want: ^1.0.3
1685 silly fetch manifest tiny-inflate@^1.0.3
1686 silly packumentCache full:https://registry.npmjs.org/tiny-inflate cache-miss
1687 http fetch GET 200 https://registry.npmjs.org/tiny-inflate 70ms (cache miss)
1688 silly packumentCache full:https://registry.npmjs.org/tiny-inflate set size:undefined disposed:false
1689 silly placeDep ROOT @clack/core@1.4.3 OK for: @clack/prompts@1.7.0 want: 1.4.3
1690 silly placeDep ROOT fast-string-width@3.0.2 OK for: @clack/prompts@1.7.0 want: ^3.0.2
1691 silly placeDep ROOT fast-wrap-ansi@0.2.2 OK for: @clack/prompts@1.7.0 want: ^0.2.0
1692 silly placeDep ROOT sisteransi@1.0.5 OK for: @clack/prompts@1.7.0 want: ^1.0.5
1693 silly fetch manifest fast-string-truncated-width@^3.0.2
1694 silly packumentCache full:https://registry.npmjs.org/fast-string-truncated-width cache-miss
1695 http fetch GET 200 https://registry.npmjs.org/fast-string-truncated-width 85ms (cache miss)
1696 silly packumentCache full:https://registry.npmjs.org/fast-string-truncated-width set size:undefined disposed:false
1697 silly placeDep ROOT @emnapi/wasi-threads@1.2.3 OK for: @emnapi/core@1.11.3 want: 1.2.3
1698 silly placeDep ROOT tslib@2.8.1 OK for: @emnapi/core@1.11.3 want: ^2.4.0
1699 silly placeDep ROOT @tybys/wasm-util@0.10.3 OK for: @napi-rs/wasm-runtime@1.2.2 want: ^0.10.3
1700 silly placeDep node_modules/@rollup/pluginutils estree-walker@2.0.2 OK for: @rollup/pluginutils@5.4.0 want: ^2.0.2
1701 silly placeDep ROOT process-ancestry@0.1.0 OK for: am-i-vibing@0.4.0 want: ^0.1.0
1702 silly placeDep ROOT dequal@2.0.3 OK for: devlop@1.1.0 want: ^2.0.0
1703 silly placeDep ROOT @esbuild/aix-ppc64@0.28.1 OK for: esbuild@0.28.1 want: 0.28.1
1704 silly placeDep ROOT @esbuild/android-arm@0.28.1 OK for: esbuild@0.28.1 want: 0.28.1
1705 silly placeDep ROOT @esbuild/android-arm64@0.28.1 OK for: esbuild@0.28.1 want: 0.28.1
1706 silly placeDep ROOT @esbuild/android-x64@0.28.1 OK for: esbuild@0.28.1 want: 0.28.1
1707 silly placeDep ROOT @esbuild/darwin-arm64@0.28.1 OK for: esbuild@0.28.1 want: 0.28.1
1708 silly placeDep ROOT @esbuild/darwin-x64@0.28.1 OK for: esbuild@0.28.1 want: 0.28.1
1709 silly placeDep ROOT @esbuild/freebsd-arm64@0.28.1 OK for: esbuild@0.28.1 want: 0.28.1
1710 silly placeDep ROOT @esbuild/freebsd-x64@0.28.1 OK for: esbuild@0.28.1 want: 0.28.1
1711 silly placeDep ROOT @esbuild/linux-arm@0.28.1 OK for: esbuild@0.28.1 want: 0.28.1
1712 silly placeDep ROOT @esbuild/linux-arm64@0.28.1 OK for: esbuild@0.28.1 want: 0.28.1
1713 silly placeDep ROOT @esbuild/linux-ia32@0.28.1 OK for: esbuild@0.28.1 want: 0.28.1
1714 silly placeDep ROOT @esbuild/linux-loong64@0.28.1 OK for: esbuild@0.28.1 want: 0.28.1
1715 silly placeDep ROOT @esbuild/linux-mips64el@0.28.1 OK for: esbuild@0.28.1 want: 0.28.1
1716 silly placeDep ROOT @esbuild/linux-ppc64@0.28.1 OK for: esbuild@0.28.1 want: 0.28.1
1717 silly placeDep ROOT @esbuild/linux-riscv64@0.28.1 OK for: esbuild@0.28.1 want: 0.28.1
1718 silly placeDep ROOT @esbuild/linux-s390x@0.28.1 OK for: esbuild@0.28.1 want: 0.28.1
1719 silly placeDep ROOT @esbuild/linux-x64@0.28.1 OK for: esbuild@0.28.1 want: 0.28.1
1720 silly placeDep ROOT @esbuild/netbsd-arm64@0.28.1 OK for: esbuild@0.28.1 want: 0.28.1
1721 silly placeDep ROOT @esbuild/netbsd-x64@0.28.1 OK for: esbuild@0.28.1 want: 0.28.1
1722 silly placeDep ROOT @esbuild/openbsd-arm64@0.28.1 OK for: esbuild@0.28.1 want: 0.28.1
1723 silly placeDep ROOT @esbuild/openbsd-x64@0.28.1 OK for: esbuild@0.28.1 want: 0.28.1
1724 silly placeDep ROOT @esbuild/openharmony-arm64@0.28.1 OK for: esbuild@0.28.1 want: 0.28.1
1725 silly placeDep ROOT @esbuild/sunos-x64@0.28.1 OK for: esbuild@0.28.1 want: 0.28.1
1726 silly placeDep ROOT @esbuild/win32-arm64@0.28.1 OK for: esbuild@0.28.1 want: 0.28.1
1727 silly placeDep ROOT @esbuild/win32-ia32@0.28.1 OK for: esbuild@0.28.1 want: 0.28.1
1728 silly placeDep ROOT @esbuild/win32-x64@0.28.1 OK for: esbuild@0.28.1 want: 0.28.1
1729 silly placeDep ROOT fast-string-truncated-width@3.0.3 OK for: fast-string-width@3.0.2 want: ^3.0.2
1730 silly placeDep ROOT tiny-inflate@1.0.3 OK for: fontkitten@1.0.3 want: ^1.0.3
1731 silly placeDep ROOT resolve-pkg-maps@1.0.0 OK for: get-tsconfig@5.0.0-beta.4 want: ^1.0.0
1732 silly placeDep ROOT hast-util-from-parse5@8.0.3 OK for: hast-util-from-html@2.0.3 want: ^8.0.0
1733 silly placeDep ROOT parse5@7.3.0 OK for: hast-util-from-html@2.0.3 want: ^7.0.0
1734 silly placeDep ROOT vfile-message@4.0.3 OK for: hast-util-from-html@2.0.3 want: ^4.0.0
1735 silly fetch manifest hastscript@^9.0.0
1736 silly packumentCache full:https://registry.npmjs.org/hastscript cache-miss
1737 silly fetch manifest vfile-location@^5.0.0
1738 silly packumentCache full:https://registry.npmjs.org/vfile-location cache-miss
1739 silly fetch manifest web-namespaces@^2.0.0
1740 silly packumentCache full:https://registry.npmjs.org/web-namespaces cache-miss
1741 silly fetch manifest entities@^6.0.0
1742 silly packumentCache full:https://registry.npmjs.org/entities cache-miss
1743 http fetch GET 200 https://registry.npmjs.org/web-namespaces 84ms (cache miss)
1744 silly packumentCache full:https://registry.npmjs.org/web-namespaces set size:undefined disposed:false
1745 http fetch GET 200 https://registry.npmjs.org/entities 88ms (cache miss)
1746 silly packumentCache full:https://registry.npmjs.org/entities set size:undefined disposed:false
1747 http fetch GET 200 https://registry.npmjs.org/hastscript 92ms (cache miss)
1748 silly packumentCache full:https://registry.npmjs.org/hastscript set size:undefined disposed:false
1749 http fetch GET 200 https://registry.npmjs.org/vfile-location 560ms (cache miss)
1750 silly packumentCache full:https://registry.npmjs.org/vfile-location set size:undefined disposed:false
1751 silly placeDep ROOT hastscript@9.0.1 OK for: hast-util-from-parse5@8.0.3 want: ^9.0.0
1752 silly placeDep ROOT property-information@7.2.0 OK for: hast-util-from-parse5@8.0.3 want: ^7.0.0
1753 silly placeDep ROOT vfile-location@5.0.3 OK for: hast-util-from-parse5@8.0.3 want: ^5.0.0
1754 silly placeDep ROOT web-namespaces@2.0.1 OK for: hast-util-from-parse5@8.0.3 want: ^2.0.0
1755 silly fetch manifest hast-util-parse-selector@^4.0.0
1756 silly packumentCache full:https://registry.npmjs.org/hast-util-parse-selector cache-miss
1757 http fetch GET 200 https://registry.npmjs.org/hast-util-parse-selector 83ms (cache miss)
1758 silly packumentCache full:https://registry.npmjs.org/hast-util-parse-selector set size:undefined disposed:false
1759 silly placeDep ROOT ccount@2.0.1 OK for: hast-util-to-html@9.0.5 want: ^2.0.0
1760 silly placeDep ROOT comma-separated-tokens@2.0.3 OK for: hast-util-to-html@9.0.5 want: ^2.0.0
1761 silly placeDep ROOT hast-util-whitespace@3.0.0 OK for: hast-util-to-html@9.0.5 want: ^3.0.0
1762 silly placeDep ROOT html-void-elements@3.0.0 OK for: hast-util-to-html@9.0.5 want: ^3.0.0
1763 silly placeDep ROOT mdast-util-to-hast@13.2.1 OK for: hast-util-to-html@9.0.5 want: ^13.0.0
1764 silly placeDep ROOT space-separated-tokens@2.0.2 OK for: hast-util-to-html@9.0.5 want: ^2.0.0
1765 silly placeDep ROOT stringify-entities@4.0.4 OK for: hast-util-to-html@9.0.5 want: ^4.0.0
1766 silly placeDep ROOT zwitch@2.0.4 OK for: hast-util-to-html@9.0.5 want: ^2.0.4
1767 silly fetch manifest @ungap/structured-clone@^1.0.0
1768 silly packumentCache full:https://registry.npmjs.org/@ungap%2fstructured-clone cache-miss
1769 silly fetch manifest micromark-util-sanitize-uri@^2.0.0
1770 silly packumentCache full:https://registry.npmjs.org/micromark-util-sanitize-uri cache-miss
1771 silly fetch manifest trim-lines@^3.0.0
1772 silly packumentCache full:https://registry.npmjs.org/trim-lines cache-miss
1773 silly fetch manifest character-entities-html4@^2.0.0
1774 silly packumentCache full:https://registry.npmjs.org/character-entities-html4 cache-miss
1775 silly fetch manifest character-entities-legacy@^3.0.0
1776 silly packumentCache full:https://registry.npmjs.org/character-entities-legacy cache-miss
1777 http fetch GET 200 https://registry.npmjs.org/micromark-util-sanitize-uri 72ms (cache miss)
1778 silly packumentCache full:https://registry.npmjs.org/micromark-util-sanitize-uri set size:undefined disposed:false
1779 http fetch GET 200 https://registry.npmjs.org/character-entities-html4 75ms (cache miss)
1780 silly packumentCache full:https://registry.npmjs.org/character-entities-html4 set size:undefined disposed:false
1781 http fetch GET 200 https://registry.npmjs.org/character-entities-legacy 81ms (cache miss)
1782 silly packumentCache full:https://registry.npmjs.org/character-entities-legacy set size:undefined disposed:false
1783 http fetch GET 200 https://registry.npmjs.org/trim-lines 84ms (cache miss)
1784 silly packumentCache full:https://registry.npmjs.org/trim-lines set size:undefined disposed:false
1785 http fetch GET 200 https://registry.npmjs.org/@ungap%2fstructured-clone 88ms (cache miss)
1786 silly packumentCache full:https://registry.npmjs.org/@ungap%2fstructured-clone set size:undefined disposed:false
1787 silly placeDep ROOT mdast-util-mdx-expression@2.0.1 OK for: hast-util-to-jsx-runtime@2.3.6 want: ^2.0.0
1788 silly placeDep ROOT mdast-util-mdx-jsx@3.2.0 OK for: hast-util-to-jsx-runtime@2.3.6 want: ^3.0.0
1789 silly placeDep ROOT mdast-util-mdxjs-esm@2.0.1 OK for: hast-util-to-jsx-runtime@2.3.6 want: ^2.0.0
1790 silly placeDep ROOT style-to-js@1.1.21 OK for: hast-util-to-jsx-runtime@2.3.6 want: ^1.0.0
1791 silly placeDep ROOT unist-util-position@5.0.0 OK for: hast-util-to-jsx-runtime@2.3.6 want: ^5.0.0
1792 silly fetch manifest mdast-util-to-markdown@^2.0.0
1793 silly packumentCache full:https://registry.npmjs.org/mdast-util-to-markdown cache-miss
1794 silly fetch manifest mdast-util-to-markdown@^2.0.0
1795 silly packumentCache full:https://registry.npmjs.org/mdast-util-to-markdown cache-miss
1796 silly fetch manifest parse-entities@^4.0.0
1797 silly packumentCache full:https://registry.npmjs.org/parse-entities cache-miss
1798 silly fetch manifest mdast-util-to-markdown@^2.0.0
1799 silly packumentCache full:https://registry.npmjs.org/mdast-util-to-markdown cache-miss
1800 silly fetch manifest style-to-object@1.0.14
1801 silly packumentCache full:https://registry.npmjs.org/style-to-object cache-miss
1802 http fetch GET 200 https://registry.npmjs.org/style-to-object 74ms (cache miss)
1803 silly packumentCache full:https://registry.npmjs.org/style-to-object set size:undefined disposed:false
1804 http fetch GET 200 https://registry.npmjs.org/mdast-util-to-markdown 78ms (cache miss)
1805 silly packumentCache full:https://registry.npmjs.org/mdast-util-to-markdown set size:undefined disposed:false
1806 http fetch GET 200 https://registry.npmjs.org/mdast-util-to-markdown 83ms (cache miss)
1807 silly packumentCache full:https://registry.npmjs.org/mdast-util-to-markdown set size:undefined disposed:false
1808 http fetch GET 200 https://registry.npmjs.org/mdast-util-to-markdown 86ms (cache miss)
1809 silly packumentCache full:https://registry.npmjs.org/mdast-util-to-markdown set size:undefined disposed:false
1810 http fetch GET 200 https://registry.npmjs.org/parse-entities 88ms (cache miss)
1811 silly packumentCache full:https://registry.npmjs.org/parse-entities set size:undefined disposed:false
1812 silly placeDep ROOT hast-util-is-element@3.0.0 OK for: hast-util-to-text@4.0.2 want: ^3.0.0
1813 silly placeDep ROOT unist-util-find-after@5.0.0 OK for: hast-util-to-text@4.0.2 want: ^5.0.0
1814 silly placeDep ROOT hast-util-parse-selector@4.0.0 OK for: hastscript@9.0.1 want: ^4.0.0
1815 silly placeDep ROOT argparse@2.0.1 OK for: js-yaml@4.3.1 want: ^2.0.1
1816 silly placeDep ROOT @jridgewell/sourcemap-codec@1.5.5 OK for: magic-string@1.1.0 want: ^1.5.5
1817 silly placeDep ROOT @babel/parser@7.29.8 OK for: magicast@0.5.4 want: ^7.29.7
1818 silly placeDep ROOT @babel/types@7.29.8 OK for: magicast@0.5.4 want: ^7.29.7
1819 silly placeDep ROOT source-map-js@1.2.1 OK for: magicast@0.5.4 want: ^1.2.1
1820 silly fetch manifest @babel/types@^7.29.8
1821 silly packumentCache full:https://registry.npmjs.org/@babel%2ftypes cache-miss
1822 silly fetch manifest @babel/helper-string-parser@^7.29.7
1823 silly packumentCache full:https://registry.npmjs.org/@babel%2fhelper-string-parser cache-miss
1824 silly fetch manifest @babel/helper-validator-identifier@^7.29.7
1825 silly packumentCache full:https://registry.npmjs.org/@babel%2fhelper-validator-identifier cache-miss
1826 http cache https://registry.npmjs.org/@babel%2ftypes 16ms (cache hit)
1827 silly packumentCache full:https://registry.npmjs.org/@babel%2ftypes set size:502938 disposed:false
1828 http fetch GET 200 https://registry.npmjs.org/@babel%2fhelper-validator-identifier 77ms (cache miss)
1829 silly packumentCache full:https://registry.npmjs.org/@babel%2fhelper-validator-identifier set size:undefined disposed:false
1830 http fetch GET 200 https://registry.npmjs.org/@babel%2fhelper-string-parser 100ms (cache miss)
1831 silly packumentCache full:https://registry.npmjs.org/@babel%2fhelper-string-parser set size:undefined disposed:false
1832 silly placeDep ROOT @babel/helper-string-parser@7.29.7 OK for: @babel/types@7.29.8 want: ^7.29.7
1833 silly placeDep ROOT @babel/helper-validator-identifier@7.29.7 OK for: @babel/types@7.29.8 want: ^7.29.7
1834 silly placeDep ROOT mdast-util-from-markdown@2.0.3 OK for: mdast-util-mdx-expression@2.0.1 want: ^2.0.0
1835 silly placeDep ROOT mdast-util-to-markdown@2.1.2 OK for: mdast-util-mdx-expression@2.0.1 want: ^2.0.0
1836 silly fetch manifest decode-named-character-reference@^1.0.0
1837 silly packumentCache full:https://registry.npmjs.org/decode-named-character-reference cache-miss
1838 silly fetch manifest mdast-util-to-string@^4.0.0
1839 silly packumentCache full:https://registry.npmjs.org/mdast-util-to-string cache-miss
1840 silly fetch manifest micromark@^4.0.0
1841 silly packumentCache full:https://registry.npmjs.org/micromark cache-miss
1842 silly fetch manifest micromark-util-decode-numeric-character-reference@^2.0.0
1843 silly packumentCache full:https://registry.npmjs.org/micromark-util-decode-numeric-character-reference cache-miss
1844 silly fetch manifest micromark-util-decode-string@^2.0.0
1845 silly packumentCache full:https://registry.npmjs.org/micromark-util-decode-string cache-miss
1846 http fetch GET 200 https://registry.npmjs.org/micromark-util-decode-numeric-character-reference 69ms (cache miss)
1847 silly packumentCache full:https://registry.npmjs.org/micromark-util-decode-numeric-character-reference set size:undefined disposed:false
1848 silly fetch manifest micromark-util-normalize-identifier@^2.0.0
1849 silly packumentCache full:https://registry.npmjs.org/micromark-util-normalize-identifier cache-miss
1850 http fetch GET 200 https://registry.npmjs.org/mdast-util-to-string 71ms (cache miss)
1851 silly packumentCache full:https://registry.npmjs.org/mdast-util-to-string set size:undefined disposed:false
1852 silly fetch manifest micromark-util-symbol@^2.0.0
1853 silly packumentCache full:https://registry.npmjs.org/micromark-util-symbol cache-miss
1854 http fetch GET 200 https://registry.npmjs.org/micromark 83ms (cache miss)
1855 silly packumentCache full:https://registry.npmjs.org/micromark set size:undefined disposed:false
1856 silly fetch manifest longest-streak@^3.0.0
1857 silly packumentCache full:https://registry.npmjs.org/longest-streak cache-miss
1858 http fetch GET 200 https://registry.npmjs.org/decode-named-character-reference 89ms (cache miss)
1859 silly packumentCache full:https://registry.npmjs.org/decode-named-character-reference set size:undefined disposed:false
1860 silly fetch manifest mdast-util-phrasing@^4.0.0
1861 silly packumentCache full:https://registry.npmjs.org/mdast-util-phrasing cache-miss
1862 http fetch GET 200 https://registry.npmjs.org/micromark-util-decode-string 93ms (cache miss)
1863 silly packumentCache full:https://registry.npmjs.org/micromark-util-decode-string set size:undefined disposed:false
1864 silly fetch manifest micromark-util-classify-character@^2.0.0
1865 silly packumentCache full:https://registry.npmjs.org/micromark-util-classify-character cache-miss
1866 http fetch GET 200 https://registry.npmjs.org/micromark-util-normalize-identifier 69ms (cache miss)
1867 silly packumentCache full:https://registry.npmjs.org/micromark-util-normalize-identifier set size:undefined disposed:false
1868 http fetch GET 200 https://registry.npmjs.org/micromark-util-symbol 73ms (cache miss)
1869 silly packumentCache full:https://registry.npmjs.org/micromark-util-symbol set size:undefined disposed:false
1870 http fetch GET 200 https://registry.npmjs.org/longest-streak 75ms (cache miss)
1871 silly packumentCache full:https://registry.npmjs.org/longest-streak set size:undefined disposed:false
1872 http fetch GET 200 https://registry.npmjs.org/micromark-util-classify-character 73ms (cache miss)
1873 silly packumentCache full:https://registry.npmjs.org/micromark-util-classify-character set size:undefined disposed:false
1874 http fetch GET 200 https://registry.npmjs.org/mdast-util-phrasing 79ms (cache miss)
1875 silly packumentCache full:https://registry.npmjs.org/mdast-util-phrasing set size:undefined disposed:false
1876 silly placeDep ROOT decode-named-character-reference@1.3.0 OK for: mdast-util-from-markdown@2.0.3 want: ^1.0.0
1877 silly placeDep ROOT mdast-util-to-string@4.0.0 OK for: mdast-util-from-markdown@2.0.3 want: ^4.0.0
1878 silly placeDep ROOT micromark@4.0.2 OK for: mdast-util-from-markdown@2.0.3 want: ^4.0.0
1879 silly placeDep ROOT micromark-util-decode-numeric-character-reference@2.0.2 OK for: mdast-util-from-markdown@2.0.3 want: ^2.0.0
1880 silly placeDep ROOT micromark-util-decode-string@2.0.1 OK for: mdast-util-from-markdown@2.0.3 want: ^2.0.0
1881 silly placeDep ROOT micromark-util-normalize-identifier@2.0.1 OK for: mdast-util-from-markdown@2.0.3 want: ^2.0.0
1882 silly placeDep ROOT micromark-util-symbol@2.0.1 OK for: mdast-util-from-markdown@2.0.3 want: ^2.0.0
1883 silly placeDep ROOT micromark-util-types@2.0.2 OK for: mdast-util-from-markdown@2.0.3 want: ^2.0.0
1884 silly fetch manifest character-entities@^2.0.0
1885 silly packumentCache full:https://registry.npmjs.org/character-entities cache-miss
1886 silly fetch manifest @types/debug@^4.0.0
1887 silly packumentCache full:https://registry.npmjs.org/@types%2fdebug cache-miss
1888 silly fetch manifest debug@^4.0.0
1889 silly packumentCache full:https://registry.npmjs.org/debug cache-miss
1890 silly fetch manifest micromark-core-commonmark@^2.0.0
1891 silly packumentCache full:https://registry.npmjs.org/micromark-core-commonmark cache-miss
1892 silly fetch manifest micromark-factory-space@^2.0.0
1893 silly packumentCache full:https://registry.npmjs.org/micromark-factory-space cache-miss
1894 http fetch GET 200 https://registry.npmjs.org/character-entities 68ms (cache miss)
1895 silly packumentCache full:https://registry.npmjs.org/character-entities set size:undefined disposed:false
1896 silly fetch manifest micromark-util-character@^2.0.0
1897 silly packumentCache full:https://registry.npmjs.org/micromark-util-character cache-miss
1898 http fetch GET 200 https://registry.npmjs.org/micromark-factory-space 71ms (cache miss)
1899 silly packumentCache full:https://registry.npmjs.org/micromark-factory-space set size:undefined disposed:false
1900 silly fetch manifest micromark-util-chunked@^2.0.0
1901 silly packumentCache full:https://registry.npmjs.org/micromark-util-chunked cache-miss
1902 http fetch GET 200 https://registry.npmjs.org/@types%2fdebug 75ms (cache miss)
1903 silly packumentCache full:https://registry.npmjs.org/@types%2fdebug set size:undefined disposed:false
1904 silly fetch manifest micromark-util-combine-extensions@^2.0.0
1905 silly packumentCache full:https://registry.npmjs.org/micromark-util-combine-extensions cache-miss
1906 http fetch GET 200 https://registry.npmjs.org/debug 85ms (cache miss)
1907 silly packumentCache full:https://registry.npmjs.org/debug set size:undefined disposed:false
1908 silly fetch manifest micromark-util-encode@^2.0.0
1909 silly packumentCache full:https://registry.npmjs.org/micromark-util-encode cache-miss
1910 http fetch GET 200 https://registry.npmjs.org/micromark-util-character 70ms (cache miss)
1911 silly packumentCache full:https://registry.npmjs.org/micromark-util-character set size:undefined disposed:false
1912 silly fetch manifest micromark-util-resolve-all@^2.0.0
1913 silly packumentCache full:https://registry.npmjs.org/micromark-util-resolve-all cache-miss
1914 http fetch GET 200 https://registry.npmjs.org/micromark-util-chunked 71ms (cache miss)
1915 silly packumentCache full:https://registry.npmjs.org/micromark-util-chunked set size:undefined disposed:false
1916 silly fetch manifest micromark-util-subtokenize@^2.0.0
1917 silly packumentCache full:https://registry.npmjs.org/micromark-util-subtokenize cache-miss
1918 http fetch GET 200 https://registry.npmjs.org/micromark-util-encode 72ms (cache miss)
1919 silly packumentCache full:https://registry.npmjs.org/micromark-util-encode set size:undefined disposed:false
1920 http fetch GET 200 https://registry.npmjs.org/micromark-util-resolve-all 77ms (cache miss)
1921 silly packumentCache full:https://registry.npmjs.org/micromark-util-resolve-all set size:undefined disposed:false
1922 http fetch GET 200 https://registry.npmjs.org/micromark-util-subtokenize 78ms (cache miss)
1923 silly packumentCache full:https://registry.npmjs.org/micromark-util-subtokenize set size:undefined disposed:false
1924 http fetch GET 200 https://registry.npmjs.org/micromark-core-commonmark 298ms (cache miss)
1925 silly packumentCache full:https://registry.npmjs.org/micromark-core-commonmark set size:undefined disposed:false
1926 http fetch GET 200 https://registry.npmjs.org/micromark-util-combine-extensions 261ms (cache miss)
1927 silly packumentCache full:https://registry.npmjs.org/micromark-util-combine-extensions set size:undefined disposed:false
1928 silly placeDep ROOT character-entities@2.0.2 OK for: decode-named-character-reference@1.3.0 want: ^2.0.0
1929 silly placeDep ROOT parse-entities@4.0.2 OK for: mdast-util-mdx-jsx@3.2.0 want: ^4.0.0
1930 silly fetch manifest @types/unist@^2.0.0
1931 silly packumentCache full:https://registry.npmjs.org/@types%2funist cache-hit
1932 silly fetch manifest character-reference-invalid@^2.0.0
1933 silly packumentCache full:https://registry.npmjs.org/character-reference-invalid cache-miss
1934 silly fetch manifest is-alphanumerical@^2.0.0
1935 silly packumentCache full:https://registry.npmjs.org/is-alphanumerical cache-miss
1936 silly fetch manifest is-decimal@^2.0.0
1937 silly packumentCache full:https://registry.npmjs.org/is-decimal cache-miss
1938 silly fetch manifest is-hexadecimal@^2.0.0
1939 silly packumentCache full:https://registry.npmjs.org/is-hexadecimal cache-miss
1940 http fetch GET 200 https://registry.npmjs.org/is-alphanumerical 74ms (cache miss)
1941 silly packumentCache full:https://registry.npmjs.org/is-alphanumerical set size:undefined disposed:false
1942 http fetch GET 200 https://registry.npmjs.org/is-decimal 79ms (cache miss)
1943 silly packumentCache full:https://registry.npmjs.org/is-decimal set size:undefined disposed:false
1944 http fetch GET 200 https://registry.npmjs.org/is-hexadecimal 78ms (cache miss)
1945 silly packumentCache full:https://registry.npmjs.org/is-hexadecimal set size:undefined disposed:false
1946 http fetch GET 200 https://registry.npmjs.org/character-reference-invalid 80ms (cache miss)
1947 silly packumentCache full:https://registry.npmjs.org/character-reference-invalid set size:undefined disposed:false
1948 silly placeDep ROOT @ungap/structured-clone@1.3.3 OK for: mdast-util-to-hast@13.2.1 want: ^1.0.0
1949 silly placeDep ROOT micromark-util-sanitize-uri@2.0.1 OK for: mdast-util-to-hast@13.2.1 want: ^2.0.0
1950 silly placeDep ROOT trim-lines@3.0.1 OK for: mdast-util-to-hast@13.2.1 want: ^3.0.0
1951 silly placeDep ROOT longest-streak@3.1.0 OK for: mdast-util-to-markdown@2.1.2 want: ^3.0.0
1952 silly placeDep ROOT mdast-util-phrasing@4.1.0 OK for: mdast-util-to-markdown@2.1.2 want: ^4.0.0
1953 silly placeDep ROOT micromark-util-classify-character@2.0.1 OK for: mdast-util-to-markdown@2.1.2 want: ^2.0.0
1954 silly placeDep ROOT unist-util-is@6.0.1 OK for: mdast-util-phrasing@4.1.0 want: ^6.0.0
1955 silly placeDep ROOT @types/debug@4.1.13 OK for: micromark@4.0.2 want: ^4.0.0
1956 silly placeDep ROOT debug@4.4.3 OK for: micromark@4.0.2 want: ^4.0.0
1957 silly placeDep ROOT micromark-core-commonmark@2.0.3 OK for: micromark@4.0.2 want: ^2.0.0
1958 silly placeDep ROOT micromark-factory-space@2.0.1 OK for: micromark@4.0.2 want: ^2.0.0
1959 silly placeDep ROOT micromark-util-character@2.1.1 OK for: micromark@4.0.2 want: ^2.0.0
1960 silly placeDep ROOT micromark-util-chunked@2.0.1 OK for: micromark@4.0.2 want: ^2.0.0
1961 silly placeDep ROOT micromark-util-combine-extensions@2.0.1 OK for: micromark@4.0.2 want: ^2.0.0
1962 silly placeDep ROOT micromark-util-encode@2.0.1 OK for: micromark@4.0.2 want: ^2.0.0
1963 silly placeDep ROOT micromark-util-resolve-all@2.0.1 OK for: micromark@4.0.2 want: ^2.0.0
1964 silly placeDep ROOT micromark-util-subtokenize@2.1.0 OK for: micromark@4.0.2 want: ^2.0.0
1965 silly fetch manifest @types/ms@*
1966 silly packumentCache full:https://registry.npmjs.org/@types%2fms cache-miss
1967 silly fetch manifest ms@^2.1.3
1968 silly packumentCache full:https://registry.npmjs.org/ms cache-miss
1969 silly fetch manifest micromark-factory-destination@^2.0.0
1970 silly packumentCache full:https://registry.npmjs.org/micromark-factory-destination cache-miss
1971 silly fetch manifest micromark-factory-label@^2.0.0
1972 silly packumentCache full:https://registry.npmjs.org/micromark-factory-label cache-miss
1973 silly fetch manifest micromark-factory-title@^2.0.0
1974 silly packumentCache full:https://registry.npmjs.org/micromark-factory-title cache-miss
1975 http fetch GET 200 https://registry.npmjs.org/micromark-factory-title 76ms (cache miss)
1976 silly packumentCache full:https://registry.npmjs.org/micromark-factory-title set size:undefined disposed:false
1977 silly fetch manifest micromark-factory-whitespace@^2.0.0
1978 silly packumentCache full:https://registry.npmjs.org/micromark-factory-whitespace cache-miss
1979 http fetch GET 200 https://registry.npmjs.org/ms 80ms (cache miss)
1980 silly packumentCache full:https://registry.npmjs.org/ms set size:undefined disposed:false
1981 silly fetch manifest micromark-util-html-tag-name@^2.0.0
1982 silly packumentCache full:https://registry.npmjs.org/micromark-util-html-tag-name cache-miss
1983 http fetch GET 200 https://registry.npmjs.org/@types%2fms 85ms (cache miss)
1984 silly packumentCache full:https://registry.npmjs.org/@types%2fms set size:undefined disposed:false
1985 http fetch GET 200 https://registry.npmjs.org/micromark-factory-destination 86ms (cache miss)
1986 silly packumentCache full:https://registry.npmjs.org/micromark-factory-destination set size:undefined disposed:false
1987 http fetch GET 200 https://registry.npmjs.org/micromark-factory-label 90ms (cache miss)
1988 silly packumentCache full:https://registry.npmjs.org/micromark-factory-label set size:undefined disposed:false
1989 http fetch GET 200 https://registry.npmjs.org/micromark-util-html-tag-name 70ms (cache miss)
1990 silly packumentCache full:https://registry.npmjs.org/micromark-util-html-tag-name set size:undefined disposed:false
1991 http fetch GET 200 https://registry.npmjs.org/micromark-factory-whitespace 78ms (cache miss)
1992 silly packumentCache full:https://registry.npmjs.org/micromark-factory-whitespace set size:undefined disposed:false
1993 silly placeDep ROOT @types/ms@2.1.0 OK for: @types/debug@4.1.13 want: *
1994 silly placeDep ROOT ms@2.1.3 OK for: debug@4.4.3 want: ^2.1.3
1995 silly placeDep ROOT micromark-factory-destination@2.0.1 OK for: micromark-core-commonmark@2.0.3 want: ^2.0.0
1996 silly placeDep ROOT micromark-factory-label@2.0.1 OK for: micromark-core-commonmark@2.0.3 want: ^2.0.0
1997 silly placeDep ROOT micromark-factory-title@2.0.1 OK for: micromark-core-commonmark@2.0.3 want: ^2.0.0
1998 silly placeDep ROOT micromark-factory-whitespace@2.0.1 OK for: micromark-core-commonmark@2.0.3 want: ^2.0.0
1999 silly placeDep ROOT micromark-util-html-tag-name@2.0.1 OK for: micromark-core-commonmark@2.0.3 want: ^2.0.0
2000 silly placeDep ROOT yocto-queue@1.2.2 OK for: p-limit@7.3.1 want: ^1.2.1
2001 silly placeDep ROOT eventemitter3@5.0.4 OK for: p-queue@9.3.3 want: ^5.0.4
2002 silly placeDep ROOT p-timeout@7.0.1 OK for: p-queue@9.3.3 want: ^7.0.0
2003 silly placeDep node_modules/parse-entities @types/unist@2.0.11 OK for: parse-entities@4.0.2 want: ^2.0.0
2004 silly placeDep ROOT character-entities-legacy@3.0.0 OK for: parse-entities@4.0.2 want: ^3.0.0
2005 silly placeDep ROOT character-reference-invalid@2.0.1 OK for: parse-entities@4.0.2 want: ^2.0.0
2006 silly placeDep ROOT is-alphanumerical@2.0.1 OK for: parse-entities@4.0.2 want: ^2.0.0
2007 silly placeDep ROOT is-decimal@2.0.1 OK for: parse-entities@4.0.2 want: ^2.0.0
2008 silly placeDep ROOT is-hexadecimal@2.0.1 OK for: parse-entities@4.0.2 want: ^2.0.0
2009 silly fetch manifest is-alphabetical@^2.0.0
2010 silly packumentCache full:https://registry.npmjs.org/is-alphabetical cache-miss
2011 http fetch GET 200 https://registry.npmjs.org/is-alphabetical 67ms (cache miss)
2012 silly packumentCache full:https://registry.npmjs.org/is-alphabetical set size:undefined disposed:false
2013 silly placeDep ROOT is-alphabetical@2.0.1 OK for: is-alphanumerical@2.0.1 want: ^2.0.0
2014 silly placeDep ROOT entities@6.0.1 OK for: parse5@7.3.0 want: ^6.0.0
2015 silly placeDep ROOT estree-util-build-jsx@3.0.1 OK for: recma-build-jsx@1.0.0 want: ^3.0.0
2016 silly fetch manifest acorn@^6.0.0 || ^7.0.0 || ^8.0.0
2017 silly packumentCache full:https://registry.npmjs.org/acorn cache-hit
2018 silly placeDep ROOT acorn-jsx@5.3.2 OK for: recma-jsx@1.0.1 want: ^5.0.0
2019 silly placeDep ROOT estree-util-to-js@2.0.0 OK for: recma-jsx@1.0.1 want: ^2.0.0
2020 silly placeDep ROOT recma-parse@1.0.0 OK for: recma-jsx@1.0.1 want: ^1.0.0
2021 silly fetch manifest astring@^1.8.0
2022 silly packumentCache full:https://registry.npmjs.org/astring cache-miss
2023 silly fetch manifest esast-util-from-js@^2.0.0
2024 silly packumentCache full:https://registry.npmjs.org/esast-util-from-js cache-miss
2025 http fetch GET 200 https://registry.npmjs.org/esast-util-from-js 79ms (cache miss)
2026 silly packumentCache full:https://registry.npmjs.org/esast-util-from-js set size:undefined disposed:false
2027 http fetch GET 200 https://registry.npmjs.org/astring 88ms (cache miss)
2028 silly packumentCache full:https://registry.npmjs.org/astring set size:undefined disposed:false
2029 silly placeDep ROOT astring@1.9.0 OK for: estree-util-to-js@2.0.0 want: ^1.8.0
2030 silly placeDep ROOT esast-util-from-js@2.0.1 OK for: recma-parse@1.0.0 want: ^2.0.0
2031 silly fetch manifest esast-util-from-estree@^2.0.0
2032 silly packumentCache full:https://registry.npmjs.org/esast-util-from-estree cache-miss
2033 http fetch GET 200 https://registry.npmjs.org/esast-util-from-estree 79ms (cache miss)
2034 silly packumentCache full:https://registry.npmjs.org/esast-util-from-estree set size:undefined disposed:false
2035 silly placeDep ROOT esast-util-from-estree@2.0.0 OK for: esast-util-from-js@2.0.1 want: ^2.0.0
2036 silly placeDep ROOT hast-util-raw@9.1.0 OK for: rehype-raw@7.0.0 want: ^9.0.0
2037 silly fetch manifest hast-util-to-parse5@^8.0.0
2038 silly packumentCache full:https://registry.npmjs.org/hast-util-to-parse5 cache-miss
2039 http fetch GET 200 https://registry.npmjs.org/hast-util-to-parse5 69ms (cache miss)
2040 silly packumentCache full:https://registry.npmjs.org/hast-util-to-parse5 set size:undefined disposed:false
2041 silly placeDep ROOT hast-util-to-parse5@8.0.1 OK for: hast-util-raw@9.1.0 want: ^8.0.0
2042 silly placeDep ROOT hast-util-to-estree@3.1.3 OK for: rehype-recma@1.0.0 want: ^3.0.0
2043 silly fetch manifest estree-util-attach-comments@^3.0.0
2044 silly packumentCache full:https://registry.npmjs.org/estree-util-attach-comments cache-miss
2045 http fetch GET 200 https://registry.npmjs.org/estree-util-attach-comments 70ms (cache miss)
2046 silly packumentCache full:https://registry.npmjs.org/estree-util-attach-comments set size:undefined disposed:false
2047 silly placeDep ROOT estree-util-attach-comments@3.0.0 OK for: hast-util-to-estree@3.1.3 want: ^3.0.0
2048 silly placeDep ROOT mdast-util-gfm@3.1.0 OK for: remark-gfm@4.0.1 want: ^3.0.0
2049 silly placeDep ROOT micromark-extension-gfm@3.0.0 OK for: remark-gfm@4.0.1 want: ^3.0.0
2050 silly placeDep ROOT remark-stringify@11.0.0 OK for: remark-gfm@4.0.1 want: ^11.0.0
2051 silly fetch manifest mdast-util-gfm-autolink-literal@^2.0.0
2052 silly packumentCache full:https://registry.npmjs.org/mdast-util-gfm-autolink-literal cache-miss
2053 silly fetch manifest mdast-util-gfm-footnote@^2.0.0
2054 silly packumentCache full:https://registry.npmjs.org/mdast-util-gfm-footnote cache-miss
2055 silly fetch manifest mdast-util-gfm-strikethrough@^2.0.0
2056 silly packumentCache full:https://registry.npmjs.org/mdast-util-gfm-strikethrough cache-miss
2057 silly fetch manifest mdast-util-gfm-table@^2.0.0
2058 silly packumentCache full:https://registry.npmjs.org/mdast-util-gfm-table cache-miss
2059 silly fetch manifest mdast-util-gfm-task-list-item@^2.0.0
2060 silly packumentCache full:https://registry.npmjs.org/mdast-util-gfm-task-list-item cache-miss
2061 http fetch GET 200 https://registry.npmjs.org/mdast-util-gfm-task-list-item 73ms (cache miss)
2062 silly packumentCache full:https://registry.npmjs.org/mdast-util-gfm-task-list-item set size:undefined disposed:false
2063 silly fetch manifest micromark-extension-gfm-autolink-literal@^2.0.0
2064 silly packumentCache full:https://registry.npmjs.org/micromark-extension-gfm-autolink-literal cache-miss
2065 http fetch GET 200 https://registry.npmjs.org/mdast-util-gfm-strikethrough 74ms (cache miss)
2066 silly packumentCache full:https://registry.npmjs.org/mdast-util-gfm-strikethrough set size:undefined disposed:false
2067 silly fetch manifest micromark-extension-gfm-footnote@^2.0.0
2068 silly packumentCache full:https://registry.npmjs.org/micromark-extension-gfm-footnote cache-miss
2069 http fetch GET 200 https://registry.npmjs.org/mdast-util-gfm-autolink-literal 82ms (cache miss)
2070 silly packumentCache full:https://registry.npmjs.org/mdast-util-gfm-autolink-literal set size:undefined disposed:false
2071 silly fetch manifest micromark-extension-gfm-strikethrough@^2.0.0
2072 silly packumentCache full:https://registry.npmjs.org/micromark-extension-gfm-strikethrough cache-miss
2073 http fetch GET 200 https://registry.npmjs.org/mdast-util-gfm-table 84ms (cache miss)
2074 silly packumentCache full:https://registry.npmjs.org/mdast-util-gfm-table set size:undefined disposed:false
2075 silly fetch manifest micromark-extension-gfm-table@^2.0.0
2076 silly packumentCache full:https://registry.npmjs.org/micromark-extension-gfm-table cache-miss
2077 http fetch GET 200 https://registry.npmjs.org/mdast-util-gfm-footnote 86ms (cache miss)
2078 silly packumentCache full:https://registry.npmjs.org/mdast-util-gfm-footnote set size:undefined disposed:false
2079 silly fetch manifest micromark-extension-gfm-tagfilter@^2.0.0
2080 silly packumentCache full:https://registry.npmjs.org/micromark-extension-gfm-tagfilter cache-miss
2081 http fetch GET 200 https://registry.npmjs.org/micromark-extension-gfm-footnote 74ms (cache miss)
2082 silly packumentCache full:https://registry.npmjs.org/micromark-extension-gfm-footnote set size:undefined disposed:false
2083 silly fetch manifest micromark-extension-gfm-task-list-item@^2.0.0
2084 silly packumentCache full:https://registry.npmjs.org/micromark-extension-gfm-task-list-item cache-miss
2085 http fetch GET 200 https://registry.npmjs.org/micromark-extension-gfm-autolink-literal 77ms (cache miss)
2086 silly packumentCache full:https://registry.npmjs.org/micromark-extension-gfm-autolink-literal set size:undefined disposed:false
2087 http fetch GET 200 https://registry.npmjs.org/micromark-extension-gfm-strikethrough 80ms (cache miss)
2088 silly packumentCache full:https://registry.npmjs.org/micromark-extension-gfm-strikethrough set size:undefined disposed:false
2089 http fetch GET 200 https://registry.npmjs.org/micromark-extension-gfm-tagfilter 77ms (cache miss)
2090 silly packumentCache full:https://registry.npmjs.org/micromark-extension-gfm-tagfilter set size:undefined disposed:false
2091 http fetch GET 200 https://registry.npmjs.org/micromark-extension-gfm-table 83ms (cache miss)
2092 silly packumentCache full:https://registry.npmjs.org/micromark-extension-gfm-table set size:undefined disposed:false
2093 http fetch GET 200 https://registry.npmjs.org/micromark-extension-gfm-task-list-item 73ms (cache miss)
2094 silly packumentCache full:https://registry.npmjs.org/micromark-extension-gfm-task-list-item set size:undefined disposed:false
2095 silly placeDep ROOT mdast-util-gfm-autolink-literal@2.0.1 OK for: mdast-util-gfm@3.1.0 want: ^2.0.0
2096 silly placeDep ROOT mdast-util-gfm-footnote@2.1.0 OK for: mdast-util-gfm@3.1.0 want: ^2.0.0
2097 silly placeDep ROOT mdast-util-gfm-strikethrough@2.0.0 OK for: mdast-util-gfm@3.1.0 want: ^2.0.0
2098 silly placeDep ROOT mdast-util-gfm-table@2.0.0 OK for: mdast-util-gfm@3.1.0 want: ^2.0.0
2099 silly placeDep ROOT mdast-util-gfm-task-list-item@2.0.0 OK for: mdast-util-gfm@3.1.0 want: ^2.0.0
2100 silly fetch manifest mdast-util-find-and-replace@^3.0.0
2101 silly packumentCache full:https://registry.npmjs.org/mdast-util-find-and-replace cache-miss
2102 silly fetch manifest markdown-table@^3.0.0
2103 silly packumentCache full:https://registry.npmjs.org/markdown-table cache-miss
2104 http fetch GET 200 https://registry.npmjs.org/markdown-table 69ms (cache miss)
2105 silly packumentCache full:https://registry.npmjs.org/markdown-table set size:undefined disposed:false
2106 http fetch GET 200 https://registry.npmjs.org/mdast-util-find-and-replace 78ms (cache miss)
2107 silly packumentCache full:https://registry.npmjs.org/mdast-util-find-and-replace set size:undefined disposed:false
2108 silly placeDep ROOT mdast-util-find-and-replace@3.0.2 OK for: mdast-util-gfm-autolink-literal@2.0.1 want: ^3.0.0
2109 silly fetch manifest escape-string-regexp@^5.0.0
2110 silly packumentCache full:https://registry.npmjs.org/escape-string-regexp cache-miss
2111 http fetch GET 200 https://registry.npmjs.org/escape-string-regexp 67ms (cache miss)
2112 silly packumentCache full:https://registry.npmjs.org/escape-string-regexp set size:undefined disposed:false
2113 silly placeDep ROOT escape-string-regexp@5.0.0 OK for: mdast-util-find-and-replace@3.0.2 want: ^5.0.0
2114 silly placeDep ROOT markdown-table@3.0.4 OK for: mdast-util-gfm-table@2.0.0 want: ^3.0.0
2115 silly placeDep ROOT micromark-extension-gfm-autolink-literal@2.1.0 OK for: micromark-extension-gfm@3.0.0 want: ^2.0.0
2116 silly placeDep ROOT micromark-extension-gfm-footnote@2.1.0 OK for: micromark-extension-gfm@3.0.0 want: ^2.0.0
2117 silly placeDep ROOT micromark-extension-gfm-strikethrough@2.1.0 OK for: micromark-extension-gfm@3.0.0 want: ^2.0.0
2118 silly placeDep ROOT micromark-extension-gfm-table@2.1.1 OK for: micromark-extension-gfm@3.0.0 want: ^2.0.0
2119 silly placeDep ROOT micromark-extension-gfm-tagfilter@2.0.0 OK for: micromark-extension-gfm@3.0.0 want: ^2.0.0
2120 silly placeDep ROOT micromark-extension-gfm-task-list-item@2.1.0 OK for: micromark-extension-gfm@3.0.0 want: ^2.0.0
2121 silly placeDep ROOT mdast-util-mdx@3.0.0 OK for: remark-mdx@3.1.1 want: ^3.0.0
2122 silly placeDep ROOT micromark-extension-mdxjs@3.0.0 OK for: remark-mdx@3.1.1 want: ^3.0.0
2123 silly fetch manifest micromark-extension-mdx-expression@^3.0.0
2124 silly packumentCache full:https://registry.npmjs.org/micromark-extension-mdx-expression cache-miss
2125 silly fetch manifest micromark-extension-mdx-jsx@^3.0.0
2126 silly packumentCache full:https://registry.npmjs.org/micromark-extension-mdx-jsx cache-miss
2127 silly fetch manifest micromark-extension-mdx-md@^2.0.0
2128 silly packumentCache full:https://registry.npmjs.org/micromark-extension-mdx-md cache-miss
2129 silly fetch manifest micromark-extension-mdxjs-esm@^3.0.0
2130 silly packumentCache full:https://registry.npmjs.org/micromark-extension-mdxjs-esm cache-miss
2131 http fetch GET 200 https://registry.npmjs.org/micromark-extension-mdx-jsx 74ms (cache miss)
2132 silly packumentCache full:https://registry.npmjs.org/micromark-extension-mdx-jsx set size:undefined disposed:false
2133 http fetch GET 200 https://registry.npmjs.org/micromark-extension-mdxjs-esm 74ms (cache miss)
2134 silly packumentCache full:https://registry.npmjs.org/micromark-extension-mdxjs-esm set size:undefined disposed:false
2135 http fetch GET 200 https://registry.npmjs.org/micromark-extension-mdx-md 78ms (cache miss)
2136 silly packumentCache full:https://registry.npmjs.org/micromark-extension-mdx-md set size:undefined disposed:false
2137 http fetch GET 200 https://registry.npmjs.org/micromark-extension-mdx-expression 84ms (cache miss)
2138 silly packumentCache full:https://registry.npmjs.org/micromark-extension-mdx-expression set size:undefined disposed:false
2139 silly placeDep ROOT micromark-extension-mdx-expression@3.0.1 OK for: micromark-extension-mdxjs@3.0.0 want: ^3.0.0
2140 silly placeDep ROOT micromark-extension-mdx-jsx@3.0.2 OK for: micromark-extension-mdxjs@3.0.0 want: ^3.0.0
2141 silly placeDep ROOT micromark-extension-mdx-md@2.0.0 OK for: micromark-extension-mdxjs@3.0.0 want: ^2.0.0
2142 silly placeDep ROOT micromark-extension-mdxjs-esm@3.0.0 OK for: micromark-extension-mdxjs@3.0.0 want: ^3.0.0
2143 silly fetch manifest micromark-factory-mdx-expression@^2.0.0
2144 silly packumentCache full:https://registry.npmjs.org/micromark-factory-mdx-expression cache-miss
2145 silly fetch manifest micromark-util-events-to-acorn@^2.0.0
2146 silly packumentCache full:https://registry.npmjs.org/micromark-util-events-to-acorn cache-miss
2147 silly fetch manifest micromark-factory-mdx-expression@^2.0.0
2148 silly packumentCache full:https://registry.npmjs.org/micromark-factory-mdx-expression cache-miss
2149 silly fetch manifest micromark-util-events-to-acorn@^2.0.0
2150 silly packumentCache full:https://registry.npmjs.org/micromark-util-events-to-acorn cache-miss
2151 silly fetch manifest micromark-util-events-to-acorn@^2.0.0
2152 silly packumentCache full:https://registry.npmjs.org/micromark-util-events-to-acorn cache-miss
2153 http fetch GET 200 https://registry.npmjs.org/micromark-util-events-to-acorn 74ms (cache miss)
2154 silly packumentCache full:https://registry.npmjs.org/micromark-util-events-to-acorn set size:undefined disposed:false
2155 http fetch GET 200 https://registry.npmjs.org/micromark-util-events-to-acorn 77ms (cache miss)
2156 silly packumentCache full:https://registry.npmjs.org/micromark-util-events-to-acorn set size:undefined disposed:false
2157 http fetch GET 200 https://registry.npmjs.org/micromark-util-events-to-acorn 78ms (cache miss)
2158 silly packumentCache full:https://registry.npmjs.org/micromark-util-events-to-acorn set size:undefined disposed:false
2159 http fetch GET 200 https://registry.npmjs.org/micromark-factory-mdx-expression 79ms (cache miss)
2160 silly packumentCache full:https://registry.npmjs.org/micromark-factory-mdx-expression set size:undefined disposed:false
2161 http fetch GET 200 https://registry.npmjs.org/micromark-factory-mdx-expression 81ms (cache miss)
2162 silly packumentCache full:https://registry.npmjs.org/micromark-factory-mdx-expression set size:undefined disposed:false
2163 silly placeDep ROOT micromark-factory-mdx-expression@2.0.3 OK for: micromark-extension-mdx-expression@3.0.1 want: ^2.0.0
2164 silly placeDep ROOT micromark-util-events-to-acorn@2.0.3 OK for: micromark-extension-mdx-expression@3.0.1 want: ^2.0.0
2165 silly placeDep ROOT retext@9.0.0 OK for: remark-smartypants@3.0.3 want: ^9.0.0
2166 silly fetch manifest retext-latin@^4.0.0
2167 silly packumentCache full:https://registry.npmjs.org/retext-latin cache-miss
2168 silly fetch manifest retext-stringify@^4.0.0
2169 silly packumentCache full:https://registry.npmjs.org/retext-stringify cache-miss
2170 http fetch GET 200 https://registry.npmjs.org/retext-latin 71ms (cache miss)
2171 silly packumentCache full:https://registry.npmjs.org/retext-latin set size:undefined disposed:false
2172 http fetch GET 200 https://registry.npmjs.org/retext-stringify 74ms (cache miss)
2173 silly packumentCache full:https://registry.npmjs.org/retext-stringify set size:undefined disposed:false
2174 silly placeDep ROOT @types/nlcst@2.0.3 OK for: retext@9.0.0 want: ^2.0.0
2175 silly placeDep ROOT retext-latin@4.0.0 OK for: retext@9.0.0 want: ^4.0.0
2176 silly placeDep ROOT retext-stringify@4.0.0 OK for: retext@9.0.0 want: ^4.0.0
2177 silly fetch manifest parse-latin@^7.0.0
2178 silly packumentCache full:https://registry.npmjs.org/parse-latin cache-miss
2179 http fetch GET 200 https://registry.npmjs.org/parse-latin 233ms (cache miss)
2180 silly packumentCache full:https://registry.npmjs.org/parse-latin set size:undefined disposed:false
2181 silly placeDep ROOT parse-latin@7.0.0 OK for: retext-latin@4.0.0 want: ^7.0.0
2182 silly fetch manifest unist-util-modify-children@^4.0.0
2183 silly packumentCache full:https://registry.npmjs.org/unist-util-modify-children cache-miss
2184 silly fetch manifest unist-util-visit-children@^3.0.0
2185 silly packumentCache full:https://registry.npmjs.org/unist-util-visit-children cache-miss
2186 http fetch GET 200 https://registry.npmjs.org/unist-util-visit-children 75ms (cache miss)
2187 silly packumentCache full:https://registry.npmjs.org/unist-util-visit-children set size:undefined disposed:false
2188 http fetch GET 200 https://registry.npmjs.org/unist-util-modify-children 78ms (cache miss)
2189 silly packumentCache full:https://registry.npmjs.org/unist-util-modify-children set size:undefined disposed:false
2190 silly placeDep ROOT nlcst-to-string@4.0.0 OK for: parse-latin@7.0.0 want: ^4.0.0
2191 silly placeDep ROOT unist-util-modify-children@4.0.0 OK for: parse-latin@7.0.0 want: ^4.0.0
2192 silly placeDep ROOT unist-util-visit-children@3.0.0 OK for: parse-latin@7.0.0 want: ^3.0.0
2193 silly fetch manifest array-iterate@^2.0.0
2194 silly packumentCache full:https://registry.npmjs.org/array-iterate cache-miss
2195 http fetch GET 200 https://registry.npmjs.org/array-iterate 68ms (cache miss)
2196 silly packumentCache full:https://registry.npmjs.org/array-iterate set size:undefined disposed:false
2197 silly placeDep ROOT @bruits/satteri-darwin-arm64@0.9.5 OK for: satteri@0.9.5 want: 0.9.5
2198 silly placeDep ROOT @bruits/satteri-darwin-x64@0.9.5 OK for: satteri@0.9.5 want: 0.9.5
2199 silly placeDep ROOT @bruits/satteri-linux-arm64-gnu@0.9.5 OK for: satteri@0.9.5 want: 0.9.5
2200 silly placeDep ROOT @bruits/satteri-linux-arm64-musl@0.9.5 OK for: satteri@0.9.5 want: 0.9.5
2201 silly placeDep ROOT @bruits/satteri-linux-x64-gnu@0.9.5 OK for: satteri@0.9.5 want: 0.9.5
2202 silly placeDep ROOT @bruits/satteri-linux-x64-musl@0.9.5 OK for: satteri@0.9.5 want: 0.9.5
2203 silly placeDep ROOT @bruits/satteri-wasm32-wasi@0.9.5 OK for: satteri@0.9.5 want: 0.9.5
2204 silly placeDep ROOT @bruits/satteri-win32-arm64-msvc@0.9.5 OK for: satteri@0.9.5 want: 0.9.5
2205 silly placeDep ROOT @bruits/satteri-win32-x64-msvc@0.9.5 OK for: satteri@0.9.5 want: 0.9.5
2206 silly fetch manifest @emnapi/core@1.11.1
2207 silly packumentCache full:https://registry.npmjs.org/@emnapi%2fcore cache-miss
2208 silly fetch manifest @emnapi/runtime@1.11.1
2209 silly packumentCache full:https://registry.npmjs.org/@emnapi%2fruntime cache-miss
2210 http cache https://registry.npmjs.org/@emnapi%2fruntime 6ms (cache hit)
2211 silly packumentCache full:https://registry.npmjs.org/@emnapi%2fruntime set size:122916 disposed:false
2212 http cache https://registry.npmjs.org/@emnapi%2fcore 8ms (cache hit)
2213 silly packumentCache full:https://registry.npmjs.org/@emnapi%2fcore set size:121716 disposed:false
2214 silly placeDep node_modules/@bruits/satteri-wasm32-wasi @emnapi/core@1.11.1 OK for: @bruits/satteri-wasm32-wasi@0.9.5 want: 1.11.1
2215 silly placeDep node_modules/@bruits/satteri-wasm32-wasi @emnapi/runtime@1.11.1 OK for: @bruits/satteri-wasm32-wasi@0.9.5 want: 1.11.1
2216 silly fetch manifest @emnapi/wasi-threads@1.2.2
2217 silly packumentCache full:https://registry.npmjs.org/@emnapi%2fwasi-threads cache-miss
2218 http cache https://registry.npmjs.org/@emnapi%2fwasi-threads 4ms (cache hit)
2219 silly packumentCache full:https://registry.npmjs.org/@emnapi%2fwasi-threads set size:27058 disposed:false
2220 silly placeDep ROOT @img/colour@1.1.0 OK for: sharp@0.35.3 want: ^1.1.0
2221 silly placeDep ROOT @img/sharp-darwin-arm64@0.35.3 OK for: sharp@0.35.3 want: 0.35.3
2222 silly placeDep ROOT @img/sharp-darwin-x64@0.35.3 OK for: sharp@0.35.3 want: 0.35.3
2223 silly placeDep ROOT @img/sharp-freebsd-wasm32@0.35.3 OK for: sharp@0.35.3 want: 0.35.3
2224 silly placeDep ROOT @img/sharp-libvips-darwin-arm64@1.3.2 OK for: sharp@0.35.3 want: 1.3.2
2225 silly placeDep ROOT @img/sharp-libvips-darwin-x64@1.3.2 OK for: sharp@0.35.3 want: 1.3.2
2226 silly placeDep ROOT @img/sharp-libvips-linux-arm@1.3.2 OK for: sharp@0.35.3 want: 1.3.2
2227 silly placeDep ROOT @img/sharp-libvips-linux-arm64@1.3.2 OK for: sharp@0.35.3 want: 1.3.2
2228 silly placeDep ROOT @img/sharp-libvips-linux-ppc64@1.3.2 OK for: sharp@0.35.3 want: 1.3.2
2229 silly placeDep ROOT @img/sharp-libvips-linux-riscv64@1.3.2 OK for: sharp@0.35.3 want: 1.3.2
2230 silly placeDep ROOT @img/sharp-libvips-linux-s390x@1.3.2 OK for: sharp@0.35.3 want: 1.3.2
2231 silly placeDep ROOT @img/sharp-libvips-linux-x64@1.3.2 OK for: sharp@0.35.3 want: 1.3.2
2232 silly placeDep ROOT @img/sharp-libvips-linuxmusl-arm64@1.3.2 OK for: sharp@0.35.3 want: 1.3.2
2233 silly placeDep ROOT @img/sharp-libvips-linuxmusl-x64@1.3.2 OK for: sharp@0.35.3 want: 1.3.2
2234 silly placeDep ROOT @img/sharp-linux-arm@0.35.3 OK for: sharp@0.35.3 want: 0.35.3
2235 silly placeDep ROOT @img/sharp-linux-arm64@0.35.3 OK for: sharp@0.35.3 want: 0.35.3
2236 silly placeDep ROOT @img/sharp-linux-ppc64@0.35.3 OK for: sharp@0.35.3 want: 0.35.3
2237 silly placeDep ROOT @img/sharp-linux-riscv64@0.35.3 OK for: sharp@0.35.3 want: 0.35.3
2238 silly placeDep ROOT @img/sharp-linux-s390x@0.35.3 OK for: sharp@0.35.3 want: 0.35.3
2239 silly placeDep ROOT @img/sharp-linux-x64@0.35.3 OK for: sharp@0.35.3 want: 0.35.3
2240 silly placeDep ROOT @img/sharp-linuxmusl-arm64@0.35.3 OK for: sharp@0.35.3 want: 0.35.3
2241 silly placeDep ROOT @img/sharp-linuxmusl-x64@0.35.3 OK for: sharp@0.35.3 want: 0.35.3
2242 silly placeDep ROOT @img/sharp-webcontainers-wasm32@0.35.3 OK for: sharp@0.35.3 want: 0.35.3
2243 silly placeDep ROOT @img/sharp-win32-arm64@0.35.3 OK for: sharp@0.35.3 want: 0.35.3
2244 silly placeDep ROOT @img/sharp-win32-ia32@0.35.3 OK for: sharp@0.35.3 want: 0.35.3
2245 silly placeDep ROOT @img/sharp-win32-x64@0.35.3 OK for: sharp@0.35.3 want: 0.35.3
2246 silly placeDep ROOT detect-libc@2.1.2 OK for: sharp@0.35.3 want: ^2.1.2
2247 silly fetch manifest @img/sharp-wasm32@0.35.3
2248 silly packumentCache full:https://registry.npmjs.org/@img%2fsharp-wasm32 cache-miss
2249 silly fetch manifest @img/sharp-wasm32@0.35.3
2250 silly packumentCache full:https://registry.npmjs.org/@img%2fsharp-wasm32 cache-miss
2251 http fetch GET 200 https://registry.npmjs.org/@img%2fsharp-wasm32 78ms (cache miss)
2252 silly packumentCache full:https://registry.npmjs.org/@img%2fsharp-wasm32 set size:undefined disposed:false
2253 http fetch GET 200 https://registry.npmjs.org/@img%2fsharp-wasm32 81ms (cache miss)
2254 silly packumentCache full:https://registry.npmjs.org/@img%2fsharp-wasm32 set size:undefined disposed:false
2255 silly placeDep ROOT @img/sharp-wasm32@0.35.3 OK for: @img/sharp-freebsd-wasm32@0.35.3 want: 0.35.3
2256 silly placeDep ROOT @shikijs/core@4.4.2 OK for: shiki@4.4.2 want: 4.4.2
2257 silly placeDep ROOT @shikijs/engine-javascript@4.4.2 OK for: shiki@4.4.2 want: 4.4.2
2258 silly placeDep ROOT @shikijs/engine-oniguruma@4.4.2 OK for: shiki@4.4.2 want: 4.4.2
2259 silly placeDep ROOT @shikijs/langs@4.4.2 OK for: shiki@4.4.2 want: 4.4.2
2260 silly placeDep ROOT @shikijs/themes@4.4.2 OK for: shiki@4.4.2 want: 4.4.2
2261 silly placeDep ROOT @shikijs/types@4.4.2 OK for: shiki@4.4.2 want: 4.4.2
2262 silly placeDep ROOT @shikijs/vscode-textmate@10.0.2 OK for: shiki@4.4.2 want: ^10.0.2
2263 silly fetch manifest @shikijs/primitive@4.4.2
2264 silly packumentCache full:https://registry.npmjs.org/@shikijs%2fprimitive cache-miss
2265 silly fetch manifest oniguruma-to-es@^4.3.6
2266 silly packumentCache full:https://registry.npmjs.org/oniguruma-to-es cache-miss
2267 http fetch GET 200 https://registry.npmjs.org/@shikijs%2fprimitive 86ms (cache miss)
2268 silly packumentCache full:https://registry.npmjs.org/@shikijs%2fprimitive set size:undefined disposed:false
2269 http fetch GET 200 https://registry.npmjs.org/oniguruma-to-es 87ms (cache miss)
2270 silly packumentCache full:https://registry.npmjs.org/oniguruma-to-es set size:undefined disposed:false
2271 silly placeDep ROOT @shikijs/primitive@4.4.2 OK for: @shikijs/core@4.4.2 want: 4.4.2
2272 silly placeDep ROOT oniguruma-to-es@4.3.6 OK for: @shikijs/engine-javascript@4.4.2 want: ^4.3.6
2273 silly fetch manifest oniguruma-parser@^0.12.2
2274 silly packumentCache full:https://registry.npmjs.org/oniguruma-parser cache-miss
2275 silly fetch manifest regex@^6.1.0
2276 silly packumentCache full:https://registry.npmjs.org/regex cache-miss
2277 silly fetch manifest regex-recursion@^6.0.2
2278 silly packumentCache full:https://registry.npmjs.org/regex-recursion cache-miss
2279 http fetch GET 200 https://registry.npmjs.org/oniguruma-parser 76ms (cache miss)
2280 silly packumentCache full:https://registry.npmjs.org/oniguruma-parser set size:undefined disposed:false
2281 http fetch GET 200 https://registry.npmjs.org/regex 79ms (cache miss)
2282 silly packumentCache full:https://registry.npmjs.org/regex set size:undefined disposed:false
2283 http fetch GET 200 https://registry.npmjs.org/regex-recursion 85ms (cache miss)
2284 silly packumentCache full:https://registry.npmjs.org/regex-recursion set size:undefined disposed:false
2285 silly placeDep ROOT oniguruma-parser@0.12.2 OK for: oniguruma-to-es@4.3.6 want: ^0.12.2
2286 silly placeDep ROOT regex@6.1.0 OK for: oniguruma-to-es@4.3.6 want: ^6.1.0
2287 silly placeDep ROOT regex-recursion@6.0.2 OK for: oniguruma-to-es@4.3.6 want: ^6.0.2
2288 silly fetch manifest regex-utilities@^2.3.0
2289 silly packumentCache full:https://registry.npmjs.org/regex-utilities cache-miss
2290 silly fetch manifest regex-utilities@^2.3.0
2291 silly packumentCache full:https://registry.npmjs.org/regex-utilities cache-miss
2292 http fetch GET 200 https://registry.npmjs.org/regex-utilities 70ms (cache miss)
2293 silly packumentCache full:https://registry.npmjs.org/regex-utilities set size:undefined disposed:false
2294 http fetch GET 200 https://registry.npmjs.org/regex-utilities 86ms (cache miss)
2295 silly packumentCache full:https://registry.npmjs.org/regex-utilities set size:undefined disposed:false
2296 silly placeDep ROOT regex-utilities@2.3.0 OK for: regex@6.1.0 want: ^2.3.0
2297 silly placeDep ROOT character-entities-html4@2.1.0 OK for: stringify-entities@4.0.4 want: ^2.0.0
2298 silly placeDep ROOT style-to-object@1.0.14 OK for: style-to-js@1.1.21 want: 1.0.14
2299 silly fetch manifest inline-style-parser@0.2.7
2300 silly packumentCache full:https://registry.npmjs.org/inline-style-parser cache-miss
2301 http fetch GET 200 https://registry.npmjs.org/inline-style-parser 78ms (cache miss)
2302 silly packumentCache full:https://registry.npmjs.org/inline-style-parser set size:undefined disposed:false
2303 silly placeDep ROOT inline-style-parser@0.2.7 OK for: style-to-object@1.0.14 want: 0.2.7
2304 silly placeDep ROOT commander@11.1.0 OK for: svgo@4.0.2 want: ^11.1.0
2305 silly placeDep ROOT css-select@5.2.2 OK for: svgo@4.0.2 want: ^5.1.0
2306 silly placeDep ROOT css-tree@3.2.1 OK for: svgo@4.0.2 want: ^3.0.1
2307 silly placeDep ROOT css-what@6.2.2 OK for: svgo@4.0.2 want: ^6.1.0
2308 silly placeDep ROOT csso@5.0.5 OK for: svgo@4.0.2 want: ^5.0.5
2309 silly placeDep ROOT picocolors@1.1.1 OK for: svgo@4.0.2 want: ^1.1.1
2310 silly placeDep ROOT sax@1.6.1 OK for: svgo@4.0.2 want: ^1.5.0
2311 silly fetch manifest boolbase@^1.0.0
2312 silly packumentCache full:https://registry.npmjs.org/boolbase cache-miss
2313 silly fetch manifest domutils@^3.0.1
2314 silly packumentCache full:https://registry.npmjs.org/domutils cache-miss
2315 silly fetch manifest nth-check@^2.0.1
2316 silly packumentCache full:https://registry.npmjs.org/nth-check cache-miss
2317 silly fetch manifest domhandler@^5.0.2
2318 silly packumentCache full:https://registry.npmjs.org/domhandler cache-miss
2319 silly fetch manifest mdn-data@2.27.1
2320 silly packumentCache full:https://registry.npmjs.org/mdn-data cache-miss
2321 http fetch GET 200 https://registry.npmjs.org/boolbase 72ms (cache miss)
2322 silly packumentCache full:https://registry.npmjs.org/boolbase set size:undefined disposed:false
2323 silly fetch manifest css-tree@~2.2.0
2324 silly packumentCache full:https://registry.npmjs.org/css-tree cache-hit
2325 http fetch GET 200 https://registry.npmjs.org/nth-check 74ms (cache miss)
2326 silly packumentCache full:https://registry.npmjs.org/nth-check set size:undefined disposed:false
2327 http fetch GET 200 https://registry.npmjs.org/domutils 76ms (cache miss)
2328 silly packumentCache full:https://registry.npmjs.org/domutils set size:undefined disposed:false
2329 http fetch GET 200 https://registry.npmjs.org/mdn-data 80ms (cache miss)
2330 silly packumentCache full:https://registry.npmjs.org/mdn-data set size:undefined disposed:false
2331 http fetch GET 200 https://registry.npmjs.org/domhandler 110ms (cache miss)
2332 silly packumentCache full:https://registry.npmjs.org/domhandler set size:undefined disposed:false
2333 silly placeDep ROOT boolbase@1.0.0 OK for: css-select@5.2.2 want: ^1.0.0
2334 silly placeDep ROOT domhandler@5.0.3 OK for: css-select@5.2.2 want: ^5.0.2
2335 silly placeDep ROOT domutils@3.2.2 OK for: css-select@5.2.2 want: ^3.0.1
2336 silly placeDep ROOT nth-check@2.1.1 OK for: css-select@5.2.2 want: ^2.0.1
2337 silly fetch manifest domelementtype@^2.3.0
2338 silly packumentCache full:https://registry.npmjs.org/domelementtype cache-miss
2339 silly fetch manifest dom-serializer@^2.0.0
2340 silly packumentCache full:https://registry.npmjs.org/dom-serializer cache-miss
2341 silly fetch manifest domelementtype@^2.3.0
2342 silly packumentCache full:https://registry.npmjs.org/domelementtype cache-miss
2343 http fetch GET 200 https://registry.npmjs.org/domelementtype 77ms (cache miss)
2344 silly packumentCache full:https://registry.npmjs.org/domelementtype set size:undefined disposed:false
2345 http fetch GET 200 https://registry.npmjs.org/domelementtype 78ms (cache miss)
2346 silly packumentCache full:https://registry.npmjs.org/domelementtype set size:undefined disposed:false
2347 http fetch GET 200 https://registry.npmjs.org/dom-serializer 80ms (cache miss)
2348 silly packumentCache full:https://registry.npmjs.org/dom-serializer set size:undefined disposed:false
2349 silly placeDep ROOT mdn-data@2.27.1 OK for: css-tree@3.2.1 want: 2.27.1
2350 silly placeDep node_modules/csso css-tree@2.2.1 OK for: csso@5.0.5 want: ~2.2.0
2351 silly fetch manifest mdn-data@2.0.28
2352 silly packumentCache full:https://registry.npmjs.org/mdn-data cache-miss
2353 http cache https://registry.npmjs.org/mdn-data 8ms (cache hit)
2354 silly packumentCache full:https://registry.npmjs.org/mdn-data set size:181735 disposed:false
2355 silly placeDep ROOT domelementtype@2.3.0 OK for: domhandler@5.0.3 want: ^2.3.0
2356 silly placeDep ROOT dom-serializer@2.0.0 OK for: domutils@3.2.2 want: ^2.0.0
2357 silly fetch manifest entities@^4.2.0
2358 silly packumentCache full:https://registry.npmjs.org/entities cache-miss
2359 http cache https://registry.npmjs.org/entities 6ms (cache hit)
2360 silly packumentCache full:https://registry.npmjs.org/entities set size:101550 disposed:false
2361 silly placeDep node_modules/dom-serializer entities@4.5.0 OK for: dom-serializer@2.0.0 want: ^4.2.0
2362 silly placeDep ROOT fdir@6.5.0 OK for: tinyglobby@0.2.17 want: ^6.5.0
2363 silly placeDep ROOT bail@2.0.2 OK for: unified@11.0.5 want: ^2.0.0
2364 silly placeDep ROOT extend@3.0.2 OK for: unified@11.0.5 want: ^3.0.0
2365 silly placeDep ROOT is-plain-obj@4.1.0 OK for: unified@11.0.5 want: ^4.0.0
2366 silly placeDep ROOT trough@2.2.0 OK for: unified@11.0.5 want: ^2.0.0
2367 silly placeDep ROOT ofetch@1.5.1 OK for: unifont@0.7.4 want: ^1.5.1
2368 silly placeDep ROOT ohash@2.0.11 OK for: unifont@0.7.4 want: ^2.0.11
2369 silly fetch manifest ufo@^1.6.1
2370 silly packumentCache full:https://registry.npmjs.org/ufo cache-miss
2371 http cache https://registry.npmjs.org/ufo 6ms (cache hit)
2372 silly packumentCache full:https://registry.npmjs.org/ufo set size:169119 disposed:false
2373 silly placeDep ROOT destr@2.0.5 OK for: ofetch@1.5.1 want: ^2.0.5
2374 silly placeDep ROOT node-fetch-native@1.6.7 OK for: ofetch@1.5.1 want: ^1.6.7
2375 silly placeDep ROOT ufo@1.6.4 OK for: ofetch@1.5.1 want: ^1.6.1
2376 silly placeDep ROOT array-iterate@2.0.1 OK for: unist-util-modify-children@4.0.0 want: ^2.0.0
2377 silly placeDep ROOT anymatch@3.1.3 OK for: unstorage@1.17.5 want: ^3.1.3
2378 silly placeDep ROOT chokidar@5.0.0 OK for: unstorage@1.17.5 want: ^5.0.0
2379 silly placeDep ROOT h3@1.15.11 OK for: unstorage@1.17.5 want: ^1.15.10
2380 silly placeDep ROOT lru-cache@11.5.2 OK for: unstorage@1.17.5 want: ^11.2.7
2381 silly fetch manifest picomatch@^2.0.4
2382 silly packumentCache full:https://registry.npmjs.org/picomatch cache-miss
2383 silly fetch manifest normalize-path@^3.0.0
2384 silly packumentCache full:https://registry.npmjs.org/normalize-path cache-miss
2385 silly fetch manifest readdirp@^5.0.0
2386 silly packumentCache full:https://registry.npmjs.org/readdirp cache-miss
2387 silly fetch manifest defu@^6.1.6
2388 silly packumentCache full:https://registry.npmjs.org/defu cache-miss
2389 silly fetch manifest radix3@^1.1.2
2390 silly packumentCache full:https://registry.npmjs.org/radix3 cache-miss
2391 http cache https://registry.npmjs.org/picomatch 8ms (cache hit)
2392 silly packumentCache full:https://registry.npmjs.org/picomatch set size:128942 disposed:false
2393 silly fetch manifest crossws@^0.3.5
2394 silly packumentCache full:https://registry.npmjs.org/crossws cache-miss
2395 http cache https://registry.npmjs.org/crossws 4ms (cache hit)
2396 silly packumentCache full:https://registry.npmjs.org/crossws set size:111477 disposed:false
2397 silly fetch manifest uncrypto@^0.1.3
2398 silly packumentCache full:https://registry.npmjs.org/uncrypto cache-miss
2399 http fetch GET 200 https://registry.npmjs.org/normalize-path 69ms (cache miss)
2400 silly packumentCache full:https://registry.npmjs.org/normalize-path set size:undefined disposed:false
2401 silly fetch manifest cookie-es@^1.2.3
2402 silly packumentCache full:https://registry.npmjs.org/cookie-es cache-miss
2403 http fetch GET 200 https://registry.npmjs.org/defu 75ms (cache miss)
2404 silly packumentCache full:https://registry.npmjs.org/defu set size:undefined disposed:false
2405 silly fetch manifest iron-webcrypto@^1.2.1
2406 silly packumentCache full:https://registry.npmjs.org/iron-webcrypto cache-miss
2407 http fetch GET 200 https://registry.npmjs.org/readdirp 79ms (cache miss)
2408 silly packumentCache full:https://registry.npmjs.org/readdirp set size:undefined disposed:false
2409 silly fetch manifest node-mock-http@^1.0.4
2410 silly packumentCache full:https://registry.npmjs.org/node-mock-http cache-miss
2411 http fetch GET 200 https://registry.npmjs.org/uncrypto 71ms (cache miss)
2412 silly packumentCache full:https://registry.npmjs.org/uncrypto set size:undefined disposed:false
2413 http fetch GET 200 https://registry.npmjs.org/cookie-es 66ms (cache miss)
2414 silly packumentCache full:https://registry.npmjs.org/cookie-es set size:undefined disposed:false
2415 http fetch GET 200 https://registry.npmjs.org/iron-webcrypto 79ms (cache miss)
2416 silly packumentCache full:https://registry.npmjs.org/iron-webcrypto set size:undefined disposed:false
2417 http fetch GET 200 https://registry.npmjs.org/node-mock-http 78ms (cache miss)
2418 silly packumentCache full:https://registry.npmjs.org/node-mock-http set size:undefined disposed:false
2419 http fetch GET 200 https://registry.npmjs.org/radix3 273ms (cache miss)
2420 silly packumentCache full:https://registry.npmjs.org/radix3 set size:undefined disposed:false
2421 silly placeDep ROOT normalize-path@3.0.0 OK for: anymatch@3.1.3 want: ^3.0.0
2422 silly placeDep node_modules/anymatch picomatch@2.3.2 OK for: anymatch@3.1.3 want: ^2.0.4
2423 silly placeDep ROOT readdirp@5.1.1 OK for: chokidar@5.0.0 want: ^5.0.0
2424 silly placeDep ROOT cookie-es@1.2.3 OK for: h3@1.15.11 want: ^1.2.3
2425 silly placeDep ROOT crossws@0.3.5 OK for: h3@1.15.11 want: ^0.3.5
2426 silly placeDep ROOT defu@6.1.7 OK for: h3@1.15.11 want: ^6.1.6
2427 silly placeDep ROOT iron-webcrypto@1.2.1 OK for: h3@1.15.11 want: ^1.2.1
2428 silly placeDep ROOT node-mock-http@1.0.5 OK for: h3@1.15.11 want: ^1.0.4
2429 silly placeDep ROOT radix3@1.1.2 OK for: h3@1.15.11 want: ^1.1.2
2430 silly placeDep ROOT uncrypto@0.1.3 OK for: h3@1.15.11 want: ^0.1.3
2431 silly placeDep ROOT fsevents@2.3.3 OK for: vite@8.2.0 want: ~2.3.3
2432 silly placeDep ROOT lightningcss@1.33.0 OK for: vite@8.2.0 want: ^1.33.0
2433 silly placeDep ROOT postcss@8.5.25 OK for: vite@8.2.0 want: ^8.5.23
2434 silly placeDep ROOT rolldown@1.2.3 OK for: vite@8.2.0 want: ~1.2.0
2435 silly fetch manifest lightningcss-darwin-x64@1.33.0
2436 silly packumentCache full:https://registry.npmjs.org/lightningcss-darwin-x64 cache-miss
2437 silly fetch manifest lightningcss-linux-x64-gnu@1.33.0
2438 silly packumentCache full:https://registry.npmjs.org/lightningcss-linux-x64-gnu cache-miss
2439 silly fetch manifest lightningcss-win32-x64-msvc@1.33.0
2440 silly packumentCache full:https://registry.npmjs.org/lightningcss-win32-x64-msvc cache-miss
2441 silly fetch manifest lightningcss-win32-arm64-msvc@1.33.0
2442 silly packumentCache full:https://registry.npmjs.org/lightningcss-win32-arm64-msvc cache-miss
2443 silly fetch manifest lightningcss-darwin-arm64@1.33.0
2444 silly packumentCache full:https://registry.npmjs.org/lightningcss-darwin-arm64 cache-miss
2445 http fetch GET 200 https://registry.npmjs.org/lightningcss-darwin-x64 76ms (cache miss)
2446 silly packumentCache full:https://registry.npmjs.org/lightningcss-darwin-x64 set size:undefined disposed:false
2447 silly fetch manifest lightningcss-linux-arm64-gnu@1.33.0
2448 silly packumentCache full:https://registry.npmjs.org/lightningcss-linux-arm64-gnu cache-miss
2449 http fetch GET 200 https://registry.npmjs.org/lightningcss-linux-x64-gnu 77ms (cache miss)
2450 silly packumentCache full:https://registry.npmjs.org/lightningcss-linux-x64-gnu set size:undefined disposed:false
2451 silly fetch manifest lightningcss-linux-arm-gnueabihf@1.33.0
2452 silly packumentCache full:https://registry.npmjs.org/lightningcss-linux-arm-gnueabihf cache-miss
2453 http fetch GET 200 https://registry.npmjs.org/lightningcss-win32-x64-msvc 82ms (cache miss)
2454 silly packumentCache full:https://registry.npmjs.org/lightningcss-win32-x64-msvc set size:undefined disposed:false
2455 silly fetch manifest lightningcss-linux-arm64-musl@1.33.0
2456 silly packumentCache full:https://registry.npmjs.org/lightningcss-linux-arm64-musl cache-miss
2457 http fetch GET 200 https://registry.npmjs.org/lightningcss-darwin-arm64 85ms (cache miss)
2458 silly packumentCache full:https://registry.npmjs.org/lightningcss-darwin-arm64 set size:undefined disposed:false
2459 silly fetch manifest lightningcss-linux-x64-musl@1.33.0
2460 silly packumentCache full:https://registry.npmjs.org/lightningcss-linux-x64-musl cache-miss
2461 http fetch GET 200 https://registry.npmjs.org/lightningcss-win32-arm64-msvc 88ms (cache miss)
2462 silly packumentCache full:https://registry.npmjs.org/lightningcss-win32-arm64-msvc set size:undefined disposed:false
2463 silly fetch manifest lightningcss-freebsd-x64@1.33.0
2464 silly packumentCache full:https://registry.npmjs.org/lightningcss-freebsd-x64 cache-miss
2465 http fetch GET 200 https://registry.npmjs.org/lightningcss-linux-arm64-musl 71ms (cache miss)
2466 silly packumentCache full:https://registry.npmjs.org/lightningcss-linux-arm64-musl set size:undefined disposed:false
2467 silly fetch manifest lightningcss-android-arm64@1.33.0
2468 silly packumentCache full:https://registry.npmjs.org/lightningcss-android-arm64 cache-miss
2469 http fetch GET 200 https://registry.npmjs.org/lightningcss-linux-arm64-gnu 81ms (cache miss)
2470 silly packumentCache full:https://registry.npmjs.org/lightningcss-linux-arm64-gnu set size:undefined disposed:false
2471 silly fetch manifest nanoid@^3.3.16
2472 silly packumentCache full:https://registry.npmjs.org/nanoid cache-miss
2473 http fetch GET 200 https://registry.npmjs.org/lightningcss-linux-arm-gnueabihf 82ms (cache miss)
2474 silly packumentCache full:https://registry.npmjs.org/lightningcss-linux-arm-gnueabihf set size:undefined disposed:false
2475 silly fetch manifest @oxc-project/types@=0.143.0
2476 silly packumentCache full:https://registry.npmjs.org/@oxc-project%2ftypes cache-miss
2477 http fetch GET 200 https://registry.npmjs.org/lightningcss-linux-x64-musl 76ms (cache miss)
2478 silly packumentCache full:https://registry.npmjs.org/lightningcss-linux-x64-musl set size:undefined disposed:false
2479 silly fetch manifest @rolldown/pluginutils@^1.0.0
2480 silly packumentCache full:https://registry.npmjs.org/@rolldown%2fpluginutils cache-miss
2481 http fetch GET 200 https://registry.npmjs.org/lightningcss-freebsd-x64 80ms (cache miss)
2482 silly packumentCache full:https://registry.npmjs.org/lightningcss-freebsd-x64 set size:undefined disposed:false
2483 silly fetch manifest @rolldown/binding-darwin-x64@1.2.3
2484 silly packumentCache full:https://registry.npmjs.org/@rolldown%2fbinding-darwin-x64 cache-miss
2485 http fetch GET 200 https://registry.npmjs.org/lightningcss-android-arm64 71ms (cache miss)
2486 silly packumentCache full:https://registry.npmjs.org/lightningcss-android-arm64 set size:undefined disposed:false
2487 silly fetch manifest @rolldown/binding-freebsd-x64@1.2.3
2488 silly packumentCache full:https://registry.npmjs.org/@rolldown%2fbinding-freebsd-x64 cache-miss
2489 http fetch GET 200 https://registry.npmjs.org/nanoid 95ms (cache miss)
2490 silly packumentCache full:https://registry.npmjs.org/nanoid set size:undefined disposed:false
2491 silly fetch manifest @rolldown/binding-darwin-arm64@1.2.3
2492 silly packumentCache full:https://registry.npmjs.org/@rolldown%2fbinding-darwin-arm64 cache-miss
2493 http fetch GET 200 https://registry.npmjs.org/@rolldown%2fpluginutils 100ms (cache miss)
2494 silly packumentCache full:https://registry.npmjs.org/@rolldown%2fpluginutils set size:undefined disposed:false
2495 silly fetch manifest @rolldown/binding-android-arm64@1.2.3
2496 silly packumentCache full:https://registry.npmjs.org/@rolldown%2fbinding-android-arm64 cache-miss
2497 http fetch GET 200 https://registry.npmjs.org/@oxc-project%2ftypes 123ms (cache miss)
2498 silly packumentCache full:https://registry.npmjs.org/@oxc-project%2ftypes set size:undefined disposed:false
2499 silly fetch manifest @rolldown/binding-linux-x64-gnu@1.2.3
2500 silly packumentCache full:https://registry.npmjs.org/@rolldown%2fbinding-linux-x64-gnu cache-miss
2501 http fetch GET 200 https://registry.npmjs.org/@rolldown%2fbinding-darwin-x64 141ms (cache miss)
2502 silly packumentCache full:https://registry.npmjs.org/@rolldown%2fbinding-darwin-x64 set size:undefined disposed:false
2503 silly fetch manifest @rolldown/binding-linux-x64-musl@1.2.3
2504 silly packumentCache full:https://registry.npmjs.org/@rolldown%2fbinding-linux-x64-musl cache-miss
2505 http fetch GET 200 https://registry.npmjs.org/@rolldown%2fbinding-android-arm64 89ms (cache miss)
2506 silly packumentCache full:https://registry.npmjs.org/@rolldown%2fbinding-android-arm64 set size:undefined disposed:false
2507 silly fetch manifest @rolldown/binding-win32-x64-msvc@1.2.3
2508 silly packumentCache full:https://registry.npmjs.org/@rolldown%2fbinding-win32-x64-msvc cache-miss
2509 http fetch GET 200 https://registry.npmjs.org/@rolldown%2fbinding-freebsd-x64 156ms (cache miss)
2510 silly packumentCache full:https://registry.npmjs.org/@rolldown%2fbinding-freebsd-x64 set size:undefined disposed:false
2511 silly fetch manifest @rolldown/binding-linux-arm64-gnu@1.2.3
2512 silly packumentCache full:https://registry.npmjs.org/@rolldown%2fbinding-linux-arm64-gnu cache-miss
2513 http fetch GET 200 https://registry.npmjs.org/@rolldown%2fbinding-darwin-arm64 144ms (cache miss)
2514 silly packumentCache full:https://registry.npmjs.org/@rolldown%2fbinding-darwin-arm64 set size:undefined disposed:false
2515 silly fetch manifest @rolldown/binding-linux-ppc64-gnu@1.2.3
2516 silly packumentCache full:https://registry.npmjs.org/@rolldown%2fbinding-linux-ppc64-gnu cache-miss
2517 http fetch GET 200 https://registry.npmjs.org/@rolldown%2fbinding-linux-x64-gnu 125ms (cache miss)
2518 silly packumentCache full:https://registry.npmjs.org/@rolldown%2fbinding-linux-x64-gnu set size:undefined disposed:false
2519 silly fetch manifest @rolldown/binding-linux-s390x-gnu@1.2.3
2520 silly packumentCache full:https://registry.npmjs.org/@rolldown%2fbinding-linux-s390x-gnu cache-miss
2521 http fetch GET 200 https://registry.npmjs.org/@rolldown%2fbinding-linux-x64-musl 158ms (cache miss)
2522 silly packumentCache full:https://registry.npmjs.org/@rolldown%2fbinding-linux-x64-musl set size:undefined disposed:false
2523 silly fetch manifest @rolldown/binding-linux-arm64-musl@1.2.3
2524 silly packumentCache full:https://registry.npmjs.org/@rolldown%2fbinding-linux-arm64-musl cache-miss
2525 http fetch GET 200 https://registry.npmjs.org/@rolldown%2fbinding-linux-ppc64-gnu 88ms (cache miss)
2526 silly packumentCache full:https://registry.npmjs.org/@rolldown%2fbinding-linux-ppc64-gnu set size:undefined disposed:false
2527 silly fetch manifest @rolldown/binding-win32-arm64-msvc@1.2.3
2528 silly packumentCache full:https://registry.npmjs.org/@rolldown%2fbinding-win32-arm64-msvc cache-miss
2529 http fetch GET 200 https://registry.npmjs.org/@rolldown%2fbinding-win32-x64-msvc 141ms (cache miss)
2530 silly packumentCache full:https://registry.npmjs.org/@rolldown%2fbinding-win32-x64-msvc set size:undefined disposed:false
2531 silly fetch manifest @rolldown/binding-openharmony-arm64@1.2.3
2532 silly packumentCache full:https://registry.npmjs.org/@rolldown%2fbinding-openharmony-arm64 cache-miss
2533 http fetch GET 200 https://registry.npmjs.org/@rolldown%2fbinding-linux-s390x-gnu 89ms (cache miss)
2534 silly packumentCache full:https://registry.npmjs.org/@rolldown%2fbinding-linux-s390x-gnu set size:undefined disposed:false
2535 silly fetch manifest @rolldown/binding-linux-arm-gnueabihf@1.2.3
2536 silly packumentCache full:https://registry.npmjs.org/@rolldown%2fbinding-linux-arm-gnueabihf cache-miss
2537 http fetch GET 200 https://registry.npmjs.org/@rolldown%2fbinding-linux-arm64-gnu 138ms (cache miss)
2538 silly packumentCache full:https://registry.npmjs.org/@rolldown%2fbinding-linux-arm64-gnu set size:undefined disposed:false
2539 http fetch GET 200 https://registry.npmjs.org/@rolldown%2fbinding-openharmony-arm64 84ms (cache miss)
2540 silly packumentCache full:https://registry.npmjs.org/@rolldown%2fbinding-openharmony-arm64 set size:undefined disposed:false
2541 http fetch GET 200 https://registry.npmjs.org/@rolldown%2fbinding-win32-arm64-msvc 114ms (cache miss)
2542 silly packumentCache full:https://registry.npmjs.org/@rolldown%2fbinding-win32-arm64-msvc set size:undefined disposed:false
2543 http fetch GET 200 https://registry.npmjs.org/@rolldown%2fbinding-linux-arm64-musl 151ms (cache miss)
2544 silly packumentCache full:https://registry.npmjs.org/@rolldown%2fbinding-linux-arm64-musl set size:undefined disposed:false
2545 http fetch GET 200 https://registry.npmjs.org/@rolldown%2fbinding-linux-arm-gnueabihf 145ms (cache miss)
2546 silly packumentCache full:https://registry.npmjs.org/@rolldown%2fbinding-linux-arm-gnueabihf set size:undefined disposed:false
2547 silly placeDep ROOT lightningcss-android-arm64@1.33.0 OK for: lightningcss@1.33.0 want: 1.33.0
2548 silly placeDep ROOT lightningcss-darwin-arm64@1.33.0 OK for: lightningcss@1.33.0 want: 1.33.0
2549 silly placeDep ROOT lightningcss-darwin-x64@1.33.0 OK for: lightningcss@1.33.0 want: 1.33.0
2550 silly placeDep ROOT lightningcss-freebsd-x64@1.33.0 OK for: lightningcss@1.33.0 want: 1.33.0
2551 silly placeDep ROOT lightningcss-linux-arm-gnueabihf@1.33.0 OK for: lightningcss@1.33.0 want: 1.33.0
2552 silly placeDep ROOT lightningcss-linux-arm64-gnu@1.33.0 OK for: lightningcss@1.33.0 want: 1.33.0
2553 silly placeDep ROOT lightningcss-linux-arm64-musl@1.33.0 OK for: lightningcss@1.33.0 want: 1.33.0
2554 silly placeDep ROOT lightningcss-linux-x64-gnu@1.33.0 OK for: lightningcss@1.33.0 want: 1.33.0
2555 silly placeDep ROOT lightningcss-linux-x64-musl@1.33.0 OK for: lightningcss@1.33.0 want: 1.33.0
2556 silly placeDep ROOT lightningcss-win32-arm64-msvc@1.33.0 OK for: lightningcss@1.33.0 want: 1.33.0
2557 silly placeDep ROOT lightningcss-win32-x64-msvc@1.33.0 OK for: lightningcss@1.33.0 want: 1.33.0
2558 silly placeDep ROOT nanoid@3.3.17 OK for: postcss@8.5.25 want: ^3.3.16
2559 silly placeDep ROOT @oxc-project/types@0.143.0 OK for: rolldown@1.2.3 want: =0.143.0
2560 silly placeDep ROOT @rolldown/binding-android-arm64@1.2.3 OK for: rolldown@1.2.3 want: 1.2.3
2561 silly placeDep ROOT @rolldown/binding-darwin-arm64@1.2.3 OK for: rolldown@1.2.3 want: 1.2.3
2562 silly placeDep ROOT @rolldown/binding-darwin-x64@1.2.3 OK for: rolldown@1.2.3 want: 1.2.3
2563 silly placeDep ROOT @rolldown/binding-freebsd-x64@1.2.3 OK for: rolldown@1.2.3 want: 1.2.3
2564 silly placeDep ROOT @rolldown/binding-linux-arm-gnueabihf@1.2.3 OK for: rolldown@1.2.3 want: 1.2.3
2565 silly placeDep ROOT @rolldown/binding-linux-arm64-gnu@1.2.3 OK for: rolldown@1.2.3 want: 1.2.3
2566 silly placeDep ROOT @rolldown/binding-linux-arm64-musl@1.2.3 OK for: rolldown@1.2.3 want: 1.2.3
2567 silly placeDep ROOT @rolldown/binding-linux-ppc64-gnu@1.2.3 OK for: rolldown@1.2.3 want: 1.2.3
2568 silly placeDep ROOT @rolldown/binding-linux-s390x-gnu@1.2.3 OK for: rolldown@1.2.3 want: 1.2.3
2569 silly placeDep ROOT @rolldown/binding-linux-x64-gnu@1.2.3 OK for: rolldown@1.2.3 want: 1.2.3
2570 silly placeDep ROOT @rolldown/binding-linux-x64-musl@1.2.3 OK for: rolldown@1.2.3 want: 1.2.3
2571 silly placeDep ROOT @rolldown/binding-openharmony-arm64@1.2.3 OK for: rolldown@1.2.3 want: 1.2.3
2572 silly placeDep ROOT @rolldown/binding-win32-arm64-msvc@1.2.3 OK for: rolldown@1.2.3 want: 1.2.3
2573 silly placeDep ROOT @rolldown/binding-win32-x64-msvc@1.2.3 OK for: rolldown@1.2.3 want: 1.2.3
2574 silly placeDep ROOT @rolldown/pluginutils@1.0.1 OK for: rolldown@1.2.3 want: ^1.0.0
2575 silly placeDep node_modules/@bruits/satteri-wasm32-wasi @emnapi/wasi-threads@1.2.2 OK for: @emnapi/core@1.11.1 want: 1.2.2
2576 silly placeDep node_modules/csso mdn-data@2.0.28 OK for: css-tree@2.2.1 want: 2.0.28
2577 silly reify moves {}
2578 silly audit bulk request {
2578 silly audit   '@astrojs/mdx': [ '7.0.5' ],
2578 silly audit   astro: [ '7.1.6' ],
2578 silly audit   '@astrojs/internal-helpers': [ '0.10.2' ],
2578 silly audit   '@astrojs/markdown-remark': [ '7.2.2' ],
2578 silly audit   '@mdx-js/mdx': [ '3.1.1' ],
2578 silly audit   acorn: [ '8.18.0' ],
2578 silly audit   'es-module-lexer': [ '2.3.1' ],
2578 silly audit   'estree-util-visit': [ '2.0.0' ],
2578 silly audit   'hast-util-to-html': [ '9.0.5' ],
2578 silly audit   piccolore: [ '0.1.3' ],
2578 silly audit   'rehype-raw': [ '7.0.0' ],
2578 silly audit   'remark-gfm': [ '4.0.1' ],
2578 silly audit   'remark-smartypants': [ '3.0.3' ],
2578 silly audit   'source-map': [ '0.7.6' ],
2578 silly audit   'unist-util-visit': [ '5.1.0' ],
2578 silly audit   vfile: [ '6.0.3' ],
2578 silly audit   '@types/hast': [ '3.0.5' ],
2578 silly audit   '@types/mdast': [ '4.0.4' ],
2578 silly audit   'js-yaml': [ '4.3.1' ],
2578 silly audit   picomatch: [ '4.0.5', '2.3.2' ],
2578 silly audit   'retext-smartypants': [ '6.2.0' ],
2578 silly audit   shiki: [ '4.4.2' ],
2578 silly audit   'smol-toml': [ '1.7.1' ],
2578 silly audit   unified: [ '11.0.5' ],
2578 silly audit   '@astrojs/prism': [ '4.0.2' ],
2578 silly audit   'github-slugger': [ '2.0.0' ],
2578 silly audit   'hast-util-from-html': [ '2.0.3' ],
2578 silly audit   'hast-util-to-text': [ '4.0.2' ],
2578 silly audit   'mdast-util-definitions': [ '6.0.0' ],
2578 silly audit   'rehype-stringify': [ '10.0.1' ],
2578 silly audit   'remark-parse': [ '11.0.0' ],
2578 silly audit   'remark-rehype': [ '11.1.2' ],
2578 silly audit   'unist-util-remove-position': [ '5.0.0' ],
2578 silly audit   'unist-util-visit-parents': [ '6.0.2' ],
2578 silly audit   prismjs: [ '1.30.0' ],
2578 silly audit   '@types/estree': [ '1.0.9' ],
2578 silly audit   '@types/estree-jsx': [ '1.0.5' ],
2578 silly audit   '@types/mdx': [ '2.0.14' ],
2578 silly audit   'collapse-white-space': [ '2.1.0' ],
2578 silly audit   devlop: [ '1.1.0' ],
2578 silly audit   'estree-util-is-identifier-name': [ '3.0.0' ],
2578 silly audit   'estree-util-scope': [ '1.0.0' ],
2578 silly audit   'estree-walker': [ '3.0.3', '2.0.2' ],
2578 silly audit   'hast-util-to-jsx-runtime': [ '2.3.6' ],
2578 silly audit   'markdown-extensions': [ '2.0.0' ],
2578 silly audit   'recma-build-jsx': [ '1.0.0' ],
2578 silly audit   'recma-jsx': [ '1.0.1' ],
2578 silly audit   'recma-stringify': [ '1.0.0' ],
2578 silly audit   'rehype-recma': [ '1.0.0' ],
2578 silly audit   'remark-mdx': [ '3.1.1' ],
2578 silly audit   'unist-util-position-from-estree': [ '2.0.0' ],
2578 silly audit   'unist-util-stringify-position': [ '4.0.0' ],
2578 silly audit   '@types/unist': [ '3.0.3', '2.0.11' ],
2578 silly audit   '@astrojs/compiler-rs': [ '0.3.2' ],
2578 silly audit   '@astrojs/markdown-satteri': [ '0.3.5' ],
2578 silly audit   '@astrojs/telemetry': [ '3.3.3' ],
2578 silly audit   '@capsizecss/unpack': [ '4.0.1' ],
2578 silly audit   '@clack/prompts': [ '1.7.0' ],
2578 silly audit   '@oslojs/encoding': [ '1.1.0' ],
2578 silly audit   '@rollup/pluginutils': [ '5.4.0' ],
2578 silly audit   'am-i-vibing': [ '0.4.0' ],
2578 silly audit   'aria-query': [ '5.3.2' ],
2578 silly audit   'axobject-query': [ '4.1.0' ],
2578 silly audit   'ci-info': [ '4.4.0' ],
2578 silly audit   clsx: [ '2.1.1' ],
2578 silly audit   'common-ancestor-path': [ '2.0.0' ],
2578 silly audit   cookie: [ '2.0.1' ],
2578 silly audit   devalue: [ '5.9.0' ],
2578 silly audit   diff: [ '8.0.4' ],
2578 silly audit   dset: [ '3.1.4' ],
2578 silly audit   esbuild: [ '0.28.1' ],
2578 silly audit   flattie: [ '1.1.1' ],
2578 silly audit   fontace: [ '0.4.1' ],
2578 silly audit   'get-tsconfig': [ '5.0.0-beta.4' ],
2578 silly audit   'html-escaper': [ '3.0.3' ],
2578 silly audit   'http-cache-semantics': [ '4.2.0' ],
2578 silly audit   'jsonc-parser': [ '3.3.1' ],
2578 silly audit   'magic-string': [ '1.1.0' ],
2578 silly audit   magicast: [ '0.5.4' ],
2578 silly audit   mrmime: [ '2.0.1' ],
2578 silly audit   neotraverse: [ '1.0.1' ],
2578 silly audit   obug: [ '2.1.4' ],
2578 silly audit   'p-limit': [ '7.3.1' ],
2578 silly audit   'p-queue': [ '9.3.3' ],
2578 silly audit   'package-manager-detector': [ '1.8.0' ],
2578 silly audit   semver: [ '7.8.5' ],
2578 silly audit   sharp: [ '0.35.3' ],
2578 silly audit   svgo: [ '4.0.2' ],
2578 silly audit   tinyclip: [ '0.1.15' ],
2578 silly audit   tinyexec: [ '1.3.0' ],
2578 silly audit   tinyglobby: [ '0.2.17' ],
2578 silly audit   ultrahtml: [ '1.7.0' ],
2578 silly audit   unifont: [ '0.7.4' ],
2578 silly audit   unstorage: [ '1.17.5' ],
2578 silly audit   vite: [ '8.2.0' ],
2578 silly audit   vitefu: [ '1.1.3' ],
2578 silly audit   'xxhash-wasm': [ '1.1.0' ],
2578 silly audit   'yargs-parser': [ '22.0.0' ],
2578 silly audit   zod: [ '4.4.3' ],
2578 silly audit   '@astrojs/compiler-binding': [ '0.3.2' ],
2578 silly audit   '@astrojs/compiler-binding-darwin-arm64': [ '0.3.2' ],
2578 silly audit   '@astrojs/compiler-binding-darwin-x64': [ '0.3.2' ],
2578 silly audit   '@astrojs/compiler-binding-linux-arm64-gnu': [ '0.3.2' ],
2578 silly audit   '@astrojs/compiler-binding-linux-arm64-musl': [ '0.3.2' ],
2578 silly audit   '@astrojs/compiler-binding-linux-x64-gnu': [ '0.3.2' ],
2578 silly audit   '@astrojs/compiler-binding-linux-x64-musl': [ '0.3.2' ],
2578 silly audit   '@astrojs/compiler-binding-wasm32-wasi': [ '0.3.2' ],
2578 silly audit   '@astrojs/compiler-binding-win32-arm64-msvc': [ '0.3.2' ],
2578 silly audit   '@astrojs/compiler-binding-win32-x64-msvc': [ '0.3.2' ],
2578 silly audit   '@napi-rs/wasm-runtime': [ '1.2.2' ],
2578 silly audit   '@emnapi/core': [ '1.11.3', '1.11.1' ],
2578 silly audit   '@emnapi/runtime': [ '1.11.3', '1.11.1' ],
2578 silly audit   satteri: [ '0.9.5' ],
2578 silly audit   'is-docker': [ '4.0.0' ],
2578 silly audit   fontkitten: [ '1.0.3' ],
2578 silly audit   '@clack/core': [ '1.4.3' ],
2578 silly audit   'fast-string-width': [ '3.0.2' ],
2578 silly audit   'fast-wrap-ansi': [ '0.2.2' ],
2578 silly audit   sisteransi: [ '1.0.5' ],
2578 silly audit   '@emnapi/wasi-threads': [ '1.2.3', '1.2.2' ],
2578 silly audit   tslib: [ '2.8.1' ],
2578 silly audit   '@tybys/wasm-util': [ '0.10.3' ],
2578 silly audit   'process-ancestry': [ '0.1.0' ],
2578 silly audit   dequal: [ '2.0.3' ],
2578 silly audit   '@esbuild/aix-ppc64': [ '0.28.1' ],
2578 silly audit   '@esbuild/android-arm': [ '0.28.1' ],
2578 silly audit   '@esbuild/android-arm64': [ '0.28.1' ],
2578 silly audit   '@esbuild/android-x64': [ '0.28.1' ],
2578 silly audit   '@esbuild/darwin-arm64': [ '0.28.1' ],
2578 silly audit   '@esbuild/darwin-x64': [ '0.28.1' ],
2578 silly audit   '@esbuild/freebsd-arm64': [ '0.28.1' ],
2578 silly audit   '@esbuild/freebsd-x64': [ '0.28.1' ],
2578 silly audit   '@esbuild/linux-arm': [ '0.28.1' ],
2578 silly audit   '@esbuild/linux-arm64': [ '0.28.1' ],
2578 silly audit   '@esbuild/linux-ia32': [ '0.28.1' ],
2578 silly audit   '@esbuild/linux-loong64': [ '0.28.1' ],
2578 silly audit   '@esbuild/linux-mips64el': [ '0.28.1' ],
2578 silly audit   '@esbuild/linux-ppc64': [ '0.28.1' ],
2578 silly audit   '@esbuild/linux-riscv64': [ '0.28.1' ],
2578 silly audit   '@esbuild/linux-s390x': [ '0.28.1' ],
2578 silly audit   '@esbuild/linux-x64': [ '0.28.1' ],
2578 silly audit   '@esbuild/netbsd-arm64': [ '0.28.1' ],
2578 silly audit   '@esbuild/netbsd-x64': [ '0.28.1' ],
2578 silly audit   '@esbuild/openbsd-arm64': [ '0.28.1' ],
2578 silly audit   '@esbuild/openbsd-x64': [ '0.28.1' ],
2578 silly audit   '@esbuild/openharmony-arm64': [ '0.28.1' ],
2578 silly audit   '@esbuild/sunos-x64': [ '0.28.1' ],
2578 silly audit   '@esbuild/win32-arm64': [ '0.28.1' ],
2578 silly audit   '@esbuild/win32-ia32': [ '0.28.1' ],
2578 silly audit   '@esbuild/win32-x64': [ '0.28.1' ],
2578 silly audit   'fast-string-truncated-width': [ '3.0.3' ],
2578 silly audit   'tiny-inflate': [ '1.0.3' ],
2578 silly audit   'resolve-pkg-maps': [ '1.0.0' ],
2578 silly audit   'hast-util-from-parse5': [ '8.0.3' ],
2578 silly audit   parse5: [ '7.3.0' ],
2578 silly audit   'vfile-message': [ '4.0.3' ],
2578 silly audit   hastscript: [ '9.0.1' ],
2578 silly audit   'property-information': [ '7.2.0' ],
2578 silly audit   'vfile-location': [ '5.0.3' ],
2578 silly audit   'web-namespaces': [ '2.0.1' ],
2578 silly audit   ccount: [ '2.0.1' ],
2578 silly audit   'comma-separated-tokens': [ '2.0.3' ],
2578 silly audit   'hast-util-whitespace': [ '3.0.0' ],
2578 silly audit   'html-void-elements': [ '3.0.0' ],
2578 silly audit   'mdast-util-to-hast': [ '13.2.1' ],
2578 silly audit   'space-separated-tokens': [ '2.0.2' ],
2578 silly audit   'stringify-entities': [ '4.0.4' ],
2578 silly audit   zwitch: [ '2.0.4' ],
2578 silly audit   'mdast-util-mdx-expression': [ '2.0.1' ],
2578 silly audit   'mdast-util-mdx-jsx': [ '3.2.0' ],
2578 silly audit   'mdast-util-mdxjs-esm': [ '2.0.1' ],
2578 silly audit   'style-to-js': [ '1.1.21' ],
2578 silly audit   'unist-util-position': [ '5.0.0' ],
2578 silly audit   'hast-util-is-element': [ '3.0.0' ],
2578 silly audit   'unist-util-find-after': [ '5.0.0' ],
2578 silly audit   'hast-util-parse-selector': [ '4.0.0' ],
2578 silly audit   argparse: [ '2.0.1' ],
2578 silly audit   '@jridgewell/sourcemap-codec': [ '1.5.5' ],
2578 silly audit   '@babel/parser': [ '7.29.8' ],
2578 silly audit   '@babel/types': [ '7.29.8' ],
2578 silly audit   'source-map-js': [ '1.2.1' ],
2578 silly audit   '@babel/helper-string-parser': [ '7.29.7' ],
2578 silly audit   '@babel/helper-validator-identifier': [ '7.29.7' ],
2578 silly audit   'mdast-util-from-markdown': [ '2.0.3' ],
2578 silly audit   'mdast-util-to-markdown': [ '2.1.2' ],
2578 silly audit   'decode-named-character-reference': [ '1.3.0' ],
2578 silly audit   'mdast-util-to-string': [ '4.0.0' ],
2578 silly audit   micromark: [ '4.0.2' ],
2578 silly audit   'micromark-util-decode-numeric-character-reference': [ '2.0.2' ],
2578 silly audit   'micromark-util-decode-string': [ '2.0.1' ],
2578 silly audit   'micromark-util-normalize-identifier': [ '2.0.1' ],
2578 silly audit   'micromark-util-symbol': [ '2.0.1' ],
2578 silly audit   'micromark-util-types': [ '2.0.2' ],
2578 silly audit   'character-entities': [ '2.0.2' ],
2578 silly audit   'parse-entities': [ '4.0.2' ],
2578 silly audit   '@ungap/structured-clone': [ '1.3.3' ],
2578 silly audit   'micromark-util-sanitize-uri': [ '2.0.1' ],
2578 silly audit   'trim-lines': [ '3.0.1' ],
2578 silly audit   'longest-streak': [ '3.1.0' ],
2578 silly audit   'mdast-util-phrasing': [ '4.1.0' ],
2578 silly audit   'micromark-util-classify-character': [ '2.0.1' ],
2578 silly audit   'unist-util-is': [ '6.0.1' ],
2578 silly audit   '@types/debug': [ '4.1.13' ],
2578 silly audit   debug: [ '4.4.3' ],
2578 silly audit   'micromark-core-commonmark': [ '2.0.3' ],
2578 silly audit   'micromark-factory-space': [ '2.0.1' ],
2578 silly audit   'micromark-util-character': [ '2.1.1' ],
2578 silly audit   'micromark-util-chunked': [ '2.0.1' ],
2578 silly audit   'micromark-util-combine-extensions': [ '2.0.1' ],
2578 silly audit   'micromark-util-encode': [ '2.0.1' ],
2578 silly audit   'micromark-util-resolve-all': [ '2.0.1' ],
2578 silly audit   'micromark-util-subtokenize': [ '2.1.0' ],
2578 silly audit   '@types/ms': [ '2.1.0' ],
2578 silly audit   ms: [ '2.1.3' ],
2578 silly audit   'micromark-factory-destination': [ '2.0.1' ],
2578 silly audit   'micromark-factory-label': [ '2.0.1' ],
2578 silly audit   'micromark-factory-title': [ '2.0.1' ],
2578 silly audit   'micromark-factory-whitespace': [ '2.0.1' ],
2578 silly audit   'micromark-util-html-tag-name': [ '2.0.1' ],
2578 silly audit   'yocto-queue': [ '1.2.2' ],
2578 silly audit   eventemitter3: [ '5.0.4' ],
2578 silly audit   'p-timeout': [ '7.0.1' ],
2578 silly audit   'character-entities-legacy': [ '3.0.0' ],
2578 silly audit   'character-reference-invalid': [ '2.0.1' ],
2578 silly audit   'is-alphanumerical': [ '2.0.1' ],
2578 silly audit   'is-decimal': [ '2.0.1' ],
2578 silly audit   'is-hexadecimal': [ '2.0.1' ],
2578 silly audit   'is-alphabetical': [ '2.0.1' ],
2578 silly audit   entities: [ '6.0.1', '4.5.0' ],
2578 silly audit   'estree-util-build-jsx': [ '3.0.1' ],
2578 silly audit   'acorn-jsx': [ '5.3.2' ],
2578 silly audit   'estree-util-to-js': [ '2.0.0' ],
2578 silly audit   'recma-parse': [ '1.0.0' ],
2578 silly audit   astring: [ '1.9.0' ],
2578 silly audit   'esast-util-from-js': [ '2.0.1' ],
2578 silly audit   'esast-util-from-estree': [ '2.0.0' ],
2578 silly audit   'hast-util-raw': [ '9.1.0' ],
2578 silly audit   'hast-util-to-parse5': [ '8.0.1' ],
2578 silly audit   'hast-util-to-estree': [ '3.1.3' ],
2578 silly audit   'estree-util-attach-comments': [ '3.0.0' ],
2578 silly audit   'mdast-util-gfm': [ '3.1.0' ],
2578 silly audit   'micromark-extension-gfm': [ '3.0.0' ],
2578 silly audit   'remark-stringify': [ '11.0.0' ],
2578 silly audit   'mdast-util-gfm-autolink-literal': [ '2.0.1' ],
2578 silly audit   'mdast-util-gfm-footnote': [ '2.1.0' ],
2578 silly audit   'mdast-util-gfm-strikethrough': [ '2.0.0' ],
2578 silly audit   'mdast-util-gfm-table': [ '2.0.0' ],
2578 silly audit   'mdast-util-gfm-task-list-item': [ '2.0.0' ],
2578 silly audit   'mdast-util-find-and-replace': [ '3.0.2' ],
2578 silly audit   'escape-string-regexp': [ '5.0.0' ],
2578 silly audit   'markdown-table': [ '3.0.4' ],
2578 silly audit   'micromark-extension-gfm-autolink-literal': [ '2.1.0' ],
2578 silly audit   'micromark-extension-gfm-footnote': [ '2.1.0' ],
2578 silly audit   'micromark-extension-gfm-strikethrough': [ '2.1.0' ],
2578 silly audit   'micromark-extension-gfm-table': [ '2.1.1' ],
2578 silly audit   'micromark-extension-gfm-tagfilter': [ '2.0.0' ],
2578 silly audit   'micromark-extension-gfm-task-list-item': [ '2.1.0' ],
2578 silly audit   'mdast-util-mdx': [ '3.0.0' ],
2578 silly audit   'micromark-extension-mdxjs': [ '3.0.0' ],
2578 silly audit   'micromark-extension-mdx-expression': [ '3.0.1' ],
2578 silly audit   'micromark-extension-mdx-jsx': [ '3.0.2' ],
2578 silly audit   'micromark-extension-mdx-md': [ '2.0.0' ],
2578 silly audit   'micromark-extension-mdxjs-esm': [ '3.0.0' ],
2578 silly audit   'micromark-factory-mdx-expression': [ '2.0.3' ],
2578 silly audit   'micromark-util-events-to-acorn': [ '2.0.3' ],
2578 silly audit   retext: [ '9.0.0' ],
2578 silly audit   '@types/nlcst': [ '2.0.3' ],
2578 silly audit   'retext-latin': [ '4.0.0' ],
2578 silly audit   'retext-stringify': [ '4.0.0' ],
2578 silly audit   'parse-latin': [ '7.0.0' ],
2578 silly audit   'nlcst-to-string': [ '4.0.0' ],
2578 silly audit   'unist-util-modify-children': [ '4.0.0' ],
2578 silly audit   'unist-util-visit-children': [ '3.0.0' ],
2578 silly audit   '@bruits/satteri-darwin-arm64': [ '0.9.5' ],
2578 silly audit   '@bruits/satteri-darwin-x64': [ '0.9.5' ],
2578 silly audit   '@bruits/satteri-linux-arm64-gnu': [ '0.9.5' ],
2578 silly audit   '@bruits/satteri-linux-arm64-musl': [ '0.9.5' ],
2578 silly audit   '@bruits/satteri-linux-x64-gnu': [ '0.9.5' ],
2578 silly audit   '@bruits/satteri-linux-x64-musl': [ '0.9.5' ],
2578 silly audit   '@bruits/satteri-wasm32-wasi': [ '0.9.5' ],
2578 silly audit   '@bruits/satteri-win32-arm64-msvc': [ '0.9.5' ],
2578 silly audit   '@bruits/satteri-win32-x64-msvc': [ '0.9.5' ],
2578 silly audit   '@img/colour': [ '1.1.0' ],
2578 silly audit   '@img/sharp-darwin-arm64': [ '0.35.3' ],
2578 silly audit   '@img/sharp-darwin-x64': [ '0.35.3' ],
2578 silly audit   '@img/sharp-freebsd-wasm32': [ '0.35.3' ],
2578 silly audit   '@img/sharp-libvips-darwin-arm64': [ '1.3.2' ],
2578 silly audit   '@img/sharp-libvips-darwin-x64': [ '1.3.2' ],
2578 silly audit   '@img/sharp-libvips-linux-arm': [ '1.3.2' ],
2578 silly audit   '@img/sharp-libvips-linux-arm64': [ '1.3.2' ],
2578 silly audit   '@img/sharp-libvips-linux-ppc64': [ '1.3.2' ],
2578 silly audit   '@img/sharp-libvips-linux-riscv64': [ '1.3.2' ],
2578 silly audit   '@img/sharp-libvips-linux-s390x': [ '1.3.2' ],
2578 silly audit   '@img/sharp-libvips-linux-x64': [ '1.3.2' ],
2578 silly audit   '@img/sharp-libvips-linuxmusl-arm64': [ '1.3.2' ],
2578 silly audit   '@img/sharp-libvips-linuxmusl-x64': [ '1.3.2' ],
2578 silly audit   '@img/sharp-linux-arm': [ '0.35.3' ],
2578 silly audit   '@img/sharp-linux-arm64': [ '0.35.3' ],
2578 silly audit   '@img/sharp-linux-ppc64': [ '0.35.3' ],
2578 silly audit   '@img/sharp-linux-riscv64': [ '0.35.3' ],
2578 silly audit   '@img/sharp-linux-s390x': [ '0.35.3' ],
2578 silly audit   '@img/sharp-linux-x64': [ '0.35.3' ],
2578 silly audit   '@img/sharp-linuxmusl-arm64': [ '0.35.3' ],
2578 silly audit   '@img/sharp-linuxmusl-x64': [ '0.35.3' ],
2578 silly audit   '@img/sharp-webcontainers-wasm32': [ '0.35.3' ],
2578 silly audit   '@img/sharp-win32-arm64': [ '0.35.3' ],
2578 silly audit   '@img/sharp-win32-ia32': [ '0.35.3' ],
2578 silly audit   '@img/sharp-win32-x64': [ '0.35.3' ],
2578 silly audit   'detect-libc': [ '2.1.2' ],
2578 silly audit   '@img/sharp-wasm32': [ '0.35.3' ],
2578 silly audit   '@shikijs/core': [ '4.4.2' ],
2578 silly audit   '@shikijs/engine-javascript': [ '4.4.2' ],
2578 silly audit   '@shikijs/engine-oniguruma': [ '4.4.2' ],
2578 silly audit   '@shikijs/langs': [ '4.4.2' ],
2578 silly audit   '@shikijs/themes': [ '4.4.2' ],
2578 silly audit   '@shikijs/types': [ '4.4.2' ],
2578 silly audit   '@shikijs/vscode-textmate': [ '10.0.2' ],
2578 silly audit   '@shikijs/primitive': [ '4.4.2' ],
2578 silly audit   'oniguruma-to-es': [ '4.3.6' ],
2578 silly audit   'oniguruma-parser': [ '0.12.2' ],
2578 silly audit   regex: [ '6.1.0' ],
2578 silly audit   'regex-recursion': [ '6.0.2' ],
2578 silly audit   'regex-utilities': [ '2.3.0' ],
2578 silly audit   'character-entities-html4': [ '2.1.0' ],
2578 silly audit   'style-to-object': [ '1.0.14' ],
2578 silly audit   'inline-style-parser': [ '0.2.7' ],
2578 silly audit   commander: [ '11.1.0' ],
2578 silly audit   'css-select': [ '5.2.2' ],
2578 silly audit   'css-tree': [ '3.2.1', '2.2.1' ],
2578 silly audit   'css-what': [ '6.2.2' ],
2578 silly audit   csso: [ '5.0.5' ],
2578 silly audit   picocolors: [ '1.1.1' ],
2578 silly audit   sax: [ '1.6.1' ],
2578 silly audit   boolbase: [ '1.0.0' ],
2578 silly audit   domhandler: [ '5.0.3' ],
2578 silly audit   domutils: [ '3.2.2' ],
2578 silly audit   'nth-check': [ '2.1.1' ],
2578 silly audit   'mdn-data': [ '2.27.1', '2.0.28' ],
2578 silly audit   domelementtype: [ '2.3.0' ],
2578 silly audit   'dom-serializer': [ '2.0.0' ],
2578 silly audit   fdir: [ '6.5.0' ],
2578 silly audit   bail: [ '2.0.2' ],
2578 silly audit   extend: [ '3.0.2' ],
2578 silly audit   'is-plain-obj': [ '4.1.0' ],
2578 silly audit   trough: [ '2.2.0' ],
2578 silly audit   ofetch: [ '1.5.1' ],
2578 silly audit   ohash: [ '2.0.11' ],
2578 silly audit   destr: [ '2.0.5' ],
2578 silly audit   'node-fetch-native': [ '1.6.7' ],
2578 silly audit   ufo: [ '1.6.4' ],
2578 silly audit   'array-iterate': [ '2.0.1' ],
2578 silly audit   anymatch: [ '3.1.3' ],
2578 silly audit   chokidar: [ '5.0.0' ],
2578 silly audit   h3: [ '1.15.11' ],
2578 silly audit   'lru-cache': [ '11.5.2' ],
2578 silly audit   'normalize-path': [ '3.0.0' ],
2578 silly audit   readdirp: [ '5.1.1' ],
2578 silly audit   'cookie-es': [ '1.2.3' ],
2578 silly audit   crossws: [ '0.3.5' ],
2578 silly audit   defu: [ '6.1.7' ],
2578 silly audit   'iron-webcrypto': [ '1.2.1' ],
2578 silly audit   'node-mock-http': [ '1.0.5' ],
2578 silly audit   radix3: [ '1.1.2' ],
2578 silly audit   uncrypto: [ '0.1.3' ],
2578 silly audit   fsevents: [ '2.3.3' ],
2578 silly audit   lightningcss: [ '1.33.0' ],
2578 silly audit   postcss: [ '8.5.25' ],
2578 silly audit   rolldown: [ '1.2.3' ],
2578 silly audit   'lightningcss-android-arm64': [ '1.33.0' ],
2578 silly audit   'lightningcss-darwin-arm64': [ '1.33.0' ],
2578 silly audit   'lightningcss-darwin-x64': [ '1.33.0' ],
2578 silly audit   'lightningcss-freebsd-x64': [ '1.33.0' ],
2578 silly audit   'lightningcss-linux-arm-gnueabihf': [ '1.33.0' ],
2578 silly audit   'lightningcss-linux-arm64-gnu': [ '1.33.0' ],
2578 silly audit   'lightningcss-linux-arm64-musl': [ '1.33.0' ],
2578 silly audit   'lightningcss-linux-x64-gnu': [ '1.33.0' ],
2578 silly audit   'lightningcss-linux-x64-musl': [ '1.33.0' ],
2578 silly audit   'lightningcss-win32-arm64-msvc': [ '1.33.0' ],
2578 silly audit   'lightningcss-win32-x64-msvc': [ '1.33.0' ],
2578 silly audit   nanoid: [ '3.3.17' ],
2578 silly audit   '@oxc-project/types': [ '0.143.0' ],
2578 silly audit   '@rolldown/binding-android-arm64': [ '1.2.3' ],
2578 silly audit   '@rolldown/binding-darwin-arm64': [ '1.2.3' ],
2578 silly audit   '@rolldown/binding-darwin-x64': [ '1.2.3' ],
2578 silly audit   '@rolldown/binding-freebsd-x64': [ '1.2.3' ],
2578 silly audit   '@rolldown/binding-linux-arm-gnueabihf': [ '1.2.3' ],
2578 silly audit   '@rolldown/binding-linux-arm64-gnu': [ '1.2.3' ],
2578 silly audit   '@rolldown/binding-linux-arm64-musl': [ '1.2.3' ],
2578 silly audit   '@rolldown/binding-linux-ppc64-gnu': [ '1.2.3' ],
2578 silly audit   '@rolldown/binding-linux-s390x-gnu': [ '1.2.3' ],
2578 silly audit   '@rolldown/binding-linux-x64-gnu': [ '1.2.3' ],
2578 silly audit   '@rolldown/binding-linux-x64-musl': [ '1.2.3' ],
2578 silly audit   '@rolldown/binding-openharmony-arm64': [ '1.2.3' ],
2578 silly audit   '@rolldown/binding-win32-arm64-msvc': [ '1.2.3' ],
2578 silly audit   '@rolldown/binding-win32-x64-msvc': [ '1.2.3' ],
2578 silly audit   '@rolldown/pluginutils': [ '1.0.1' ]
2578 silly audit }
2579 http cache @oxc-project/types@https://registry.npmjs.org/@oxc-project/types/-/types-0.143.0.tgz 0ms (cache hit)
2580 http cache nanoid@https://registry.npmjs.org/nanoid/-/nanoid-3.3.17.tgz 0ms (cache hit)
2581 http cache rolldown@https://registry.npmjs.org/rolldown/-/rolldown-1.2.3.tgz 0ms (cache hit)
2582 http cache lightningcss-win32-x64-msvc@https://registry.npmjs.org/lightningcss-win32-x64-msvc/-/lightningcss-win32-x64-msvc-1.33.0.tgz 0ms (cache hit)
2583 http cache @rolldown/pluginutils@https://registry.npmjs.org/@rolldown/pluginutils/-/pluginutils-1.0.1.tgz 0ms (cache hit)
2584 http cache @rolldown/binding-win32-x64-msvc@https://registry.npmjs.org/@rolldown/binding-win32-x64-msvc/-/binding-win32-x64-msvc-1.2.3.tgz 0ms (cache hit)
2585 http cache postcss@https://registry.npmjs.org/postcss/-/postcss-8.5.25.tgz 0ms (cache hit)
2586 http cache lightningcss@https://registry.npmjs.org/lightningcss/-/lightningcss-1.33.0.tgz 0ms (cache hit)
2587 http cache uncrypto@https://registry.npmjs.org/uncrypto/-/uncrypto-0.1.3.tgz 0ms (cache hit)
2588 http cache radix3@https://registry.npmjs.org/radix3/-/radix3-1.1.2.tgz 0ms (cache hit)
2589 http cache defu@https://registry.npmjs.org/defu/-/defu-6.1.7.tgz 0ms (cache hit)
2590 http cache node-mock-http@https://registry.npmjs.org/node-mock-http/-/node-mock-http-1.0.5.tgz 0ms (cache hit)
2591 http cache iron-webcrypto@https://registry.npmjs.org/iron-webcrypto/-/iron-webcrypto-1.2.1.tgz 0ms (cache hit)
2592 http cache crossws@https://registry.npmjs.org/crossws/-/crossws-0.3.5.tgz 0ms (cache hit)
2593 http cache readdirp@https://registry.npmjs.org/readdirp/-/readdirp-5.1.1.tgz 0ms (cache hit)
2594 http cache cookie-es@https://registry.npmjs.org/cookie-es/-/cookie-es-1.2.3.tgz 0ms (cache hit)
2595 http cache chokidar@https://registry.npmjs.org/chokidar/-/chokidar-5.0.0.tgz 0ms (cache hit)
2596 http cache lru-cache@https://registry.npmjs.org/lru-cache/-/lru-cache-11.5.2.tgz 0ms (cache hit)
2597 http cache normalize-path@https://registry.npmjs.org/normalize-path/-/normalize-path-3.0.0.tgz 0ms (cache hit)
2598 http cache anymatch@https://registry.npmjs.org/anymatch/-/anymatch-3.1.3.tgz 0ms (cache hit)
2599 http cache array-iterate@https://registry.npmjs.org/array-iterate/-/array-iterate-2.0.1.tgz 0ms (cache hit)
2600 http cache ufo@https://registry.npmjs.org/ufo/-/ufo-1.6.4.tgz 0ms (cache hit)
2601 http cache node-fetch-native@https://registry.npmjs.org/node-fetch-native/-/node-fetch-native-1.6.7.tgz 0ms (cache hit)
2602 http cache destr@https://registry.npmjs.org/destr/-/destr-2.0.5.tgz 0ms (cache hit)
2603 http cache h3@https://registry.npmjs.org/h3/-/h3-1.15.11.tgz 0ms (cache hit)
2604 http cache ohash@https://registry.npmjs.org/ohash/-/ohash-2.0.11.tgz 0ms (cache hit)
2605 http cache ofetch@https://registry.npmjs.org/ofetch/-/ofetch-1.5.1.tgz 0ms (cache hit)
2606 http cache trough@https://registry.npmjs.org/trough/-/trough-2.2.0.tgz 0ms (cache hit)
2607 http cache extend@https://registry.npmjs.org/extend/-/extend-3.0.2.tgz 0ms (cache hit)
2608 http cache is-plain-obj@https://registry.npmjs.org/is-plain-obj/-/is-plain-obj-4.1.0.tgz 0ms (cache hit)
2609 http cache bail@https://registry.npmjs.org/bail/-/bail-2.0.2.tgz 0ms (cache hit)
2610 http cache fdir@https://registry.npmjs.org/fdir/-/fdir-6.5.0.tgz 0ms (cache hit)
2611 http cache dom-serializer@https://registry.npmjs.org/dom-serializer/-/dom-serializer-2.0.0.tgz 0ms (cache hit)
2612 http cache domelementtype@https://registry.npmjs.org/domelementtype/-/domelementtype-2.3.0.tgz 0ms (cache hit)
2613 http cache mdn-data@https://registry.npmjs.org/mdn-data/-/mdn-data-2.27.1.tgz 0ms (cache hit)
2614 http cache nth-check@https://registry.npmjs.org/nth-check/-/nth-check-2.1.1.tgz 0ms (cache hit)
2615 http cache domutils@https://registry.npmjs.org/domutils/-/domutils-3.2.2.tgz 0ms (cache hit)
2616 http cache domhandler@https://registry.npmjs.org/domhandler/-/domhandler-5.0.3.tgz 0ms (cache hit)
2617 http cache boolbase@https://registry.npmjs.org/boolbase/-/boolbase-1.0.0.tgz 0ms (cache hit)
2618 http cache sax@https://registry.npmjs.org/sax/-/sax-1.6.1.tgz 0ms (cache hit)
2619 http cache csso@https://registry.npmjs.org/csso/-/csso-5.0.5.tgz 0ms (cache hit)
2620 http cache picocolors@https://registry.npmjs.org/picocolors/-/picocolors-1.1.1.tgz 0ms (cache hit)
2621 http cache css-what@https://registry.npmjs.org/css-what/-/css-what-6.2.2.tgz 0ms (cache hit)
2622 http cache css-select@https://registry.npmjs.org/css-select/-/css-select-5.2.2.tgz 0ms (cache hit)
2623 http cache css-tree@https://registry.npmjs.org/css-tree/-/css-tree-3.2.1.tgz 0ms (cache hit)
2624 http cache commander@https://registry.npmjs.org/commander/-/commander-11.1.0.tgz 0ms (cache hit)
2625 http cache inline-style-parser@https://registry.npmjs.org/inline-style-parser/-/inline-style-parser-0.2.7.tgz 0ms (cache hit)
2626 http cache style-to-object@https://registry.npmjs.org/style-to-object/-/style-to-object-1.0.14.tgz 0ms (cache hit)
2627 http cache character-entities-html4@https://registry.npmjs.org/character-entities-html4/-/character-entities-html4-2.1.0.tgz 0ms (cache hit)
2628 http cache regex-utilities@https://registry.npmjs.org/regex-utilities/-/regex-utilities-2.3.0.tgz 0ms (cache hit)
2629 http cache regex-recursion@https://registry.npmjs.org/regex-recursion/-/regex-recursion-6.0.2.tgz 0ms (cache hit)
2630 http cache @shikijs/primitive@https://registry.npmjs.org/@shikijs/primitive/-/primitive-4.4.2.tgz 0ms (cache hit)
2631 http cache @shikijs/vscode-textmate@https://registry.npmjs.org/@shikijs/vscode-textmate/-/vscode-textmate-10.0.2.tgz 0ms (cache hit)
2632 http cache regex@https://registry.npmjs.org/regex/-/regex-6.1.0.tgz 0ms (cache hit)
2633 http cache oniguruma-to-es@https://registry.npmjs.org/oniguruma-to-es/-/oniguruma-to-es-4.3.6.tgz 0ms (cache hit)
2634 http cache oniguruma-parser@https://registry.npmjs.org/oniguruma-parser/-/oniguruma-parser-0.12.2.tgz 0ms (cache hit)
2635 http cache @shikijs/types@https://registry.npmjs.org/@shikijs/types/-/types-4.4.2.tgz 1ms (cache hit)
2636 http cache @shikijs/themes@https://registry.npmjs.org/@shikijs/themes/-/themes-4.4.2.tgz 0ms (cache hit)
2637 http cache @shikijs/engine-oniguruma@https://registry.npmjs.org/@shikijs/engine-oniguruma/-/engine-oniguruma-4.4.2.tgz 0ms (cache hit)
2638 http cache @shikijs/langs@https://registry.npmjs.org/@shikijs/langs/-/langs-4.4.2.tgz 0ms (cache hit)
2639 http cache @shikijs/engine-javascript@https://registry.npmjs.org/@shikijs/engine-javascript/-/engine-javascript-4.4.2.tgz 0ms (cache hit)
2640 http cache @shikijs/core@https://registry.npmjs.org/@shikijs/core/-/core-4.4.2.tgz 0ms (cache hit)
2641 http cache detect-libc@https://registry.npmjs.org/detect-libc/-/detect-libc-2.1.2.tgz 0ms (cache hit)
2642 http cache @img/sharp-win32-x64@https://registry.npmjs.org/@img/sharp-win32-x64/-/sharp-win32-x64-0.35.3.tgz 0ms (cache hit)
2643 http cache @bruits/satteri-win32-x64-msvc@https://registry.npmjs.org/@bruits/satteri-win32-x64-msvc/-/satteri-win32-x64-msvc-0.9.5.tgz 0ms (cache hit)
2644 http cache unist-util-visit-children@https://registry.npmjs.org/unist-util-visit-children/-/unist-util-visit-children-3.0.0.tgz 0ms (cache hit)
2645 http cache @img/colour@https://registry.npmjs.org/@img/colour/-/colour-1.1.0.tgz 0ms (cache hit)
2646 http cache unist-util-modify-children@https://registry.npmjs.org/unist-util-modify-children/-/unist-util-modify-children-4.0.0.tgz 0ms (cache hit)
2647 http cache parse-latin@https://registry.npmjs.org/parse-latin/-/parse-latin-7.0.0.tgz 0ms (cache hit)
2648 http cache retext-stringify@https://registry.npmjs.org/retext-stringify/-/retext-stringify-4.0.0.tgz 0ms (cache hit)
2649 http cache nlcst-to-string@https://registry.npmjs.org/nlcst-to-string/-/nlcst-to-string-4.0.0.tgz 0ms (cache hit)
2650 http cache @types/nlcst@https://registry.npmjs.org/@types/nlcst/-/nlcst-2.0.3.tgz 0ms (cache hit)
2651 http cache retext-latin@https://registry.npmjs.org/retext-latin/-/retext-latin-4.0.0.tgz 0ms (cache hit)
2652 http cache retext@https://registry.npmjs.org/retext/-/retext-9.0.0.tgz 0ms (cache hit)
2653 http cache micromark-util-events-to-acorn@https://registry.npmjs.org/micromark-util-events-to-acorn/-/micromark-util-events-to-acorn-2.0.3.tgz 0ms (cache hit)
2654 http cache micromark-factory-mdx-expression@https://registry.npmjs.org/micromark-factory-mdx-expression/-/micromark-factory-mdx-expression-2.0.3.tgz 0ms (cache hit)
2655 http cache micromark-extension-mdxjs-esm@https://registry.npmjs.org/micromark-extension-mdxjs-esm/-/micromark-extension-mdxjs-esm-3.0.0.tgz 0ms (cache hit)
2656 http cache micromark-extension-mdx-md@https://registry.npmjs.org/micromark-extension-mdx-md/-/micromark-extension-mdx-md-2.0.0.tgz 0ms (cache hit)
2657 http cache micromark-extension-mdx-jsx@https://registry.npmjs.org/micromark-extension-mdx-jsx/-/micromark-extension-mdx-jsx-3.0.2.tgz 0ms (cache hit)
2658 http cache micromark-extension-mdx-expression@https://registry.npmjs.org/micromark-extension-mdx-expression/-/micromark-extension-mdx-expression-3.0.1.tgz 0ms (cache hit)
2659 http cache micromark-extension-mdxjs@https://registry.npmjs.org/micromark-extension-mdxjs/-/micromark-extension-mdxjs-3.0.0.tgz 0ms (cache hit)
2660 http cache mdast-util-mdx@https://registry.npmjs.org/mdast-util-mdx/-/mdast-util-mdx-3.0.0.tgz 0ms (cache hit)
2661 http cache micromark-extension-gfm-task-list-item@https://registry.npmjs.org/micromark-extension-gfm-task-list-item/-/micromark-extension-gfm-task-list-item-2.1.0.tgz 0ms (cache hit)
2662 http cache micromark-extension-gfm-tagfilter@https://registry.npmjs.org/micromark-extension-gfm-tagfilter/-/micromark-extension-gfm-tagfilter-2.0.0.tgz 0ms (cache hit)
2663 http cache micromark-extension-gfm-table@https://registry.npmjs.org/micromark-extension-gfm-table/-/micromark-extension-gfm-table-2.1.1.tgz 0ms (cache hit)
2664 http cache micromark-extension-gfm-strikethrough@https://registry.npmjs.org/micromark-extension-gfm-strikethrough/-/micromark-extension-gfm-strikethrough-2.1.0.tgz 0ms (cache hit)
2665 http cache micromark-extension-gfm-footnote@https://registry.npmjs.org/micromark-extension-gfm-footnote/-/micromark-extension-gfm-footnote-2.1.0.tgz 0ms (cache hit)
2666 http cache markdown-table@https://registry.npmjs.org/markdown-table/-/markdown-table-3.0.4.tgz 0ms (cache hit)
2667 http cache micromark-extension-gfm-autolink-literal@https://registry.npmjs.org/micromark-extension-gfm-autolink-literal/-/micromark-extension-gfm-autolink-literal-2.1.0.tgz 0ms (cache hit)
2668 http cache escape-string-regexp@https://registry.npmjs.org/escape-string-regexp/-/escape-string-regexp-5.0.0.tgz 0ms (cache hit)
2669 http cache mdast-util-gfm-task-list-item@https://registry.npmjs.org/mdast-util-gfm-task-list-item/-/mdast-util-gfm-task-list-item-2.0.0.tgz 0ms (cache hit)
2670 http cache mdast-util-gfm-table@https://registry.npmjs.org/mdast-util-gfm-table/-/mdast-util-gfm-table-2.0.0.tgz 0ms (cache hit)
2671 http cache mdast-util-gfm-footnote@https://registry.npmjs.org/mdast-util-gfm-footnote/-/mdast-util-gfm-footnote-2.1.0.tgz 0ms (cache hit)
2672 http cache mdast-util-gfm-strikethrough@https://registry.npmjs.org/mdast-util-gfm-strikethrough/-/mdast-util-gfm-strikethrough-2.0.0.tgz 0ms (cache hit)
2673 http cache mdast-util-gfm-autolink-literal@https://registry.npmjs.org/mdast-util-gfm-autolink-literal/-/mdast-util-gfm-autolink-literal-2.0.1.tgz 0ms (cache hit)
2674 http cache remark-stringify@https://registry.npmjs.org/remark-stringify/-/remark-stringify-11.0.0.tgz 0ms (cache hit)
2675 http cache micromark-extension-gfm@https://registry.npmjs.org/micromark-extension-gfm/-/micromark-extension-gfm-3.0.0.tgz 0ms (cache hit)
2676 http cache mdast-util-gfm@https://registry.npmjs.org/mdast-util-gfm/-/mdast-util-gfm-3.1.0.tgz 0ms (cache hit)
2677 http cache estree-util-attach-comments@https://registry.npmjs.org/estree-util-attach-comments/-/estree-util-attach-comments-3.0.0.tgz 0ms (cache hit)
2678 http cache mdast-util-find-and-replace@https://registry.npmjs.org/mdast-util-find-and-replace/-/mdast-util-find-and-replace-3.0.2.tgz 0ms (cache hit)
2679 http cache hast-util-to-estree@https://registry.npmjs.org/hast-util-to-estree/-/hast-util-to-estree-3.1.3.tgz 0ms (cache hit)
2680 http cache hast-util-to-parse5@https://registry.npmjs.org/hast-util-to-parse5/-/hast-util-to-parse5-8.0.1.tgz 0ms (cache hit)
2681 http cache hast-util-raw@https://registry.npmjs.org/hast-util-raw/-/hast-util-raw-9.1.0.tgz 0ms (cache hit)
2682 http cache esast-util-from-estree@https://registry.npmjs.org/esast-util-from-estree/-/esast-util-from-estree-2.0.0.tgz 0ms (cache hit)
2683 http cache esast-util-from-js@https://registry.npmjs.org/esast-util-from-js/-/esast-util-from-js-2.0.1.tgz 0ms (cache hit)
2684 http cache astring@https://registry.npmjs.org/astring/-/astring-1.9.0.tgz 0ms (cache hit)
2685 http cache recma-parse@https://registry.npmjs.org/recma-parse/-/recma-parse-1.0.0.tgz 0ms (cache hit)
2686 http cache acorn-jsx@https://registry.npmjs.org/acorn-jsx/-/acorn-jsx-5.3.2.tgz 0ms (cache hit)
2687 http cache estree-util-build-jsx@https://registry.npmjs.org/estree-util-build-jsx/-/estree-util-build-jsx-3.0.1.tgz 0ms (cache hit)
2688 http cache entities@https://registry.npmjs.org/entities/-/entities-6.0.1.tgz 0ms (cache hit)
2689 http cache estree-util-to-js@https://registry.npmjs.org/estree-util-to-js/-/estree-util-to-js-2.0.0.tgz 0ms (cache hit)
2690 http cache is-alphabetical@https://registry.npmjs.org/is-alphabetical/-/is-alphabetical-2.0.1.tgz 0ms (cache hit)
2691 http cache is-hexadecimal@https://registry.npmjs.org/is-hexadecimal/-/is-hexadecimal-2.0.1.tgz 0ms (cache hit)
2692 http cache is-decimal@https://registry.npmjs.org/is-decimal/-/is-decimal-2.0.1.tgz 0ms (cache hit)
2693 http cache is-alphanumerical@https://registry.npmjs.org/is-alphanumerical/-/is-alphanumerical-2.0.1.tgz 0ms (cache hit)
2694 http cache character-reference-invalid@https://registry.npmjs.org/character-reference-invalid/-/character-reference-invalid-2.0.1.tgz 0ms (cache hit)
2695 http cache character-entities-legacy@https://registry.npmjs.org/character-entities-legacy/-/character-entities-legacy-3.0.0.tgz 0ms (cache hit)
2696 http cache p-timeout@https://registry.npmjs.org/p-timeout/-/p-timeout-7.0.1.tgz 0ms (cache hit)
2697 http cache eventemitter3@https://registry.npmjs.org/eventemitter3/-/eventemitter3-5.0.4.tgz 0ms (cache hit)
2698 http cache yocto-queue@https://registry.npmjs.org/yocto-queue/-/yocto-queue-1.2.2.tgz 0ms (cache hit)
2699 http cache micromark-util-html-tag-name@https://registry.npmjs.org/micromark-util-html-tag-name/-/micromark-util-html-tag-name-2.0.1.tgz 0ms (cache hit)
2700 http cache micromark-factory-whitespace@https://registry.npmjs.org/micromark-factory-whitespace/-/micromark-factory-whitespace-2.0.1.tgz 0ms (cache hit)
2701 http cache micromark-factory-title@https://registry.npmjs.org/micromark-factory-title/-/micromark-factory-title-2.0.1.tgz 0ms (cache hit)
2702 http cache micromark-factory-label@https://registry.npmjs.org/micromark-factory-label/-/micromark-factory-label-2.0.1.tgz 0ms (cache hit)
2703 http cache micromark-factory-destination@https://registry.npmjs.org/micromark-factory-destination/-/micromark-factory-destination-2.0.1.tgz 0ms (cache hit)
2704 http cache @types/ms@https://registry.npmjs.org/@types/ms/-/ms-2.1.0.tgz 0ms (cache hit)
2705 http cache ms@https://registry.npmjs.org/ms/-/ms-2.1.3.tgz 0ms (cache hit)
2706 http cache micromark-util-subtokenize@https://registry.npmjs.org/micromark-util-subtokenize/-/micromark-util-subtokenize-2.1.0.tgz 0ms (cache hit)
2707 http cache micromark-util-resolve-all@https://registry.npmjs.org/micromark-util-resolve-all/-/micromark-util-resolve-all-2.0.1.tgz 0ms (cache hit)
2708 http cache micromark-util-combine-extensions@https://registry.npmjs.org/micromark-util-combine-extensions/-/micromark-util-combine-extensions-2.0.1.tgz 0ms (cache hit)
2709 http cache micromark-util-encode@https://registry.npmjs.org/micromark-util-encode/-/micromark-util-encode-2.0.1.tgz 0ms (cache hit)
2710 http cache micromark-util-chunked@https://registry.npmjs.org/micromark-util-chunked/-/micromark-util-chunked-2.0.1.tgz 0ms (cache hit)
2711 http cache micromark-util-character@https://registry.npmjs.org/micromark-util-character/-/micromark-util-character-2.1.1.tgz 0ms (cache hit)
2712 http cache micromark-factory-space@https://registry.npmjs.org/micromark-factory-space/-/micromark-factory-space-2.0.1.tgz 0ms (cache hit)
2713 http cache @types/debug@https://registry.npmjs.org/@types/debug/-/debug-4.1.13.tgz 0ms (cache hit)
2714 http cache debug@https://registry.npmjs.org/debug/-/debug-4.4.3.tgz 1ms (cache hit)
2715 http cache micromark-core-commonmark@https://registry.npmjs.org/micromark-core-commonmark/-/micromark-core-commonmark-2.0.3.tgz 0ms (cache hit)
2716 http cache unist-util-is@https://registry.npmjs.org/unist-util-is/-/unist-util-is-6.0.1.tgz 0ms (cache hit)
2717 http cache micromark-util-classify-character@https://registry.npmjs.org/micromark-util-classify-character/-/micromark-util-classify-character-2.0.1.tgz 0ms (cache hit)
2718 http cache mdast-util-phrasing@https://registry.npmjs.org/mdast-util-phrasing/-/mdast-util-phrasing-4.1.0.tgz 0ms (cache hit)
2719 http cache @ungap/structured-clone@https://registry.npmjs.org/@ungap/structured-clone/-/structured-clone-1.3.3.tgz 0ms (cache hit)
2720 http cache longest-streak@https://registry.npmjs.org/longest-streak/-/longest-streak-3.1.0.tgz 0ms (cache hit)
2721 http cache trim-lines@https://registry.npmjs.org/trim-lines/-/trim-lines-3.0.1.tgz 0ms (cache hit)
2722 http cache micromark-util-sanitize-uri@https://registry.npmjs.org/micromark-util-sanitize-uri/-/micromark-util-sanitize-uri-2.0.1.tgz 0ms (cache hit)
2723 http cache character-entities@https://registry.npmjs.org/character-entities/-/character-entities-2.0.2.tgz 0ms (cache hit)
2724 http cache parse-entities@https://registry.npmjs.org/parse-entities/-/parse-entities-4.0.2.tgz 0ms (cache hit)
2725 http cache micromark-util-types@https://registry.npmjs.org/micromark-util-types/-/micromark-util-types-2.0.2.tgz 0ms (cache hit)
2726 http cache micromark-util-symbol@https://registry.npmjs.org/micromark-util-symbol/-/micromark-util-symbol-2.0.1.tgz 0ms (cache hit)
2727 http cache micromark-util-normalize-identifier@https://registry.npmjs.org/micromark-util-normalize-identifier/-/micromark-util-normalize-identifier-2.0.1.tgz 0ms (cache hit)
2728 http cache micromark-util-decode-string@https://registry.npmjs.org/micromark-util-decode-string/-/micromark-util-decode-string-2.0.1.tgz 0ms (cache hit)
2729 http cache micromark-util-decode-numeric-character-reference@https://registry.npmjs.org/micromark-util-decode-numeric-character-reference/-/micromark-util-decode-numeric-character-reference-2.0.2.tgz 0ms (cache hit)
2730 http cache micromark@https://registry.npmjs.org/micromark/-/micromark-4.0.2.tgz 0ms (cache hit)
2731 http cache mdast-util-to-string@https://registry.npmjs.org/mdast-util-to-string/-/mdast-util-to-string-4.0.0.tgz 0ms (cache hit)
2732 http cache decode-named-character-reference@https://registry.npmjs.org/decode-named-character-reference/-/decode-named-character-reference-1.3.0.tgz 0ms (cache hit)
2733 http cache mdast-util-from-markdown@https://registry.npmjs.org/mdast-util-from-markdown/-/mdast-util-from-markdown-2.0.3.tgz 0ms (cache hit)
2734 http cache mdast-util-to-markdown@https://registry.npmjs.org/mdast-util-to-markdown/-/mdast-util-to-markdown-2.1.2.tgz 0ms (cache hit)
2735 http cache @babel/helper-validator-identifier@https://registry.npmjs.org/@babel/helper-validator-identifier/-/helper-validator-identifier-7.29.7.tgz 0ms (cache hit)
2736 http cache source-map-js@https://registry.npmjs.org/source-map-js/-/source-map-js-1.2.1.tgz 0ms (cache hit)
2737 http cache @jridgewell/sourcemap-codec@https://registry.npmjs.org/@jridgewell/sourcemap-codec/-/sourcemap-codec-1.5.5.tgz 0ms (cache hit)
2738 http cache argparse@https://registry.npmjs.org/argparse/-/argparse-2.0.1.tgz 0ms (cache hit)
2739 http cache @babel/helper-string-parser@https://registry.npmjs.org/@babel/helper-string-parser/-/helper-string-parser-7.29.7.tgz 0ms (cache hit)
2740 http cache @babel/types@https://registry.npmjs.org/@babel/types/-/types-7.29.8.tgz 0ms (cache hit)
2741 http cache @babel/parser@https://registry.npmjs.org/@babel/parser/-/parser-7.29.8.tgz 0ms (cache hit)
2742 http cache unist-util-find-after@https://registry.npmjs.org/unist-util-find-after/-/unist-util-find-after-5.0.0.tgz 0ms (cache hit)
2743 http cache hast-util-parse-selector@https://registry.npmjs.org/hast-util-parse-selector/-/hast-util-parse-selector-4.0.0.tgz 0ms (cache hit)
2744 http cache hast-util-is-element@https://registry.npmjs.org/hast-util-is-element/-/hast-util-is-element-3.0.0.tgz 0ms (cache hit)
2745 http cache unist-util-position@https://registry.npmjs.org/unist-util-position/-/unist-util-position-5.0.0.tgz 0ms (cache hit)
2746 http cache mdast-util-mdxjs-esm@https://registry.npmjs.org/mdast-util-mdxjs-esm/-/mdast-util-mdxjs-esm-2.0.1.tgz 0ms (cache hit)
2747 http cache style-to-js@https://registry.npmjs.org/style-to-js/-/style-to-js-1.1.21.tgz 0ms (cache hit)
2748 http cache mdast-util-mdx-jsx@https://registry.npmjs.org/mdast-util-mdx-jsx/-/mdast-util-mdx-jsx-3.2.0.tgz 0ms (cache hit)
2749 http cache mdast-util-mdx-expression@https://registry.npmjs.org/mdast-util-mdx-expression/-/mdast-util-mdx-expression-2.0.1.tgz 0ms (cache hit)
2750 http cache stringify-entities@https://registry.npmjs.org/stringify-entities/-/stringify-entities-4.0.4.tgz 0ms (cache hit)
2751 http cache space-separated-tokens@https://registry.npmjs.org/space-separated-tokens/-/space-separated-tokens-2.0.2.tgz 0ms (cache hit)
2752 http cache html-void-elements@https://registry.npmjs.org/html-void-elements/-/html-void-elements-3.0.0.tgz 0ms (cache hit)
2753 http cache mdast-util-to-hast@https://registry.npmjs.org/mdast-util-to-hast/-/mdast-util-to-hast-13.2.1.tgz 0ms (cache hit)
2754 http cache hast-util-whitespace@https://registry.npmjs.org/hast-util-whitespace/-/hast-util-whitespace-3.0.0.tgz 0ms (cache hit)
2755 http cache comma-separated-tokens@https://registry.npmjs.org/comma-separated-tokens/-/comma-separated-tokens-2.0.3.tgz 0ms (cache hit)
2756 http cache zwitch@https://registry.npmjs.org/zwitch/-/zwitch-2.0.4.tgz 0ms (cache hit)
2757 http cache ccount@https://registry.npmjs.org/ccount/-/ccount-2.0.1.tgz 0ms (cache hit)
2758 http cache web-namespaces@https://registry.npmjs.org/web-namespaces/-/web-namespaces-2.0.1.tgz 0ms (cache hit)
2759 http cache property-information@https://registry.npmjs.org/property-information/-/property-information-7.2.0.tgz 0ms (cache hit)
2760 http cache vfile-message@https://registry.npmjs.org/vfile-message/-/vfile-message-4.0.3.tgz 0ms (cache hit)
2761 http cache hastscript@https://registry.npmjs.org/hastscript/-/hastscript-9.0.1.tgz 0ms (cache hit)
2762 http cache vfile-location@https://registry.npmjs.org/vfile-location/-/vfile-location-5.0.3.tgz 0ms (cache hit)
2763 http cache parse5@https://registry.npmjs.org/parse5/-/parse5-7.3.0.tgz 0ms (cache hit)
2764 http cache hast-util-from-parse5@https://registry.npmjs.org/hast-util-from-parse5/-/hast-util-from-parse5-8.0.3.tgz 0ms (cache hit)
2765 http cache resolve-pkg-maps@https://registry.npmjs.org/resolve-pkg-maps/-/resolve-pkg-maps-1.0.0.tgz 0ms (cache hit)
2766 http cache tiny-inflate@https://registry.npmjs.org/tiny-inflate/-/tiny-inflate-1.0.3.tgz 0ms (cache hit)
2767 http cache @esbuild/win32-x64@https://registry.npmjs.org/@esbuild/win32-x64/-/win32-x64-0.28.1.tgz 0ms (cache hit)
2768 http cache fast-string-truncated-width@https://registry.npmjs.org/fast-string-truncated-width/-/fast-string-truncated-width-3.0.3.tgz 0ms (cache hit)
2769 http cache dequal@https://registry.npmjs.org/dequal/-/dequal-2.0.3.tgz 0ms (cache hit)
2770 http cache process-ancestry@https://registry.npmjs.org/process-ancestry/-/process-ancestry-0.1.0.tgz 0ms (cache hit)
2771 http cache @clack/core@https://registry.npmjs.org/@clack/core/-/core-1.4.3.tgz 0ms (cache hit)
2772 http cache fast-wrap-ansi@https://registry.npmjs.org/fast-wrap-ansi/-/fast-wrap-ansi-0.2.2.tgz 0ms (cache hit)
2773 http cache fast-string-width@https://registry.npmjs.org/fast-string-width/-/fast-string-width-3.0.2.tgz 0ms (cache hit)
2774 http cache sisteransi@https://registry.npmjs.org/sisteransi/-/sisteransi-1.0.5.tgz 0ms (cache hit)
2775 http cache fontkitten@https://registry.npmjs.org/fontkitten/-/fontkitten-1.0.3.tgz 0ms (cache hit)
2776 http cache is-docker@https://registry.npmjs.org/is-docker/-/is-docker-4.0.0.tgz 0ms (cache hit)
2777 http cache satteri@https://registry.npmjs.org/satteri/-/satteri-0.9.5.tgz 0ms (cache hit)
2778 http cache @astrojs/compiler-binding-win32-x64-msvc@https://registry.npmjs.org/@astrojs/compiler-binding-win32-x64-msvc/-/compiler-binding-win32-x64-msvc-0.3.2.tgz 0ms (cache hit)
2779 http cache @astrojs/compiler-binding@https://registry.npmjs.org/@astrojs/compiler-binding/-/compiler-binding-0.3.2.tgz 0ms (cache hit)
2780 http cache zod@https://registry.npmjs.org/zod/-/zod-4.4.3.tgz 0ms (cache hit)
2781 http cache yargs-parser@https://registry.npmjs.org/yargs-parser/-/yargs-parser-22.0.0.tgz 0ms (cache hit)
2782 http cache vitefu@https://registry.npmjs.org/vitefu/-/vitefu-1.1.3.tgz 0ms (cache hit)
2783 http cache vite@https://registry.npmjs.org/vite/-/vite-8.2.0.tgz 0ms (cache hit)
2784 http cache xxhash-wasm@https://registry.npmjs.org/xxhash-wasm/-/xxhash-wasm-1.1.0.tgz 0ms (cache hit)
2785 http cache unstorage@https://registry.npmjs.org/unstorage/-/unstorage-1.17.5.tgz 0ms (cache hit)
2786 http cache unifont@https://registry.npmjs.org/unifont/-/unifont-0.7.4.tgz 0ms (cache hit)
2787 http cache ultrahtml@https://registry.npmjs.org/ultrahtml/-/ultrahtml-1.7.0.tgz 0ms (cache hit)
2788 http cache tinyexec@https://registry.npmjs.org/tinyexec/-/tinyexec-1.3.0.tgz 0ms (cache hit)
2789 http cache tinyglobby@https://registry.npmjs.org/tinyglobby/-/tinyglobby-0.2.17.tgz 0ms (cache hit)
2790 http cache tinyclip@https://registry.npmjs.org/tinyclip/-/tinyclip-0.1.15.tgz 0ms (cache hit)
2791 http cache svgo@https://registry.npmjs.org/svgo/-/svgo-4.0.2.tgz 0ms (cache hit)
2792 http cache sharp@https://registry.npmjs.org/sharp/-/sharp-0.35.3.tgz 0ms (cache hit)
2793 http cache semver@https://registry.npmjs.org/semver/-/semver-7.8.5.tgz 0ms (cache hit)
2794 http cache package-manager-detector@https://registry.npmjs.org/package-manager-detector/-/package-manager-detector-1.8.0.tgz 0ms (cache hit)
2795 http cache p-queue@https://registry.npmjs.org/p-queue/-/p-queue-9.3.3.tgz 0ms (cache hit)
2796 http cache p-limit@https://registry.npmjs.org/p-limit/-/p-limit-7.3.1.tgz 0ms (cache hit)
2797 http cache obug@https://registry.npmjs.org/obug/-/obug-2.1.4.tgz 0ms (cache hit)
2798 http cache mrmime@https://registry.npmjs.org/mrmime/-/mrmime-2.0.1.tgz 0ms (cache hit)
2799 http cache neotraverse@https://registry.npmjs.org/neotraverse/-/neotraverse-1.0.1.tgz 0ms (cache hit)
2800 http cache magicast@https://registry.npmjs.org/magicast/-/magicast-0.5.4.tgz 0ms (cache hit)
2801 http cache magic-string@https://registry.npmjs.org/magic-string/-/magic-string-1.1.0.tgz 0ms (cache hit)
2802 http cache jsonc-parser@https://registry.npmjs.org/jsonc-parser/-/jsonc-parser-3.3.1.tgz 0ms (cache hit)
2803 http cache http-cache-semantics@https://registry.npmjs.org/http-cache-semantics/-/http-cache-semantics-4.2.0.tgz 0ms (cache hit)
2804 http cache html-escaper@https://registry.npmjs.org/html-escaper/-/html-escaper-3.0.3.tgz 0ms (cache hit)
2805 http cache get-tsconfig@https://registry.npmjs.org/get-tsconfig/-/get-tsconfig-5.0.0-beta.4.tgz 0ms (cache hit)
2806 http cache fontace@https://registry.npmjs.org/fontace/-/fontace-0.4.1.tgz 0ms (cache hit)
2807 http cache flattie@https://registry.npmjs.org/flattie/-/flattie-1.1.1.tgz 0ms (cache hit)
2808 http cache esbuild@https://registry.npmjs.org/esbuild/-/esbuild-0.28.1.tgz 0ms (cache hit)
2809 http cache dset@https://registry.npmjs.org/dset/-/dset-3.1.4.tgz 0ms (cache hit)
2810 http cache diff@https://registry.npmjs.org/diff/-/diff-8.0.4.tgz 0ms (cache hit)
2811 http cache devalue@https://registry.npmjs.org/devalue/-/devalue-5.9.0.tgz 0ms (cache hit)
2812 http cache cookie@https://registry.npmjs.org/cookie/-/cookie-2.0.1.tgz 0ms (cache hit)
2813 http cache common-ancestor-path@https://registry.npmjs.org/common-ancestor-path/-/common-ancestor-path-2.0.0.tgz 0ms (cache hit)
2814 http cache clsx@https://registry.npmjs.org/clsx/-/clsx-2.1.1.tgz 0ms (cache hit)
2815 http cache ci-info@https://registry.npmjs.org/ci-info/-/ci-info-4.4.0.tgz 0ms (cache hit)
2816 http cache @rollup/pluginutils@https://registry.npmjs.org/@rollup/pluginutils/-/pluginutils-5.4.0.tgz 0ms (cache hit)
2817 http cache @oslojs/encoding@https://registry.npmjs.org/@oslojs/encoding/-/encoding-1.1.0.tgz 0ms (cache hit)
2818 http cache @clack/prompts@https://registry.npmjs.org/@clack/prompts/-/prompts-1.7.0.tgz 0ms (cache hit)
2819 http cache axobject-query@https://registry.npmjs.org/axobject-query/-/axobject-query-4.1.0.tgz 0ms (cache hit)
2820 http cache @capsizecss/unpack@https://registry.npmjs.org/@capsizecss/unpack/-/unpack-4.0.1.tgz 0ms (cache hit)
2821 http cache am-i-vibing@https://registry.npmjs.org/am-i-vibing/-/am-i-vibing-0.4.0.tgz 0ms (cache hit)
2822 http cache @types/unist@https://registry.npmjs.org/@types/unist/-/unist-3.0.3.tgz 0ms (cache hit)
2823 http cache unist-util-position-from-estree@https://registry.npmjs.org/unist-util-position-from-estree/-/unist-util-position-from-estree-2.0.0.tgz 0ms (cache hit)
2824 http cache remark-mdx@https://registry.npmjs.org/remark-mdx/-/remark-mdx-3.1.1.tgz 0ms (cache hit)
2825 http cache aria-query@https://registry.npmjs.org/aria-query/-/aria-query-5.3.2.tgz 0ms (cache hit)
2826 http cache unist-util-stringify-position@https://registry.npmjs.org/unist-util-stringify-position/-/unist-util-stringify-position-4.0.0.tgz 0ms (cache hit)
2827 http cache @astrojs/telemetry@https://registry.npmjs.org/@astrojs/telemetry/-/telemetry-3.3.3.tgz 0ms (cache hit)
2828 http cache @astrojs/markdown-satteri@https://registry.npmjs.org/@astrojs/markdown-satteri/-/markdown-satteri-0.3.5.tgz 0ms (cache hit)
2829 http cache @astrojs/compiler-rs@https://registry.npmjs.org/@astrojs/compiler-rs/-/compiler-rs-0.3.2.tgz 0ms (cache hit)
2830 http cache recma-stringify@https://registry.npmjs.org/recma-stringify/-/recma-stringify-1.0.0.tgz 0ms (cache hit)
2831 http cache rehype-recma@https://registry.npmjs.org/rehype-recma/-/rehype-recma-1.0.0.tgz 0ms (cache hit)
2832 http cache recma-jsx@https://registry.npmjs.org/recma-jsx/-/recma-jsx-1.0.1.tgz 0ms (cache hit)
2833 http cache recma-build-jsx@https://registry.npmjs.org/recma-build-jsx/-/recma-build-jsx-1.0.0.tgz 0ms (cache hit)
2834 http cache markdown-extensions@https://registry.npmjs.org/markdown-extensions/-/markdown-extensions-2.0.0.tgz 0ms (cache hit)
2835 http cache hast-util-to-jsx-runtime@https://registry.npmjs.org/hast-util-to-jsx-runtime/-/hast-util-to-jsx-runtime-2.3.6.tgz 0ms (cache hit)
2836 http cache estree-util-scope@https://registry.npmjs.org/estree-util-scope/-/estree-util-scope-1.0.0.tgz 0ms (cache hit)
2837 http cache estree-walker@https://registry.npmjs.org/estree-walker/-/estree-walker-3.0.3.tgz 0ms (cache hit)
2838 http cache @types/mdx@https://registry.npmjs.org/@types/mdx/-/mdx-2.0.14.tgz 0ms (cache hit)
2839 http cache estree-util-is-identifier-name@https://registry.npmjs.org/estree-util-is-identifier-name/-/estree-util-is-identifier-name-3.0.0.tgz 0ms (cache hit)
2840 http cache devlop@https://registry.npmjs.org/devlop/-/devlop-1.1.0.tgz 0ms (cache hit)
2841 http cache @types/estree-jsx@https://registry.npmjs.org/@types/estree-jsx/-/estree-jsx-1.0.5.tgz 0ms (cache hit)
2842 http cache collapse-white-space@https://registry.npmjs.org/collapse-white-space/-/collapse-white-space-2.1.0.tgz 0ms (cache hit)
2843 http cache @types/estree@https://registry.npmjs.org/@types/estree/-/estree-1.0.9.tgz 0ms (cache hit)
2844 http cache prismjs@https://registry.npmjs.org/prismjs/-/prismjs-1.30.0.tgz 0ms (cache hit)
2845 http cache unist-util-visit-parents@https://registry.npmjs.org/unist-util-visit-parents/-/unist-util-visit-parents-6.0.2.tgz 0ms (cache hit)
2846 http cache unist-util-remove-position@https://registry.npmjs.org/unist-util-remove-position/-/unist-util-remove-position-5.0.0.tgz 0ms (cache hit)
2847 http cache remark-rehype@https://registry.npmjs.org/remark-rehype/-/remark-rehype-11.1.2.tgz 0ms (cache hit)
2848 http cache remark-parse@https://registry.npmjs.org/remark-parse/-/remark-parse-11.0.0.tgz 0ms (cache hit)
2849 http cache mdast-util-definitions@https://registry.npmjs.org/mdast-util-definitions/-/mdast-util-definitions-6.0.0.tgz 0ms (cache hit)
2850 http cache rehype-stringify@https://registry.npmjs.org/rehype-stringify/-/rehype-stringify-10.0.1.tgz 0ms (cache hit)
2851 http cache @astrojs/prism@https://registry.npmjs.org/@astrojs/prism/-/prism-4.0.2.tgz 0ms (cache hit)
2852 http cache hast-util-from-html@https://registry.npmjs.org/hast-util-from-html/-/hast-util-from-html-2.0.3.tgz 0ms (cache hit)
2853 http cache hast-util-to-text@https://registry.npmjs.org/hast-util-to-text/-/hast-util-to-text-4.0.2.tgz 0ms (cache hit)
2854 http cache smol-toml@https://registry.npmjs.org/smol-toml/-/smol-toml-1.7.1.tgz 0ms (cache hit)
2855 http cache unified@https://registry.npmjs.org/unified/-/unified-11.0.5.tgz 0ms (cache hit)
2856 http cache shiki@https://registry.npmjs.org/shiki/-/shiki-4.4.2.tgz 0ms (cache hit)
2857 http cache retext-smartypants@https://registry.npmjs.org/retext-smartypants/-/retext-smartypants-6.2.0.tgz 0ms (cache hit)
2858 http cache picomatch@https://registry.npmjs.org/picomatch/-/picomatch-4.0.5.tgz 0ms (cache hit)
2859 http cache js-yaml@https://registry.npmjs.org/js-yaml/-/js-yaml-4.3.1.tgz 0ms (cache hit)
2860 http cache @types/mdast@https://registry.npmjs.org/@types/mdast/-/mdast-4.0.4.tgz 0ms (cache hit)
2861 http cache @types/hast@https://registry.npmjs.org/@types/hast/-/hast-3.0.5.tgz 0ms (cache hit)
2862 http cache github-slugger@https://registry.npmjs.org/github-slugger/-/github-slugger-2.0.0.tgz 0ms (cache hit)
2863 http cache unist-util-visit@https://registry.npmjs.org/unist-util-visit/-/unist-util-visit-5.1.0.tgz 0ms (cache hit)
2864 http cache source-map@https://registry.npmjs.org/source-map/-/source-map-0.7.6.tgz 0ms (cache hit)
2865 http cache vfile@https://registry.npmjs.org/vfile/-/vfile-6.0.3.tgz 0ms (cache hit)
2866 http cache remark-smartypants@https://registry.npmjs.org/remark-smartypants/-/remark-smartypants-3.0.3.tgz 0ms (cache hit)
2867 http cache remark-gfm@https://registry.npmjs.org/remark-gfm/-/remark-gfm-4.0.1.tgz 0ms (cache hit)
2868 http cache rehype-raw@https://registry.npmjs.org/rehype-raw/-/rehype-raw-7.0.0.tgz 0ms (cache hit)
2869 http cache piccolore@https://registry.npmjs.org/piccolore/-/piccolore-0.1.3.tgz 0ms (cache hit)
2870 http cache hast-util-to-html@https://registry.npmjs.org/hast-util-to-html/-/hast-util-to-html-9.0.5.tgz 0ms (cache hit)
2871 http cache @mdx-js/mdx@https://registry.npmjs.org/@mdx-js/mdx/-/mdx-3.1.1.tgz 0ms (cache hit)
2872 http cache @astrojs/markdown-remark@https://registry.npmjs.org/@astrojs/markdown-remark/-/markdown-remark-7.2.2.tgz 0ms (cache hit)
2873 http cache @astrojs/internal-helpers@https://registry.npmjs.org/@astrojs/internal-helpers/-/internal-helpers-0.10.2.tgz 0ms (cache hit)
2874 http cache estree-util-visit@https://registry.npmjs.org/estree-util-visit/-/estree-util-visit-2.0.0.tgz 0ms (cache hit)
2875 http cache es-module-lexer@https://registry.npmjs.org/es-module-lexer/-/es-module-lexer-2.3.1.tgz 0ms (cache hit)
2876 http cache acorn@https://registry.npmjs.org/acorn/-/acorn-8.18.0.tgz 0ms (cache hit)
2877 http cache @astrojs/mdx@https://registry.npmjs.org/@astrojs/mdx/-/mdx-7.0.5.tgz 0ms (cache hit)
2878 http cache astro@https://registry.npmjs.org/astro/-/astro-7.1.6.tgz 0ms (cache hit)
2879 http cache picomatch@https://registry.npmjs.org/picomatch/-/picomatch-2.3.2.tgz 0ms (cache hit)
2880 http cache entities@https://registry.npmjs.org/entities/-/entities-4.5.0.tgz 0ms (cache hit)
2881 http cache mdn-data@https://registry.npmjs.org/mdn-data/-/mdn-data-2.0.28.tgz 0ms (cache hit)
2882 silly tarball no local data for @oxc-project/types@https://registry.npmjs.org/@oxc-project/types/-/types-0.143.0.tgz. Extracting by manifest.
2883 silly tarball no local data for nanoid@https://registry.npmjs.org/nanoid/-/nanoid-3.3.17.tgz. Extracting by manifest.
2884 silly tarball no local data for rolldown@https://registry.npmjs.org/rolldown/-/rolldown-1.2.3.tgz. Extracting by manifest.
2885 silly tarball no local data for lightningcss-win32-x64-msvc@https://registry.npmjs.org/lightningcss-win32-x64-msvc/-/lightningcss-win32-x64-msvc-1.33.0.tgz. Extracting by manifest.
2886 http cache css-tree@https://registry.npmjs.org/css-tree/-/css-tree-2.2.1.tgz 0ms (cache hit)
2887 silly tarball no local data for @rolldown/pluginutils@https://registry.npmjs.org/@rolldown/pluginutils/-/pluginutils-1.0.1.tgz. Extracting by manifest.
2888 http cache @types/unist@https://registry.npmjs.org/@types/unist/-/unist-2.0.11.tgz 0ms (cache hit)
2889 silly tarball no local data for @rolldown/binding-win32-x64-msvc@https://registry.npmjs.org/@rolldown/binding-win32-x64-msvc/-/binding-win32-x64-msvc-1.2.3.tgz. Extracting by manifest.
2890 silly tarball no local data for postcss@https://registry.npmjs.org/postcss/-/postcss-8.5.25.tgz. Extracting by manifest.
2891 silly tarball no local data for lightningcss@https://registry.npmjs.org/lightningcss/-/lightningcss-1.33.0.tgz. Extracting by manifest.
2892 silly tarball no local data for uncrypto@https://registry.npmjs.org/uncrypto/-/uncrypto-0.1.3.tgz. Extracting by manifest.
2893 silly tarball no local data for radix3@https://registry.npmjs.org/radix3/-/radix3-1.1.2.tgz. Extracting by manifest.
2894 http cache estree-walker@https://registry.npmjs.org/estree-walker/-/estree-walker-2.0.2.tgz 0ms (cache hit)
2895 silly tarball no local data for defu@https://registry.npmjs.org/defu/-/defu-6.1.7.tgz. Extracting by manifest.
2896 silly tarball no local data for node-mock-http@https://registry.npmjs.org/node-mock-http/-/node-mock-http-1.0.5.tgz. Extracting by manifest.
2897 silly tarball no local data for iron-webcrypto@https://registry.npmjs.org/iron-webcrypto/-/iron-webcrypto-1.2.1.tgz. Extracting by manifest.
2898 silly tarball no local data for crossws@https://registry.npmjs.org/crossws/-/crossws-0.3.5.tgz. Extracting by manifest.
2899 silly tarball no local data for readdirp@https://registry.npmjs.org/readdirp/-/readdirp-5.1.1.tgz. Extracting by manifest.
2900 silly tarball no local data for cookie-es@https://registry.npmjs.org/cookie-es/-/cookie-es-1.2.3.tgz. Extracting by manifest.
2901 silly tarball no local data for chokidar@https://registry.npmjs.org/chokidar/-/chokidar-5.0.0.tgz. Extracting by manifest.
2902 silly tarball no local data for lru-cache@https://registry.npmjs.org/lru-cache/-/lru-cache-11.5.2.tgz. Extracting by manifest.
2903 silly tarball no local data for normalize-path@https://registry.npmjs.org/normalize-path/-/normalize-path-3.0.0.tgz. Extracting by manifest.
2904 silly tarball no local data for anymatch@https://registry.npmjs.org/anymatch/-/anymatch-3.1.3.tgz. Extracting by manifest.
2905 silly tarball no local data for array-iterate@https://registry.npmjs.org/array-iterate/-/array-iterate-2.0.1.tgz. Extracting by manifest.
2906 silly tarball no local data for ufo@https://registry.npmjs.org/ufo/-/ufo-1.6.4.tgz. Extracting by manifest.
2907 silly tarball no local data for node-fetch-native@https://registry.npmjs.org/node-fetch-native/-/node-fetch-native-1.6.7.tgz. Extracting by manifest.
2908 silly tarball no local data for destr@https://registry.npmjs.org/destr/-/destr-2.0.5.tgz. Extracting by manifest.
2909 silly tarball no local data for h3@https://registry.npmjs.org/h3/-/h3-1.15.11.tgz. Extracting by manifest.
2910 silly tarball no local data for ohash@https://registry.npmjs.org/ohash/-/ohash-2.0.11.tgz. Extracting by manifest.
2911 silly tarball no local data for ofetch@https://registry.npmjs.org/ofetch/-/ofetch-1.5.1.tgz. Extracting by manifest.
2912 silly tarball no local data for trough@https://registry.npmjs.org/trough/-/trough-2.2.0.tgz. Extracting by manifest.
2913 silly tarball no local data for extend@https://registry.npmjs.org/extend/-/extend-3.0.2.tgz. Extracting by manifest.
2914 silly tarball no local data for is-plain-obj@https://registry.npmjs.org/is-plain-obj/-/is-plain-obj-4.1.0.tgz. Extracting by manifest.
2915 silly tarball no local data for bail@https://registry.npmjs.org/bail/-/bail-2.0.2.tgz. Extracting by manifest.
2916 silly tarball no local data for fdir@https://registry.npmjs.org/fdir/-/fdir-6.5.0.tgz. Extracting by manifest.
2917 silly tarball no local data for dom-serializer@https://registry.npmjs.org/dom-serializer/-/dom-serializer-2.0.0.tgz. Extracting by manifest.
2918 silly tarball no local data for domelementtype@https://registry.npmjs.org/domelementtype/-/domelementtype-2.3.0.tgz. Extracting by manifest.
2919 silly tarball no local data for mdn-data@https://registry.npmjs.org/mdn-data/-/mdn-data-2.27.1.tgz. Extracting by manifest.
2920 silly tarball no local data for nth-check@https://registry.npmjs.org/nth-check/-/nth-check-2.1.1.tgz. Extracting by manifest.
2921 silly tarball no local data for domutils@https://registry.npmjs.org/domutils/-/domutils-3.2.2.tgz. Extracting by manifest.
2922 silly tarball no local data for domhandler@https://registry.npmjs.org/domhandler/-/domhandler-5.0.3.tgz. Extracting by manifest.
2923 silly tarball no local data for boolbase@https://registry.npmjs.org/boolbase/-/boolbase-1.0.0.tgz. Extracting by manifest.
2924 silly tarball no local data for sax@https://registry.npmjs.org/sax/-/sax-1.6.1.tgz. Extracting by manifest.
2925 silly tarball no local data for csso@https://registry.npmjs.org/csso/-/csso-5.0.5.tgz. Extracting by manifest.
2926 silly tarball no local data for picocolors@https://registry.npmjs.org/picocolors/-/picocolors-1.1.1.tgz. Extracting by manifest.
2927 silly tarball no local data for css-what@https://registry.npmjs.org/css-what/-/css-what-6.2.2.tgz. Extracting by manifest.
2928 silly tarball no local data for css-select@https://registry.npmjs.org/css-select/-/css-select-5.2.2.tgz. Extracting by manifest.
2929 silly tarball no local data for css-tree@https://registry.npmjs.org/css-tree/-/css-tree-3.2.1.tgz. Extracting by manifest.
2930 silly tarball no local data for commander@https://registry.npmjs.org/commander/-/commander-11.1.0.tgz. Extracting by manifest.
2931 silly tarball no local data for inline-style-parser@https://registry.npmjs.org/inline-style-parser/-/inline-style-parser-0.2.7.tgz. Extracting by manifest.
2932 silly tarball no local data for style-to-object@https://registry.npmjs.org/style-to-object/-/style-to-object-1.0.14.tgz. Extracting by manifest.
2933 silly tarball no local data for character-entities-html4@https://registry.npmjs.org/character-entities-html4/-/character-entities-html4-2.1.0.tgz. Extracting by manifest.
2934 silly tarball no local data for regex-utilities@https://registry.npmjs.org/regex-utilities/-/regex-utilities-2.3.0.tgz. Extracting by manifest.
2935 silly tarball no local data for regex-recursion@https://registry.npmjs.org/regex-recursion/-/regex-recursion-6.0.2.tgz. Extracting by manifest.
2936 silly tarball no local data for @shikijs/primitive@https://registry.npmjs.org/@shikijs/primitive/-/primitive-4.4.2.tgz. Extracting by manifest.
2937 silly tarball no local data for @shikijs/vscode-textmate@https://registry.npmjs.org/@shikijs/vscode-textmate/-/vscode-textmate-10.0.2.tgz. Extracting by manifest.
2938 silly tarball no local data for regex@https://registry.npmjs.org/regex/-/regex-6.1.0.tgz. Extracting by manifest.
2939 silly tarball no local data for oniguruma-to-es@https://registry.npmjs.org/oniguruma-to-es/-/oniguruma-to-es-4.3.6.tgz. Extracting by manifest.
2940 silly tarball no local data for oniguruma-parser@https://registry.npmjs.org/oniguruma-parser/-/oniguruma-parser-0.12.2.tgz. Extracting by manifest.
2941 silly tarball no local data for @shikijs/types@https://registry.npmjs.org/@shikijs/types/-/types-4.4.2.tgz. Extracting by manifest.
2942 silly tarball no local data for @shikijs/themes@https://registry.npmjs.org/@shikijs/themes/-/themes-4.4.2.tgz. Extracting by manifest.
2943 silly tarball no local data for @shikijs/engine-oniguruma@https://registry.npmjs.org/@shikijs/engine-oniguruma/-/engine-oniguruma-4.4.2.tgz. Extracting by manifest.
2944 silly tarball no local data for @shikijs/langs@https://registry.npmjs.org/@shikijs/langs/-/langs-4.4.2.tgz. Extracting by manifest.
2945 silly tarball no local data for @shikijs/engine-javascript@https://registry.npmjs.org/@shikijs/engine-javascript/-/engine-javascript-4.4.2.tgz. Extracting by manifest.
2946 silly tarball no local data for @shikijs/core@https://registry.npmjs.org/@shikijs/core/-/core-4.4.2.tgz. Extracting by manifest.
2947 silly tarball no local data for detect-libc@https://registry.npmjs.org/detect-libc/-/detect-libc-2.1.2.tgz. Extracting by manifest.
2948 silly tarball no local data for @img/sharp-win32-x64@https://registry.npmjs.org/@img/sharp-win32-x64/-/sharp-win32-x64-0.35.3.tgz. Extracting by manifest.
2949 silly tarball no local data for @bruits/satteri-win32-x64-msvc@https://registry.npmjs.org/@bruits/satteri-win32-x64-msvc/-/satteri-win32-x64-msvc-0.9.5.tgz. Extracting by manifest.
2950 silly tarball no local data for unist-util-visit-children@https://registry.npmjs.org/unist-util-visit-children/-/unist-util-visit-children-3.0.0.tgz. Extracting by manifest.
2951 silly tarball no local data for @img/colour@https://registry.npmjs.org/@img/colour/-/colour-1.1.0.tgz. Extracting by manifest.
2952 silly tarball no local data for unist-util-modify-children@https://registry.npmjs.org/unist-util-modify-children/-/unist-util-modify-children-4.0.0.tgz. Extracting by manifest.
2953 silly tarball no local data for parse-latin@https://registry.npmjs.org/parse-latin/-/parse-latin-7.0.0.tgz. Extracting by manifest.
2954 silly tarball no local data for retext-stringify@https://registry.npmjs.org/retext-stringify/-/retext-stringify-4.0.0.tgz. Extracting by manifest.
2955 silly tarball no local data for nlcst-to-string@https://registry.npmjs.org/nlcst-to-string/-/nlcst-to-string-4.0.0.tgz. Extracting by manifest.
2956 silly tarball no local data for @types/nlcst@https://registry.npmjs.org/@types/nlcst/-/nlcst-2.0.3.tgz. Extracting by manifest.
2957 silly tarball no local data for retext-latin@https://registry.npmjs.org/retext-latin/-/retext-latin-4.0.0.tgz. Extracting by manifest.
2958 silly tarball no local data for retext@https://registry.npmjs.org/retext/-/retext-9.0.0.tgz. Extracting by manifest.
2959 silly tarball no local data for micromark-util-events-to-acorn@https://registry.npmjs.org/micromark-util-events-to-acorn/-/micromark-util-events-to-acorn-2.0.3.tgz. Extracting by manifest.
2960 silly tarball no local data for micromark-factory-mdx-expression@https://registry.npmjs.org/micromark-factory-mdx-expression/-/micromark-factory-mdx-expression-2.0.3.tgz. Extracting by manifest.
2961 silly tarball no local data for micromark-extension-mdxjs-esm@https://registry.npmjs.org/micromark-extension-mdxjs-esm/-/micromark-extension-mdxjs-esm-3.0.0.tgz. Extracting by manifest.
2962 silly tarball no local data for micromark-extension-mdx-md@https://registry.npmjs.org/micromark-extension-mdx-md/-/micromark-extension-mdx-md-2.0.0.tgz. Extracting by manifest.
2963 silly tarball no local data for micromark-extension-mdx-jsx@https://registry.npmjs.org/micromark-extension-mdx-jsx/-/micromark-extension-mdx-jsx-3.0.2.tgz. Extracting by manifest.
2964 silly tarball no local data for micromark-extension-mdx-expression@https://registry.npmjs.org/micromark-extension-mdx-expression/-/micromark-extension-mdx-expression-3.0.1.tgz. Extracting by manifest.
2965 silly tarball no local data for micromark-extension-mdxjs@https://registry.npmjs.org/micromark-extension-mdxjs/-/micromark-extension-mdxjs-3.0.0.tgz. Extracting by manifest.
2966 silly tarball no local data for mdast-util-mdx@https://registry.npmjs.org/mdast-util-mdx/-/mdast-util-mdx-3.0.0.tgz. Extracting by manifest.
2967 silly tarball no local data for micromark-extension-gfm-task-list-item@https://registry.npmjs.org/micromark-extension-gfm-task-list-item/-/micromark-extension-gfm-task-list-item-2.1.0.tgz. Extracting by manifest.
2968 silly tarball no local data for micromark-extension-gfm-tagfilter@https://registry.npmjs.org/micromark-extension-gfm-tagfilter/-/micromark-extension-gfm-tagfilter-2.0.0.tgz. Extracting by manifest.
2969 silly tarball no local data for micromark-extension-gfm-table@https://registry.npmjs.org/micromark-extension-gfm-table/-/micromark-extension-gfm-table-2.1.1.tgz. Extracting by manifest.
2970 silly tarball no local data for micromark-extension-gfm-strikethrough@https://registry.npmjs.org/micromark-extension-gfm-strikethrough/-/micromark-extension-gfm-strikethrough-2.1.0.tgz. Extracting by manifest.
2971 silly tarball no local data for micromark-extension-gfm-footnote@https://registry.npmjs.org/micromark-extension-gfm-footnote/-/micromark-extension-gfm-footnote-2.1.0.tgz. Extracting by manifest.
2972 silly tarball no local data for markdown-table@https://registry.npmjs.org/markdown-table/-/markdown-table-3.0.4.tgz. Extracting by manifest.
2973 silly tarball no local data for micromark-extension-gfm-autolink-literal@https://registry.npmjs.org/micromark-extension-gfm-autolink-literal/-/micromark-extension-gfm-autolink-literal-2.1.0.tgz. Extracting by manifest.
2974 silly tarball no local data for escape-string-regexp@https://registry.npmjs.org/escape-string-regexp/-/escape-string-regexp-5.0.0.tgz. Extracting by manifest.
2975 silly tarball no local data for mdast-util-gfm-task-list-item@https://registry.npmjs.org/mdast-util-gfm-task-list-item/-/mdast-util-gfm-task-list-item-2.0.0.tgz. Extracting by manifest.
2976 silly tarball no local data for mdast-util-gfm-table@https://registry.npmjs.org/mdast-util-gfm-table/-/mdast-util-gfm-table-2.0.0.tgz. Extracting by manifest.
2977 silly tarball no local data for mdast-util-gfm-footnote@https://registry.npmjs.org/mdast-util-gfm-footnote/-/mdast-util-gfm-footnote-2.1.0.tgz. Extracting by manifest.
2978 silly tarball no local data for mdast-util-gfm-strikethrough@https://registry.npmjs.org/mdast-util-gfm-strikethrough/-/mdast-util-gfm-strikethrough-2.0.0.tgz. Extracting by manifest.
2979 silly tarball no local data for mdast-util-gfm-autolink-literal@https://registry.npmjs.org/mdast-util-gfm-autolink-literal/-/mdast-util-gfm-autolink-literal-2.0.1.tgz. Extracting by manifest.
2980 silly tarball no local data for remark-stringify@https://registry.npmjs.org/remark-stringify/-/remark-stringify-11.0.0.tgz. Extracting by manifest.
2981 silly tarball no local data for micromark-extension-gfm@https://registry.npmjs.org/micromark-extension-gfm/-/micromark-extension-gfm-3.0.0.tgz. Extracting by manifest.
2982 silly tarball no local data for mdast-util-gfm@https://registry.npmjs.org/mdast-util-gfm/-/mdast-util-gfm-3.1.0.tgz. Extracting by manifest.
2983 silly tarball no local data for estree-util-attach-comments@https://registry.npmjs.org/estree-util-attach-comments/-/estree-util-attach-comments-3.0.0.tgz. Extracting by manifest.
2984 silly tarball no local data for mdast-util-find-and-replace@https://registry.npmjs.org/mdast-util-find-and-replace/-/mdast-util-find-and-replace-3.0.2.tgz. Extracting by manifest.
2985 silly tarball no local data for hast-util-to-estree@https://registry.npmjs.org/hast-util-to-estree/-/hast-util-to-estree-3.1.3.tgz. Extracting by manifest.
2986 silly tarball no local data for hast-util-to-parse5@https://registry.npmjs.org/hast-util-to-parse5/-/hast-util-to-parse5-8.0.1.tgz. Extracting by manifest.
2987 silly tarball no local data for hast-util-raw@https://registry.npmjs.org/hast-util-raw/-/hast-util-raw-9.1.0.tgz. Extracting by manifest.
2988 silly tarball no local data for esast-util-from-estree@https://registry.npmjs.org/esast-util-from-estree/-/esast-util-from-estree-2.0.0.tgz. Extracting by manifest.
2989 silly tarball no local data for esast-util-from-js@https://registry.npmjs.org/esast-util-from-js/-/esast-util-from-js-2.0.1.tgz. Extracting by manifest.
2990 silly tarball no local data for astring@https://registry.npmjs.org/astring/-/astring-1.9.0.tgz. Extracting by manifest.
2991 silly tarball no local data for recma-parse@https://registry.npmjs.org/recma-parse/-/recma-parse-1.0.0.tgz. Extracting by manifest.
2992 silly tarball no local data for acorn-jsx@https://registry.npmjs.org/acorn-jsx/-/acorn-jsx-5.3.2.tgz. Extracting by manifest.
2993 silly tarball no local data for estree-util-build-jsx@https://registry.npmjs.org/estree-util-build-jsx/-/estree-util-build-jsx-3.0.1.tgz. Extracting by manifest.
2994 silly tarball no local data for entities@https://registry.npmjs.org/entities/-/entities-6.0.1.tgz. Extracting by manifest.
2995 silly tarball no local data for estree-util-to-js@https://registry.npmjs.org/estree-util-to-js/-/estree-util-to-js-2.0.0.tgz. Extracting by manifest.
2996 silly tarball no local data for is-alphabetical@https://registry.npmjs.org/is-alphabetical/-/is-alphabetical-2.0.1.tgz. Extracting by manifest.
2997 silly tarball no local data for is-hexadecimal@https://registry.npmjs.org/is-hexadecimal/-/is-hexadecimal-2.0.1.tgz. Extracting by manifest.
2998 silly tarball no local data for is-decimal@https://registry.npmjs.org/is-decimal/-/is-decimal-2.0.1.tgz. Extracting by manifest.
2999 silly tarball no local data for is-alphanumerical@https://registry.npmjs.org/is-alphanumerical/-/is-alphanumerical-2.0.1.tgz. Extracting by manifest.
3000 silly tarball no local data for character-reference-invalid@https://registry.npmjs.org/character-reference-invalid/-/character-reference-invalid-2.0.1.tgz. Extracting by manifest.
3001 silly tarball no local data for character-entities-legacy@https://registry.npmjs.org/character-entities-legacy/-/character-entities-legacy-3.0.0.tgz. Extracting by manifest.
3002 silly tarball no local data for p-timeout@https://registry.npmjs.org/p-timeout/-/p-timeout-7.0.1.tgz. Extracting by manifest.
3003 silly tarball no local data for eventemitter3@https://registry.npmjs.org/eventemitter3/-/eventemitter3-5.0.4.tgz. Extracting by manifest.
3004 silly tarball no local data for yocto-queue@https://registry.npmjs.org/yocto-queue/-/yocto-queue-1.2.2.tgz. Extracting by manifest.
3005 silly tarball no local data for micromark-util-html-tag-name@https://registry.npmjs.org/micromark-util-html-tag-name/-/micromark-util-html-tag-name-2.0.1.tgz. Extracting by manifest.
3006 silly tarball no local data for micromark-factory-whitespace@https://registry.npmjs.org/micromark-factory-whitespace/-/micromark-factory-whitespace-2.0.1.tgz. Extracting by manifest.
3007 silly tarball no local data for micromark-factory-title@https://registry.npmjs.org/micromark-factory-title/-/micromark-factory-title-2.0.1.tgz. Extracting by manifest.
3008 silly tarball no local data for micromark-factory-label@https://registry.npmjs.org/micromark-factory-label/-/micromark-factory-label-2.0.1.tgz. Extracting by manifest.
3009 silly tarball no local data for micromark-factory-destination@https://registry.npmjs.org/micromark-factory-destination/-/micromark-factory-destination-2.0.1.tgz. Extracting by manifest.
3010 silly tarball no local data for @types/ms@https://registry.npmjs.org/@types/ms/-/ms-2.1.0.tgz. Extracting by manifest.
3011 silly tarball no local data for ms@https://registry.npmjs.org/ms/-/ms-2.1.3.tgz. Extracting by manifest.
3012 silly tarball no local data for micromark-util-subtokenize@https://registry.npmjs.org/micromark-util-subtokenize/-/micromark-util-subtokenize-2.1.0.tgz. Extracting by manifest.
3013 silly tarball no local data for micromark-util-resolve-all@https://registry.npmjs.org/micromark-util-resolve-all/-/micromark-util-resolve-all-2.0.1.tgz. Extracting by manifest.
3014 silly tarball no local data for micromark-util-combine-extensions@https://registry.npmjs.org/micromark-util-combine-extensions/-/micromark-util-combine-extensions-2.0.1.tgz. Extracting by manifest.
3015 silly tarball no local data for micromark-util-encode@https://registry.npmjs.org/micromark-util-encode/-/micromark-util-encode-2.0.1.tgz. Extracting by manifest.
3016 silly tarball no local data for micromark-util-chunked@https://registry.npmjs.org/micromark-util-chunked/-/micromark-util-chunked-2.0.1.tgz. Extracting by manifest.
3017 silly tarball no local data for micromark-util-character@https://registry.npmjs.org/micromark-util-character/-/micromark-util-character-2.1.1.tgz. Extracting by manifest.
3018 silly tarball no local data for micromark-factory-space@https://registry.npmjs.org/micromark-factory-space/-/micromark-factory-space-2.0.1.tgz. Extracting by manifest.
3019 silly tarball no local data for @types/debug@https://registry.npmjs.org/@types/debug/-/debug-4.1.13.tgz. Extracting by manifest.
3020 silly tarball no local data for debug@https://registry.npmjs.org/debug/-/debug-4.4.3.tgz. Extracting by manifest.
3021 silly tarball no local data for micromark-core-commonmark@https://registry.npmjs.org/micromark-core-commonmark/-/micromark-core-commonmark-2.0.3.tgz. Extracting by manifest.
3022 silly tarball no local data for unist-util-is@https://registry.npmjs.org/unist-util-is/-/unist-util-is-6.0.1.tgz. Extracting by manifest.
3023 silly tarball no local data for micromark-util-classify-character@https://registry.npmjs.org/micromark-util-classify-character/-/micromark-util-classify-character-2.0.1.tgz. Extracting by manifest.
3024 silly tarball no local data for mdast-util-phrasing@https://registry.npmjs.org/mdast-util-phrasing/-/mdast-util-phrasing-4.1.0.tgz. Extracting by manifest.
3025 silly tarball no local data for @ungap/structured-clone@https://registry.npmjs.org/@ungap/structured-clone/-/structured-clone-1.3.3.tgz. Extracting by manifest.
3026 silly tarball no local data for longest-streak@https://registry.npmjs.org/longest-streak/-/longest-streak-3.1.0.tgz. Extracting by manifest.
3027 silly tarball no local data for trim-lines@https://registry.npmjs.org/trim-lines/-/trim-lines-3.0.1.tgz. Extracting by manifest.
3028 silly tarball no local data for micromark-util-sanitize-uri@https://registry.npmjs.org/micromark-util-sanitize-uri/-/micromark-util-sanitize-uri-2.0.1.tgz. Extracting by manifest.
3029 silly tarball no local data for character-entities@https://registry.npmjs.org/character-entities/-/character-entities-2.0.2.tgz. Extracting by manifest.
3030 silly tarball no local data for parse-entities@https://registry.npmjs.org/parse-entities/-/parse-entities-4.0.2.tgz. Extracting by manifest.
3031 silly tarball no local data for micromark-util-types@https://registry.npmjs.org/micromark-util-types/-/micromark-util-types-2.0.2.tgz. Extracting by manifest.
3032 silly tarball no local data for micromark-util-symbol@https://registry.npmjs.org/micromark-util-symbol/-/micromark-util-symbol-2.0.1.tgz. Extracting by manifest.
3033 silly tarball no local data for micromark-util-normalize-identifier@https://registry.npmjs.org/micromark-util-normalize-identifier/-/micromark-util-normalize-identifier-2.0.1.tgz. Extracting by manifest.
3034 silly tarball no local data for micromark-util-decode-string@https://registry.npmjs.org/micromark-util-decode-string/-/micromark-util-decode-string-2.0.1.tgz. Extracting by manifest.
3035 silly tarball no local data for micromark-util-decode-numeric-character-reference@https://registry.npmjs.org/micromark-util-decode-numeric-character-reference/-/micromark-util-decode-numeric-character-reference-2.0.2.tgz. Extracting by manifest.
3036 silly tarball no local data for micromark@https://registry.npmjs.org/micromark/-/micromark-4.0.2.tgz. Extracting by manifest.
3037 silly tarball no local data for mdast-util-to-string@https://registry.npmjs.org/mdast-util-to-string/-/mdast-util-to-string-4.0.0.tgz. Extracting by manifest.
3038 silly tarball no local data for decode-named-character-reference@https://registry.npmjs.org/decode-named-character-reference/-/decode-named-character-reference-1.3.0.tgz. Extracting by manifest.
3039 silly tarball no local data for mdast-util-from-markdown@https://registry.npmjs.org/mdast-util-from-markdown/-/mdast-util-from-markdown-2.0.3.tgz. Extracting by manifest.
3040 silly tarball no local data for mdast-util-to-markdown@https://registry.npmjs.org/mdast-util-to-markdown/-/mdast-util-to-markdown-2.1.2.tgz. Extracting by manifest.
3041 silly tarball no local data for @babel/helper-validator-identifier@https://registry.npmjs.org/@babel/helper-validator-identifier/-/helper-validator-identifier-7.29.7.tgz. Extracting by manifest.
3042 silly tarball no local data for source-map-js@https://registry.npmjs.org/source-map-js/-/source-map-js-1.2.1.tgz. Extracting by manifest.
3043 silly tarball no local data for @jridgewell/sourcemap-codec@https://registry.npmjs.org/@jridgewell/sourcemap-codec/-/sourcemap-codec-1.5.5.tgz. Extracting by manifest.
3044 silly tarball no local data for argparse@https://registry.npmjs.org/argparse/-/argparse-2.0.1.tgz. Extracting by manifest.
3045 silly tarball no local data for @babel/helper-string-parser@https://registry.npmjs.org/@babel/helper-string-parser/-/helper-string-parser-7.29.7.tgz. Extracting by manifest.
3046 silly tarball no local data for @babel/types@https://registry.npmjs.org/@babel/types/-/types-7.29.8.tgz. Extracting by manifest.
3047 silly tarball no local data for @babel/parser@https://registry.npmjs.org/@babel/parser/-/parser-7.29.8.tgz. Extracting by manifest.
3048 silly tarball no local data for unist-util-find-after@https://registry.npmjs.org/unist-util-find-after/-/unist-util-find-after-5.0.0.tgz. Extracting by manifest.
3049 silly tarball no local data for hast-util-parse-selector@https://registry.npmjs.org/hast-util-parse-selector/-/hast-util-parse-selector-4.0.0.tgz. Extracting by manifest.
3050 silly tarball no local data for hast-util-is-element@https://registry.npmjs.org/hast-util-is-element/-/hast-util-is-element-3.0.0.tgz. Extracting by manifest.
3051 silly tarball no local data for unist-util-position@https://registry.npmjs.org/unist-util-position/-/unist-util-position-5.0.0.tgz. Extracting by manifest.
3052 silly tarball no local data for mdast-util-mdxjs-esm@https://registry.npmjs.org/mdast-util-mdxjs-esm/-/mdast-util-mdxjs-esm-2.0.1.tgz. Extracting by manifest.
3053 silly tarball no local data for style-to-js@https://registry.npmjs.org/style-to-js/-/style-to-js-1.1.21.tgz. Extracting by manifest.
3054 silly tarball no local data for mdast-util-mdx-jsx@https://registry.npmjs.org/mdast-util-mdx-jsx/-/mdast-util-mdx-jsx-3.2.0.tgz. Extracting by manifest.
3055 silly tarball no local data for mdast-util-mdx-expression@https://registry.npmjs.org/mdast-util-mdx-expression/-/mdast-util-mdx-expression-2.0.1.tgz. Extracting by manifest.
3056 silly tarball no local data for stringify-entities@https://registry.npmjs.org/stringify-entities/-/stringify-entities-4.0.4.tgz. Extracting by manifest.
3057 silly tarball no local data for space-separated-tokens@https://registry.npmjs.org/space-separated-tokens/-/space-separated-tokens-2.0.2.tgz. Extracting by manifest.
3058 silly tarball no local data for html-void-elements@https://registry.npmjs.org/html-void-elements/-/html-void-elements-3.0.0.tgz. Extracting by manifest.
3059 silly tarball no local data for mdast-util-to-hast@https://registry.npmjs.org/mdast-util-to-hast/-/mdast-util-to-hast-13.2.1.tgz. Extracting by manifest.
3060 silly tarball no local data for hast-util-whitespace@https://registry.npmjs.org/hast-util-whitespace/-/hast-util-whitespace-3.0.0.tgz. Extracting by manifest.
3061 silly tarball no local data for comma-separated-tokens@https://registry.npmjs.org/comma-separated-tokens/-/comma-separated-tokens-2.0.3.tgz. Extracting by manifest.
3062 silly tarball no local data for zwitch@https://registry.npmjs.org/zwitch/-/zwitch-2.0.4.tgz. Extracting by manifest.
3063 silly tarball no local data for ccount@https://registry.npmjs.org/ccount/-/ccount-2.0.1.tgz. Extracting by manifest.
3064 silly tarball no local data for web-namespaces@https://registry.npmjs.org/web-namespaces/-/web-namespaces-2.0.1.tgz. Extracting by manifest.
3065 silly tarball no local data for property-information@https://registry.npmjs.org/property-information/-/property-information-7.2.0.tgz. Extracting by manifest.
3066 silly tarball no local data for vfile-message@https://registry.npmjs.org/vfile-message/-/vfile-message-4.0.3.tgz. Extracting by manifest.
3067 silly tarball no local data for hastscript@https://registry.npmjs.org/hastscript/-/hastscript-9.0.1.tgz. Extracting by manifest.
3068 silly tarball no local data for vfile-location@https://registry.npmjs.org/vfile-location/-/vfile-location-5.0.3.tgz. Extracting by manifest.
3069 silly tarball no local data for parse5@https://registry.npmjs.org/parse5/-/parse5-7.3.0.tgz. Extracting by manifest.
3070 silly tarball no local data for hast-util-from-parse5@https://registry.npmjs.org/hast-util-from-parse5/-/hast-util-from-parse5-8.0.3.tgz. Extracting by manifest.
3071 silly tarball no local data for resolve-pkg-maps@https://registry.npmjs.org/resolve-pkg-maps/-/resolve-pkg-maps-1.0.0.tgz. Extracting by manifest.
3072 silly tarball no local data for tiny-inflate@https://registry.npmjs.org/tiny-inflate/-/tiny-inflate-1.0.3.tgz. Extracting by manifest.
3073 silly tarball no local data for @esbuild/win32-x64@https://registry.npmjs.org/@esbuild/win32-x64/-/win32-x64-0.28.1.tgz. Extracting by manifest.
3074 silly tarball no local data for fast-string-truncated-width@https://registry.npmjs.org/fast-string-truncated-width/-/fast-string-truncated-width-3.0.3.tgz. Extracting by manifest.
3075 silly tarball no local data for dequal@https://registry.npmjs.org/dequal/-/dequal-2.0.3.tgz. Extracting by manifest.
3076 silly tarball no local data for process-ancestry@https://registry.npmjs.org/process-ancestry/-/process-ancestry-0.1.0.tgz. Extracting by manifest.
3077 silly tarball no local data for @clack/core@https://registry.npmjs.org/@clack/core/-/core-1.4.3.tgz. Extracting by manifest.
3078 silly tarball no local data for fast-wrap-ansi@https://registry.npmjs.org/fast-wrap-ansi/-/fast-wrap-ansi-0.2.2.tgz. Extracting by manifest.
3079 silly tarball no local data for fast-string-width@https://registry.npmjs.org/fast-string-width/-/fast-string-width-3.0.2.tgz. Extracting by manifest.
3080 silly tarball no local data for sisteransi@https://registry.npmjs.org/sisteransi/-/sisteransi-1.0.5.tgz. Extracting by manifest.
3081 silly tarball no local data for fontkitten@https://registry.npmjs.org/fontkitten/-/fontkitten-1.0.3.tgz. Extracting by manifest.
3082 silly tarball no local data for is-docker@https://registry.npmjs.org/is-docker/-/is-docker-4.0.0.tgz. Extracting by manifest.
3083 silly tarball no local data for satteri@https://registry.npmjs.org/satteri/-/satteri-0.9.5.tgz. Extracting by manifest.
3084 silly tarball no local data for @astrojs/compiler-binding-win32-x64-msvc@https://registry.npmjs.org/@astrojs/compiler-binding-win32-x64-msvc/-/compiler-binding-win32-x64-msvc-0.3.2.tgz. Extracting by manifest.
3085 silly tarball no local data for @astrojs/compiler-binding@https://registry.npmjs.org/@astrojs/compiler-binding/-/compiler-binding-0.3.2.tgz. Extracting by manifest.
3086 silly tarball no local data for zod@https://registry.npmjs.org/zod/-/zod-4.4.3.tgz. Extracting by manifest.
3087 silly tarball no local data for yargs-parser@https://registry.npmjs.org/yargs-parser/-/yargs-parser-22.0.0.tgz. Extracting by manifest.
3088 silly tarball no local data for vitefu@https://registry.npmjs.org/vitefu/-/vitefu-1.1.3.tgz. Extracting by manifest.
3089 silly tarball no local data for vite@https://registry.npmjs.org/vite/-/vite-8.2.0.tgz. Extracting by manifest.
3090 silly tarball no local data for xxhash-wasm@https://registry.npmjs.org/xxhash-wasm/-/xxhash-wasm-1.1.0.tgz. Extracting by manifest.
3091 silly tarball no local data for unstorage@https://registry.npmjs.org/unstorage/-/unstorage-1.17.5.tgz. Extracting by manifest.
3092 silly tarball no local data for unifont@https://registry.npmjs.org/unifont/-/unifont-0.7.4.tgz. Extracting by manifest.
3093 silly tarball no local data for ultrahtml@https://registry.npmjs.org/ultrahtml/-/ultrahtml-1.7.0.tgz. Extracting by manifest.
3094 silly tarball no local data for tinyexec@https://registry.npmjs.org/tinyexec/-/tinyexec-1.3.0.tgz. Extracting by manifest.
3095 silly tarball no local data for tinyglobby@https://registry.npmjs.org/tinyglobby/-/tinyglobby-0.2.17.tgz. Extracting by manifest.
3096 silly tarball no local data for tinyclip@https://registry.npmjs.org/tinyclip/-/tinyclip-0.1.15.tgz. Extracting by manifest.
3097 silly tarball no local data for svgo@https://registry.npmjs.org/svgo/-/svgo-4.0.2.tgz. Extracting by manifest.
3098 silly tarball no local data for sharp@https://registry.npmjs.org/sharp/-/sharp-0.35.3.tgz. Extracting by manifest.
3099 silly tarball no local data for semver@https://registry.npmjs.org/semver/-/semver-7.8.5.tgz. Extracting by manifest.
3100 silly tarball no local data for package-manager-detector@https://registry.npmjs.org/package-manager-detector/-/package-manager-detector-1.8.0.tgz. Extracting by manifest.
3101 silly tarball no local data for p-queue@https://registry.npmjs.org/p-queue/-/p-queue-9.3.3.tgz. Extracting by manifest.
3102 silly tarball no local data for p-limit@https://registry.npmjs.org/p-limit/-/p-limit-7.3.1.tgz. Extracting by manifest.
3103 silly tarball no local data for obug@https://registry.npmjs.org/obug/-/obug-2.1.4.tgz. Extracting by manifest.
3104 silly tarball no local data for mrmime@https://registry.npmjs.org/mrmime/-/mrmime-2.0.1.tgz. Extracting by manifest.
3105 silly tarball no local data for neotraverse@https://registry.npmjs.org/neotraverse/-/neotraverse-1.0.1.tgz. Extracting by manifest.
3106 silly tarball no local data for magicast@https://registry.npmjs.org/magicast/-/magicast-0.5.4.tgz. Extracting by manifest.
3107 silly tarball no local data for magic-string@https://registry.npmjs.org/magic-string/-/magic-string-1.1.0.tgz. Extracting by manifest.
3108 silly tarball no local data for jsonc-parser@https://registry.npmjs.org/jsonc-parser/-/jsonc-parser-3.3.1.tgz. Extracting by manifest.
3109 silly tarball no local data for http-cache-semantics@https://registry.npmjs.org/http-cache-semantics/-/http-cache-semantics-4.2.0.tgz. Extracting by manifest.
3110 silly tarball no local data for html-escaper@https://registry.npmjs.org/html-escaper/-/html-escaper-3.0.3.tgz. Extracting by manifest.
3111 silly tarball no local data for get-tsconfig@https://registry.npmjs.org/get-tsconfig/-/get-tsconfig-5.0.0-beta.4.tgz. Extracting by manifest.
3112 silly tarball no local data for fontace@https://registry.npmjs.org/fontace/-/fontace-0.4.1.tgz. Extracting by manifest.
3113 silly tarball no local data for flattie@https://registry.npmjs.org/flattie/-/flattie-1.1.1.tgz. Extracting by manifest.
3114 silly tarball no local data for esbuild@https://registry.npmjs.org/esbuild/-/esbuild-0.28.1.tgz. Extracting by manifest.
3115 silly tarball no local data for dset@https://registry.npmjs.org/dset/-/dset-3.1.4.tgz. Extracting by manifest.
3116 silly tarball no local data for diff@https://registry.npmjs.org/diff/-/diff-8.0.4.tgz. Extracting by manifest.
3117 silly tarball no local data for devalue@https://registry.npmjs.org/devalue/-/devalue-5.9.0.tgz. Extracting by manifest.
3118 silly tarball no local data for cookie@https://registry.npmjs.org/cookie/-/cookie-2.0.1.tgz. Extracting by manifest.
3119 silly tarball no local data for common-ancestor-path@https://registry.npmjs.org/common-ancestor-path/-/common-ancestor-path-2.0.0.tgz. Extracting by manifest.
3120 silly tarball no local data for clsx@https://registry.npmjs.org/clsx/-/clsx-2.1.1.tgz. Extracting by manifest.
3121 silly tarball no local data for ci-info@https://registry.npmjs.org/ci-info/-/ci-info-4.4.0.tgz. Extracting by manifest.
3122 silly tarball no local data for @rollup/pluginutils@https://registry.npmjs.org/@rollup/pluginutils/-/pluginutils-5.4.0.tgz. Extracting by manifest.
3123 silly tarball no local data for @oslojs/encoding@https://registry.npmjs.org/@oslojs/encoding/-/encoding-1.1.0.tgz. Extracting by manifest.
3124 silly tarball no local data for @clack/prompts@https://registry.npmjs.org/@clack/prompts/-/prompts-1.7.0.tgz. Extracting by manifest.
3125 silly tarball no local data for axobject-query@https://registry.npmjs.org/axobject-query/-/axobject-query-4.1.0.tgz. Extracting by manifest.
3126 silly tarball no local data for @capsizecss/unpack@https://registry.npmjs.org/@capsizecss/unpack/-/unpack-4.0.1.tgz. Extracting by manifest.
3127 silly tarball no local data for am-i-vibing@https://registry.npmjs.org/am-i-vibing/-/am-i-vibing-0.4.0.tgz. Extracting by manifest.
3128 silly tarball no local data for @types/unist@https://registry.npmjs.org/@types/unist/-/unist-3.0.3.tgz. Extracting by manifest.
3129 silly tarball no local data for unist-util-position-from-estree@https://registry.npmjs.org/unist-util-position-from-estree/-/unist-util-position-from-estree-2.0.0.tgz. Extracting by manifest.
3130 silly tarball no local data for remark-mdx@https://registry.npmjs.org/remark-mdx/-/remark-mdx-3.1.1.tgz. Extracting by manifest.
3131 silly tarball no local data for aria-query@https://registry.npmjs.org/aria-query/-/aria-query-5.3.2.tgz. Extracting by manifest.
3132 silly tarball no local data for unist-util-stringify-position@https://registry.npmjs.org/unist-util-stringify-position/-/unist-util-stringify-position-4.0.0.tgz. Extracting by manifest.
3133 silly tarball no local data for @astrojs/telemetry@https://registry.npmjs.org/@astrojs/telemetry/-/telemetry-3.3.3.tgz. Extracting by manifest.
3134 silly tarball no local data for @astrojs/markdown-satteri@https://registry.npmjs.org/@astrojs/markdown-satteri/-/markdown-satteri-0.3.5.tgz. Extracting by manifest.
3135 silly tarball no local data for @astrojs/compiler-rs@https://registry.npmjs.org/@astrojs/compiler-rs/-/compiler-rs-0.3.2.tgz. Extracting by manifest.
3136 silly tarball no local data for recma-stringify@https://registry.npmjs.org/recma-stringify/-/recma-stringify-1.0.0.tgz. Extracting by manifest.
3137 silly tarball no local data for rehype-recma@https://registry.npmjs.org/rehype-recma/-/rehype-recma-1.0.0.tgz. Extracting by manifest.
3138 silly tarball no local data for recma-jsx@https://registry.npmjs.org/recma-jsx/-/recma-jsx-1.0.1.tgz. Extracting by manifest.
3139 silly tarball no local data for recma-build-jsx@https://registry.npmjs.org/recma-build-jsx/-/recma-build-jsx-1.0.0.tgz. Extracting by manifest.
3140 silly tarball no local data for markdown-extensions@https://registry.npmjs.org/markdown-extensions/-/markdown-extensions-2.0.0.tgz. Extracting by manifest.
3141 silly tarball no local data for hast-util-to-jsx-runtime@https://registry.npmjs.org/hast-util-to-jsx-runtime/-/hast-util-to-jsx-runtime-2.3.6.tgz. Extracting by manifest.
3142 silly tarball no local data for estree-util-scope@https://registry.npmjs.org/estree-util-scope/-/estree-util-scope-1.0.0.tgz. Extracting by manifest.
3143 silly tarball no local data for estree-walker@https://registry.npmjs.org/estree-walker/-/estree-walker-3.0.3.tgz. Extracting by manifest.
3144 silly tarball no local data for @types/mdx@https://registry.npmjs.org/@types/mdx/-/mdx-2.0.14.tgz. Extracting by manifest.
3145 silly tarball no local data for estree-util-is-identifier-name@https://registry.npmjs.org/estree-util-is-identifier-name/-/estree-util-is-identifier-name-3.0.0.tgz. Extracting by manifest.
3146 silly tarball no local data for devlop@https://registry.npmjs.org/devlop/-/devlop-1.1.0.tgz. Extracting by manifest.
3147 silly tarball no local data for @types/estree-jsx@https://registry.npmjs.org/@types/estree-jsx/-/estree-jsx-1.0.5.tgz. Extracting by manifest.
3148 silly tarball no local data for collapse-white-space@https://registry.npmjs.org/collapse-white-space/-/collapse-white-space-2.1.0.tgz. Extracting by manifest.
3149 silly tarball no local data for @types/estree@https://registry.npmjs.org/@types/estree/-/estree-1.0.9.tgz. Extracting by manifest.
3150 silly tarball no local data for prismjs@https://registry.npmjs.org/prismjs/-/prismjs-1.30.0.tgz. Extracting by manifest.
3151 silly tarball no local data for unist-util-visit-parents@https://registry.npmjs.org/unist-util-visit-parents/-/unist-util-visit-parents-6.0.2.tgz. Extracting by manifest.
3152 silly tarball no local data for unist-util-remove-position@https://registry.npmjs.org/unist-util-remove-position/-/unist-util-remove-position-5.0.0.tgz. Extracting by manifest.
3153 silly tarball no local data for remark-rehype@https://registry.npmjs.org/remark-rehype/-/remark-rehype-11.1.2.tgz. Extracting by manifest.
3154 silly tarball no local data for remark-parse@https://registry.npmjs.org/remark-parse/-/remark-parse-11.0.0.tgz. Extracting by manifest.
3155 silly tarball no local data for mdast-util-definitions@https://registry.npmjs.org/mdast-util-definitions/-/mdast-util-definitions-6.0.0.tgz. Extracting by manifest.
3156 silly tarball no local data for rehype-stringify@https://registry.npmjs.org/rehype-stringify/-/rehype-stringify-10.0.1.tgz. Extracting by manifest.
3157 silly tarball no local data for @astrojs/prism@https://registry.npmjs.org/@astrojs/prism/-/prism-4.0.2.tgz. Extracting by manifest.
3158 silly tarball no local data for hast-util-from-html@https://registry.npmjs.org/hast-util-from-html/-/hast-util-from-html-2.0.3.tgz. Extracting by manifest.
3159 silly tarball no local data for hast-util-to-text@https://registry.npmjs.org/hast-util-to-text/-/hast-util-to-text-4.0.2.tgz. Extracting by manifest.
3160 silly tarball no local data for smol-toml@https://registry.npmjs.org/smol-toml/-/smol-toml-1.7.1.tgz. Extracting by manifest.
3161 silly tarball no local data for unified@https://registry.npmjs.org/unified/-/unified-11.0.5.tgz. Extracting by manifest.
3162 silly tarball no local data for shiki@https://registry.npmjs.org/shiki/-/shiki-4.4.2.tgz. Extracting by manifest.
3163 silly tarball no local data for retext-smartypants@https://registry.npmjs.org/retext-smartypants/-/retext-smartypants-6.2.0.tgz. Extracting by manifest.
3164 silly tarball no local data for picomatch@https://registry.npmjs.org/picomatch/-/picomatch-4.0.5.tgz. Extracting by manifest.
3165 silly tarball no local data for js-yaml@https://registry.npmjs.org/js-yaml/-/js-yaml-4.3.1.tgz. Extracting by manifest.
3166 silly tarball no local data for @types/mdast@https://registry.npmjs.org/@types/mdast/-/mdast-4.0.4.tgz. Extracting by manifest.
3167 silly tarball no local data for @types/hast@https://registry.npmjs.org/@types/hast/-/hast-3.0.5.tgz. Extracting by manifest.
3168 silly tarball no local data for github-slugger@https://registry.npmjs.org/github-slugger/-/github-slugger-2.0.0.tgz. Extracting by manifest.
3169 silly tarball no local data for unist-util-visit@https://registry.npmjs.org/unist-util-visit/-/unist-util-visit-5.1.0.tgz. Extracting by manifest.
3170 silly tarball no local data for source-map@https://registry.npmjs.org/source-map/-/source-map-0.7.6.tgz. Extracting by manifest.
3171 silly tarball no local data for vfile@https://registry.npmjs.org/vfile/-/vfile-6.0.3.tgz. Extracting by manifest.
3172 silly tarball no local data for remark-smartypants@https://registry.npmjs.org/remark-smartypants/-/remark-smartypants-3.0.3.tgz. Extracting by manifest.
3173 silly tarball no local data for remark-gfm@https://registry.npmjs.org/remark-gfm/-/remark-gfm-4.0.1.tgz. Extracting by manifest.
3174 silly tarball no local data for rehype-raw@https://registry.npmjs.org/rehype-raw/-/rehype-raw-7.0.0.tgz. Extracting by manifest.
3175 silly tarball no local data for piccolore@https://registry.npmjs.org/piccolore/-/piccolore-0.1.3.tgz. Extracting by manifest.
3176 silly tarball no local data for hast-util-to-html@https://registry.npmjs.org/hast-util-to-html/-/hast-util-to-html-9.0.5.tgz. Extracting by manifest.
3177 silly tarball no local data for @mdx-js/mdx@https://registry.npmjs.org/@mdx-js/mdx/-/mdx-3.1.1.tgz. Extracting by manifest.
3178 silly tarball no local data for @astrojs/markdown-remark@https://registry.npmjs.org/@astrojs/markdown-remark/-/markdown-remark-7.2.2.tgz. Extracting by manifest.
3179 silly tarball no local data for @astrojs/internal-helpers@https://registry.npmjs.org/@astrojs/internal-helpers/-/internal-helpers-0.10.2.tgz. Extracting by manifest.
3180 silly tarball no local data for estree-util-visit@https://registry.npmjs.org/estree-util-visit/-/estree-util-visit-2.0.0.tgz. Extracting by manifest.
3181 silly tarball no local data for es-module-lexer@https://registry.npmjs.org/es-module-lexer/-/es-module-lexer-2.3.1.tgz. Extracting by manifest.
3182 silly tarball no local data for acorn@https://registry.npmjs.org/acorn/-/acorn-8.18.0.tgz. Extracting by manifest.
3183 silly tarball no local data for @astrojs/mdx@https://registry.npmjs.org/@astrojs/mdx/-/mdx-7.0.5.tgz. Extracting by manifest.
3184 silly tarball no local data for astro@https://registry.npmjs.org/astro/-/astro-7.1.6.tgz. Extracting by manifest.
3185 silly tarball no local data for picomatch@https://registry.npmjs.org/picomatch/-/picomatch-2.3.2.tgz. Extracting by manifest.
3186 silly tarball no local data for entities@https://registry.npmjs.org/entities/-/entities-4.5.0.tgz. Extracting by manifest.
3187 silly tarball no local data for mdn-data@https://registry.npmjs.org/mdn-data/-/mdn-data-2.0.28.tgz. Extracting by manifest.
3188 silly tarball no local data for css-tree@https://registry.npmjs.org/css-tree/-/css-tree-2.2.1.tgz. Extracting by manifest.
3189 silly tarball no local data for @types/unist@https://registry.npmjs.org/@types/unist/-/unist-2.0.11.tgz. Extracting by manifest.
3190 silly tarball no local data for estree-walker@https://registry.npmjs.org/estree-walker/-/estree-walker-2.0.2.tgz. Extracting by manifest.
3191 http fetch POST 200 https://registry.npmjs.org/-/npm/v1/security/advisories/bulk 533ms
3192 silly audit report {}
3193 http fetch GET 200 https://registry.npmjs.org/@oxc-project/types/-/types-0.143.0.tgz 299ms (cache miss)
3194 http fetch GET 200 https://registry.npmjs.org/readdirp/-/readdirp-5.1.1.tgz 363ms (cache miss)
3195 http fetch GET 200 https://registry.npmjs.org/cookie-es/-/cookie-es-1.2.3.tgz 375ms (cache miss)
3196 http fetch GET 200 https://registry.npmjs.org/chokidar/-/chokidar-5.0.0.tgz 387ms (cache miss)
3197 http fetch GET 200 https://registry.npmjs.org/normalize-path/-/normalize-path-3.0.0.tgz 401ms (cache miss)
3198 http fetch GET 200 https://registry.npmjs.org/nanoid/-/nanoid-3.3.17.tgz 441ms (cache miss)
3199 http fetch GET 200 https://registry.npmjs.org/array-iterate/-/array-iterate-2.0.1.tgz 449ms (cache miss)
3200 http fetch GET 200 https://registry.npmjs.org/anymatch/-/anymatch-3.1.3.tgz 455ms (cache miss)
3201 http fetch GET 200 https://registry.npmjs.org/destr/-/destr-2.0.5.tgz 500ms (cache miss)
3202 http fetch GET 200 https://registry.npmjs.org/ohash/-/ohash-2.0.11.tgz 510ms (cache miss)
3203 http fetch GET 200 https://registry.npmjs.org/is-plain-obj/-/is-plain-obj-4.1.0.tgz 553ms (cache miss)
3204 http fetch GET 200 https://registry.npmjs.org/ufo/-/ufo-1.6.4.tgz 565ms (cache miss)
3205 http fetch GET 200 https://registry.npmjs.org/radix3/-/radix3-1.1.2.tgz 571ms (cache miss)
3206 http fetch GET 200 https://registry.npmjs.org/uncrypto/-/uncrypto-0.1.3.tgz 572ms (cache miss)
3207 http fetch GET 200 https://registry.npmjs.org/bail/-/bail-2.0.2.tgz 581ms (cache miss)
3208 http fetch GET 200 https://registry.npmjs.org/domhandler/-/domhandler-5.0.3.tgz 592ms (cache miss)
3209 http fetch GET 200 https://registry.npmjs.org/iron-webcrypto/-/iron-webcrypto-1.2.1.tgz 605ms (cache miss)
3210 http fetch GET 200 https://registry.npmjs.org/boolbase/-/boolbase-1.0.0.tgz 606ms (cache miss)
3211 http fetch GET 200 https://registry.npmjs.org/defu/-/defu-6.1.7.tgz 619ms (cache miss)
3212 http fetch GET 200 https://registry.npmjs.org/@rolldown/pluginutils/-/pluginutils-1.0.1.tgz 632ms (cache miss)
3213 http fetch GET 200 https://registry.npmjs.org/trough/-/trough-2.2.0.tgz 632ms (cache miss)
3214 http fetch GET 200 https://registry.npmjs.org/picocolors/-/picocolors-1.1.1.tgz 634ms (cache miss)
3215 http fetch GET 200 https://registry.npmjs.org/sax/-/sax-1.6.1.tgz 674ms (cache miss)
3216 http fetch GET 200 https://registry.npmjs.org/extend/-/extend-3.0.2.tgz 712ms (cache miss)
3217 http fetch GET 200 https://registry.npmjs.org/regex-utilities/-/regex-utilities-2.3.0.tgz 731ms (cache miss)
3218 http fetch GET 200 https://registry.npmjs.org/fdir/-/fdir-6.5.0.tgz 762ms (cache miss)
3219 http fetch GET 200 https://registry.npmjs.org/character-entities-html4/-/character-entities-html4-2.1.0.tgz 782ms (cache miss)
3220 http fetch GET 200 https://registry.npmjs.org/regex-recursion/-/regex-recursion-6.0.2.tgz 889ms (cache miss)
3221 http fetch GET 200 https://registry.npmjs.org/@shikijs/vscode-textmate/-/vscode-textmate-10.0.2.tgz 894ms (cache miss)
3222 http fetch GET 200 https://registry.npmjs.org/unist-util-modify-children/-/unist-util-modify-children-4.0.0.tgz 887ms (cache miss)
3223 http fetch GET 200 https://registry.npmjs.org/domelementtype/-/domelementtype-2.3.0.tgz 912ms (cache miss)
3224 http fetch GET 200 https://registry.npmjs.org/retext-stringify/-/retext-stringify-4.0.0.tgz 904ms (cache miss)
3225 http fetch GET 200 https://registry.npmjs.org/@shikijs/types/-/types-4.4.2.tgz 918ms (cache miss)
3226 http fetch GET 200 https://registry.npmjs.org/retext-latin/-/retext-latin-4.0.0.tgz 913ms (cache miss)
3227 http fetch GET 200 https://registry.npmjs.org/@types/nlcst/-/nlcst-2.0.3.tgz 936ms (cache miss)
3228 http fetch GET 200 https://registry.npmjs.org/retext/-/retext-9.0.0.tgz 974ms (cache miss)
3229 http fetch GET 200 https://registry.npmjs.org/micromark-extension-mdxjs-esm/-/micromark-extension-mdxjs-esm-3.0.0.tgz 1059ms (cache miss)
3230 http fetch GET 200 https://registry.npmjs.org/micromark-extension-mdxjs/-/micromark-extension-mdxjs-3.0.0.tgz 1072ms (cache miss)
3231 http fetch GET 200 https://registry.npmjs.org/micromark-extension-mdx-md/-/micromark-extension-mdx-md-2.0.0.tgz 1075ms (cache miss)
3232 http fetch GET 200 https://registry.npmjs.org/unist-util-visit-children/-/unist-util-visit-children-3.0.0.tgz 1082ms (cache miss)
3233 http fetch GET 200 https://registry.npmjs.org/micromark-extension-gfm-task-list-item/-/micromark-extension-gfm-task-list-item-2.1.0.tgz 1099ms (cache miss)
3234 http fetch GET 200 https://registry.npmjs.org/h3/-/h3-1.15.11.tgz 1142ms (cache miss)
3235 http fetch GET 200 https://registry.npmjs.org/@img/colour/-/colour-1.1.0.tgz 1124ms (cache miss)
3236 http fetch GET 200 https://registry.npmjs.org/nlcst-to-string/-/nlcst-to-string-4.0.0.tgz 1157ms (cache miss)
3237 http fetch GET 200 https://registry.npmjs.org/markdown-table/-/markdown-table-3.0.4.tgz 1164ms (cache miss)
3238 http fetch GET 200 https://registry.npmjs.org/escape-string-regexp/-/escape-string-regexp-5.0.0.tgz 1164ms (cache miss)
3239 http fetch GET 200 https://registry.npmjs.org/mdast-util-gfm-task-list-item/-/mdast-util-gfm-task-list-item-2.0.0.tgz 1164ms (cache miss)
3240 http fetch GET 200 https://registry.npmjs.org/@shikijs/primitive/-/primitive-4.4.2.tgz 1197ms (cache miss)
3241 http fetch GET 200 https://registry.npmjs.org/mdast-util-gfm-footnote/-/mdast-util-gfm-footnote-2.1.0.tgz 1178ms (cache miss)
3242 http fetch GET 200 https://registry.npmjs.org/remark-stringify/-/remark-stringify-11.0.0.tgz 1177ms (cache miss)
3243 http fetch GET 200 https://registry.npmjs.org/mdast-util-gfm-autolink-literal/-/mdast-util-gfm-autolink-literal-2.0.1.tgz 1179ms (cache miss)
3244 http fetch GET 200 https://registry.npmjs.org/detect-libc/-/detect-libc-2.1.2.tgz 1205ms (cache miss)
3245 http fetch GET 200 https://registry.npmjs.org/estree-util-attach-comments/-/estree-util-attach-comments-3.0.0.tgz 1197ms (cache miss)
3246 http fetch GET 200 https://registry.npmjs.org/mdast-util-gfm/-/mdast-util-gfm-3.1.0.tgz 1217ms (cache miss)
3247 http fetch GET 200 https://registry.npmjs.org/mdast-util-find-and-replace/-/mdast-util-find-and-replace-3.0.2.tgz 1249ms (cache miss)
3248 http fetch GET 200 https://registry.npmjs.org/hast-util-raw/-/hast-util-raw-9.1.0.tgz 1249ms (cache miss)
3249 http fetch GET 200 https://registry.npmjs.org/hast-util-to-parse5/-/hast-util-to-parse5-8.0.1.tgz 1274ms (cache miss)
3250 http fetch GET 200 https://registry.npmjs.org/micromark-extension-gfm/-/micromark-extension-gfm-3.0.0.tgz 1279ms (cache miss)
3251 http fetch GET 200 https://registry.npmjs.org/esast-util-from-js/-/esast-util-from-js-2.0.1.tgz 1291ms (cache miss)
3252 http fetch GET 200 https://registry.npmjs.org/is-hexadecimal/-/is-hexadecimal-2.0.1.tgz 1289ms (cache miss)
3253 http fetch GET 200 https://registry.npmjs.org/mdast-util-mdx/-/mdast-util-mdx-3.0.0.tgz 1304ms (cache miss)
3254 http fetch GET 200 https://registry.npmjs.org/@shikijs/core/-/core-4.4.2.tgz 1315ms (cache miss)
3255 http fetch GET 200 https://registry.npmjs.org/estree-util-to-js/-/estree-util-to-js-2.0.0.tgz 1308ms (cache miss)
3256 http fetch GET 200 https://registry.npmjs.org/micromark-extension-gfm-tagfilter/-/micromark-extension-gfm-tagfilter-2.0.0.tgz 1321ms (cache miss)
3257 http fetch GET 200 https://registry.npmjs.org/character-reference-invalid/-/character-reference-invalid-2.0.1.tgz 1308ms (cache miss)
3258 http fetch GET 200 https://registry.npmjs.org/is-alphanumerical/-/is-alphanumerical-2.0.1.tgz 1309ms (cache miss)
3259 http fetch GET 200 https://registry.npmjs.org/is-alphabetical/-/is-alphabetical-2.0.1.tgz 1325ms (cache miss)
3260 http fetch GET 200 https://registry.npmjs.org/p-timeout/-/p-timeout-7.0.1.tgz 1326ms (cache miss)
3261 http fetch GET 200 https://registry.npmjs.org/is-decimal/-/is-decimal-2.0.1.tgz 1342ms (cache miss)
3262 http fetch GET 200 https://registry.npmjs.org/yocto-queue/-/yocto-queue-1.2.2.tgz 1342ms (cache miss)
3263 http fetch GET 200 https://registry.npmjs.org/eventemitter3/-/eventemitter3-5.0.4.tgz 1357ms (cache miss)
3264 http fetch GET 200 https://registry.npmjs.org/micromark-factory-title/-/micromark-factory-title-2.0.1.tgz 1356ms (cache miss)
3265 http fetch GET 200 https://registry.npmjs.org/micromark-factory-whitespace/-/micromark-factory-whitespace-2.0.1.tgz 1357ms (cache miss)
3266 http fetch GET 200 https://registry.npmjs.org/micromark-factory-destination/-/micromark-factory-destination-2.0.1.tgz 1381ms (cache miss)
3267 http fetch GET 200 https://registry.npmjs.org/ms/-/ms-2.1.3.tgz 1383ms (cache miss)
3268 http fetch GET 200 https://registry.npmjs.org/character-entities-legacy/-/character-entities-legacy-3.0.0.tgz 1388ms (cache miss)
3269 http fetch GET 200 https://registry.npmjs.org/micromark-util-subtokenize/-/micromark-util-subtokenize-2.1.0.tgz 1400ms (cache miss)
3270 http fetch GET 200 https://registry.npmjs.org/micromark-util-resolve-all/-/micromark-util-resolve-all-2.0.1.tgz 1400ms (cache miss)
3271 http fetch GET 200 https://registry.npmjs.org/@types/ms/-/ms-2.1.0.tgz 1403ms (cache miss)
3272 http fetch GET 200 https://registry.npmjs.org/inline-style-parser/-/inline-style-parser-0.2.7.tgz 1451ms (cache miss)
3273 http fetch GET 200 https://registry.npmjs.org/@shikijs/engine-javascript/-/engine-javascript-4.4.2.tgz 1448ms (cache miss)
3274 http fetch GET 200 https://registry.npmjs.org/mdast-util-gfm-strikethrough/-/mdast-util-gfm-strikethrough-2.0.0.tgz 1434ms (cache miss)
3275 http fetch GET 200 https://registry.npmjs.org/mdast-util-gfm-table/-/mdast-util-gfm-table-2.0.0.tgz 1436ms (cache miss)
3276 http fetch GET 200 https://registry.npmjs.org/acorn-jsx/-/acorn-jsx-5.3.2.tgz 1442ms (cache miss)
3277 http fetch GET 200 https://registry.npmjs.org/micromark-util-chunked/-/micromark-util-chunked-2.0.1.tgz 1434ms (cache miss)
3278 http fetch GET 200 https://registry.npmjs.org/micromark-util-encode/-/micromark-util-encode-2.0.1.tgz 1435ms (cache miss)
3279 http fetch GET 200 https://registry.npmjs.org/micromark-factory-mdx-expression/-/micromark-factory-mdx-expression-2.0.3.tgz 1474ms (cache miss)
3280 http fetch GET 200 https://registry.npmjs.org/micromark-util-character/-/micromark-util-character-2.1.1.tgz 1454ms (cache miss)
3281 http fetch GET 200 https://registry.npmjs.org/unist-util-is/-/unist-util-is-6.0.1.tgz 1451ms (cache miss)
3282 http fetch GET 200 https://registry.npmjs.org/micromark-util-html-tag-name/-/micromark-util-html-tag-name-2.0.1.tgz 1472ms (cache miss)
3283 http fetch GET 200 https://registry.npmjs.org/@types/debug/-/debug-4.1.13.tgz 1465ms (cache miss)
3284 http fetch GET 200 https://registry.npmjs.org/micromark-util-classify-character/-/micromark-util-classify-character-2.0.1.tgz 1463ms (cache miss)
3285 http fetch GET 200 https://registry.npmjs.org/trim-lines/-/trim-lines-3.0.1.tgz 1502ms (cache miss)
3286 http fetch GET 200 https://registry.npmjs.org/longest-streak/-/longest-streak-3.1.0.tgz 1503ms (cache miss)
3287 http fetch GET 200 https://registry.npmjs.org/micromark-util-sanitize-uri/-/micromark-util-sanitize-uri-2.0.1.tgz 1502ms (cache miss)
3288 http fetch GET 200 https://registry.npmjs.org/esast-util-from-estree/-/esast-util-from-estree-2.0.0.tgz 1525ms (cache miss)
3289 http fetch GET 200 https://registry.npmjs.org/@ungap/structured-clone/-/structured-clone-1.3.3.tgz 1524ms (cache miss)
3290 http fetch GET 200 https://registry.npmjs.org/micromark-util-types/-/micromark-util-types-2.0.2.tgz 1536ms (cache miss)
3291 http fetch GET 200 https://registry.npmjs.org/estree-util-build-jsx/-/estree-util-build-jsx-3.0.1.tgz 1556ms (cache miss)
3292 http fetch GET 200 https://registry.npmjs.org/parse-entities/-/parse-entities-4.0.2.tgz 1545ms (cache miss)
3293 http fetch GET 200 https://registry.npmjs.org/micromark-util-decode-string/-/micromark-util-decode-string-2.0.1.tgz 1543ms (cache miss)
3294 http fetch GET 200 https://registry.npmjs.org/micromark-util-combine-extensions/-/micromark-util-combine-extensions-2.0.1.tgz 1565ms (cache miss)
3295 http fetch GET 200 https://registry.npmjs.org/micromark-util-decode-numeric-character-reference/-/micromark-util-decode-numeric-character-reference-2.0.2.tgz 1555ms (cache miss)
3296 http fetch GET 200 https://registry.npmjs.org/decode-named-character-reference/-/decode-named-character-reference-1.3.0.tgz 1567ms (cache miss)
3297 http fetch GET 200 https://registry.npmjs.org/ofetch/-/ofetch-1.5.1.tgz 1634ms (cache miss)
3298 http fetch GET 200 https://registry.npmjs.org/dom-serializer/-/dom-serializer-2.0.0.tgz 1632ms (cache miss)
3299 http fetch GET 200 https://registry.npmjs.org/mdast-util-to-string/-/mdast-util-to-string-4.0.0.tgz 1581ms (cache miss)
3300 http fetch GET 200 https://registry.npmjs.org/character-entities/-/character-entities-2.0.2.tgz 1601ms (cache miss)
3301 http fetch GET 200 https://registry.npmjs.org/recma-parse/-/recma-parse-1.0.0.tgz 1621ms (cache miss)
3302 http fetch GET 200 https://registry.npmjs.org/unist-util-find-after/-/unist-util-find-after-5.0.0.tgz 1610ms (cache miss)
3303 http fetch GET 200 https://registry.npmjs.org/mdast-util-mdxjs-esm/-/mdast-util-mdxjs-esm-2.0.1.tgz 1608ms (cache miss)
3304 http fetch GET 200 https://registry.npmjs.org/unist-util-position/-/unist-util-position-5.0.0.tgz 1609ms (cache miss)
3305 http fetch GET 200 https://registry.npmjs.org/mdast-util-mdx-jsx/-/mdast-util-mdx-jsx-3.2.0.tgz 1611ms (cache miss)
3306 http fetch GET 200 https://registry.npmjs.org/space-separated-tokens/-/space-separated-tokens-2.0.2.tgz 1617ms (cache miss)
3307 http fetch GET 200 https://registry.npmjs.org/hast-util-parse-selector/-/hast-util-parse-selector-4.0.0.tgz 1633ms (cache miss)
3308 http fetch GET 200 https://registry.npmjs.org/mdast-util-mdx-expression/-/mdast-util-mdx-expression-2.0.1.tgz 1642ms (cache miss)
3309 http fetch GET 200 https://registry.npmjs.org/ccount/-/ccount-2.0.1.tgz 1665ms (cache miss)
3310 http fetch GET 200 https://registry.npmjs.org/html-void-elements/-/html-void-elements-3.0.0.tgz 1668ms (cache miss)
3311 http fetch GET 200 https://registry.npmjs.org/comma-separated-tokens/-/comma-separated-tokens-2.0.3.tgz 1671ms (cache miss)
3312 http fetch GET 200 https://registry.npmjs.org/vfile-message/-/vfile-message-4.0.3.tgz 1670ms (cache miss)
3313 http fetch GET 200 https://registry.npmjs.org/web-namespaces/-/web-namespaces-2.0.1.tgz 1680ms (cache miss)
3314 http fetch GET 200 https://registry.npmjs.org/vfile-location/-/vfile-location-5.0.3.tgz 1678ms (cache miss)
3315 http fetch GET 200 https://registry.npmjs.org/hast-util-whitespace/-/hast-util-whitespace-3.0.0.tgz 1683ms (cache miss)
3316 http fetch GET 200 https://registry.npmjs.org/hast-util-from-parse5/-/hast-util-from-parse5-8.0.3.tgz 1684ms (cache miss)
3317 http fetch GET 200 https://registry.npmjs.org/mdast-util-phrasing/-/mdast-util-phrasing-4.1.0.tgz 1709ms (cache miss)
3318 http fetch GET 200 https://registry.npmjs.org/@babel/helper-string-parser/-/helper-string-parser-7.29.7.tgz 1702ms (cache miss)
3319 http fetch GET 200 https://registry.npmjs.org/zwitch/-/zwitch-2.0.4.tgz 1695ms (cache miss)
3320 http fetch GET 200 https://registry.npmjs.org/dequal/-/dequal-2.0.3.tgz 1755ms (cache miss)
3321 http fetch GET 200 https://registry.npmjs.org/lightningcss/-/lightningcss-1.33.0.tgz 1847ms (cache miss)
3322 http fetch GET 200 https://registry.npmjs.org/micromark-factory-label/-/micromark-factory-label-2.0.1.tgz 1810ms (cache miss)
3323 http fetch GET 200 https://registry.npmjs.org/debug/-/debug-4.4.3.tgz 1805ms (cache miss)
3324 http fetch GET 200 https://registry.npmjs.org/fast-string-width/-/fast-string-width-3.0.2.tgz 1788ms (cache miss)
3325 http fetch GET 200 https://registry.npmjs.org/sisteransi/-/sisteransi-1.0.5.tgz 1788ms (cache miss)
3326 http fetch GET 200 https://registry.npmjs.org/process-ancestry/-/process-ancestry-0.1.0.tgz 1791ms (cache miss)
3327 http fetch GET 200 https://registry.npmjs.org/fast-wrap-ansi/-/fast-wrap-ansi-0.2.2.tgz 1804ms (cache miss)
3328 http fetch GET 200 https://registry.npmjs.org/is-docker/-/is-docker-4.0.0.tgz 1804ms (cache miss)
3329 http fetch GET 200 https://registry.npmjs.org/style-to-object/-/style-to-object-1.0.14.tgz 1919ms (cache miss)
3330 http fetch GET 200 https://registry.npmjs.org/micromark-factory-space/-/micromark-factory-space-2.0.1.tgz 1879ms (cache miss)
3331 http fetch GET 200 https://registry.npmjs.org/tinyglobby/-/tinyglobby-0.2.17.tgz 1891ms (cache miss)
3332 http fetch GET 200 https://registry.npmjs.org/hast-util-is-element/-/hast-util-is-element-3.0.0.tgz 1929ms (cache miss)
3333 http fetch GET 200 https://registry.npmjs.org/tinyexec/-/tinyexec-1.3.0.tgz 1910ms (cache miss)
3334 http fetch GET 200 https://registry.npmjs.org/@shikijs/engine-oniguruma/-/engine-oniguruma-4.4.2.tgz 1983ms (cache miss)
3335 http fetch GET 200 https://registry.npmjs.org/tinyclip/-/tinyclip-0.1.15.tgz 1931ms (cache miss)
3336 http fetch GET 200 https://registry.npmjs.org/tiny-inflate/-/tiny-inflate-1.0.3.tgz 1955ms (cache miss)
3337 http fetch GET 200 https://registry.npmjs.org/micromark-util-normalize-identifier/-/micromark-util-normalize-identifier-2.0.1.tgz 1974ms (cache miss)
3338 http fetch GET 200 https://registry.npmjs.org/micromark-extension-mdx-expression/-/micromark-extension-mdx-expression-3.0.1.tgz 2018ms (cache miss)
3339 http fetch GET 200 https://registry.npmjs.org/mrmime/-/mrmime-2.0.1.tgz 1981ms (cache miss)
3340 http fetch GET 200 https://registry.npmjs.org/p-limit/-/p-limit-7.3.1.tgz 1982ms (cache miss)
3341 http fetch GET 200 https://registry.npmjs.org/@clack/core/-/core-1.4.3.tgz 2018ms (cache miss)
3342 http fetch GET 200 https://registry.npmjs.org/commander/-/commander-11.1.0.tgz 2104ms (cache miss)
3343 http fetch GET 200 https://registry.npmjs.org/flattie/-/flattie-1.1.1.tgz 2024ms (cache miss)
3344 http fetch GET 200 https://registry.npmjs.org/resolve-pkg-maps/-/resolve-pkg-maps-1.0.0.tgz 2053ms (cache miss)
3345 http fetch GET 200 https://registry.npmjs.org/http-cache-semantics/-/http-cache-semantics-4.2.0.tgz 2036ms (cache miss)
3346 http fetch GET 200 https://registry.npmjs.org/dset/-/dset-3.1.4.tgz 2047ms (cache miss)
3347 http fetch GET 200 https://registry.npmjs.org/common-ancestor-path/-/common-ancestor-path-2.0.0.tgz 2048ms (cache miss)
3348 http fetch GET 200 https://registry.npmjs.org/fontace/-/fontace-0.4.1.tgz 2075ms (cache miss)
3349 http fetch GET 200 https://registry.npmjs.org/argparse/-/argparse-2.0.1.tgz 2113ms (cache miss)
3350 http fetch GET 200 https://registry.npmjs.org/clsx/-/clsx-2.1.1.tgz 2099ms (cache miss)
3351 http fetch GET 200 https://registry.npmjs.org/ci-info/-/ci-info-4.4.0.tgz 2100ms (cache miss)
3352 http fetch GET 200 https://registry.npmjs.org/cookie/-/cookie-2.0.1.tgz 2120ms (cache miss)
3353 http fetch GET 200 https://registry.npmjs.org/@babel/helper-validator-identifier/-/helper-validator-identifier-7.29.7.tgz 2172ms (cache miss)
3354 http fetch GET 200 https://registry.npmjs.org/unist-util-position-from-estree/-/unist-util-position-from-estree-2.0.0.tgz 2145ms (cache miss)
3355 http fetch GET 200 https://registry.npmjs.org/@types/unist/-/unist-3.0.3.tgz 2147ms (cache miss)
3356 http fetch GET 200 https://registry.npmjs.org/unist-util-stringify-position/-/unist-util-stringify-position-4.0.0.tgz 2158ms (cache miss)
3357 http fetch GET 200 https://registry.npmjs.org/@astrojs/compiler-binding/-/compiler-binding-0.3.2.tgz 2185ms (cache miss)
3358 http fetch GET 200 https://registry.npmjs.org/@capsizecss/unpack/-/unpack-4.0.1.tgz 2166ms (cache miss)
3359 http fetch GET 200 https://registry.npmjs.org/magic-string/-/magic-string-1.1.0.tgz 2178ms (cache miss)
3360 http fetch GET 200 https://registry.npmjs.org/remark-mdx/-/remark-mdx-3.1.1.tgz 2184ms (cache miss)
3361 http fetch GET 200 https://registry.npmjs.org/unifont/-/unifont-0.7.4.tgz 2208ms (cache miss)
3362 http fetch GET 200 https://registry.npmjs.org/@astrojs/telemetry/-/telemetry-3.3.3.tgz 2192ms (cache miss)
3363 http fetch GET 200 https://registry.npmjs.org/@astrojs/markdown-satteri/-/markdown-satteri-0.3.5.tgz 2192ms (cache miss)
3364 http fetch GET 200 https://registry.npmjs.org/recma-build-jsx/-/recma-build-jsx-1.0.0.tgz 2226ms (cache miss)
3365 http fetch GET 200 https://registry.npmjs.org/@astrojs/compiler-rs/-/compiler-rs-0.3.2.tgz 2246ms (cache miss)
3366 http fetch GET 200 https://registry.npmjs.org/estree-util-scope/-/estree-util-scope-1.0.0.tgz 2250ms (cache miss)
3367 http fetch GET 200 https://registry.npmjs.org/markdown-extensions/-/markdown-extensions-2.0.0.tgz 2251ms (cache miss)
3368 http fetch GET 200 https://registry.npmjs.org/estree-walker/-/estree-walker-3.0.3.tgz 2249ms (cache miss)
3369 http fetch GET 200 https://registry.npmjs.org/recma-jsx/-/recma-jsx-1.0.1.tgz 2253ms (cache miss)
3370 http fetch GET 200 https://registry.npmjs.org/@types/mdx/-/mdx-2.0.14.tgz 2256ms (cache miss)
3371 http fetch GET 200 https://registry.npmjs.org/micromark-extension-gfm-strikethrough/-/micromark-extension-gfm-strikethrough-2.1.0.tgz 2344ms (cache miss)
3372 http fetch GET 200 https://registry.npmjs.org/estree-util-is-identifier-name/-/estree-util-is-identifier-name-3.0.0.tgz 2270ms (cache miss)
3373 http fetch GET 200 https://registry.npmjs.org/@types/estree-jsx/-/estree-jsx-1.0.5.tgz 2271ms (cache miss)
3374 http fetch GET 200 https://registry.npmjs.org/fast-string-truncated-width/-/fast-string-truncated-width-3.0.3.tgz 2313ms (cache miss)
3375 http fetch GET 200 https://registry.npmjs.org/collapse-white-space/-/collapse-white-space-2.1.0.tgz 2282ms (cache miss)
3376 http fetch GET 200 https://registry.npmjs.org/devlop/-/devlop-1.1.0.tgz 2291ms (cache miss)
3377 http fetch GET 200 https://registry.npmjs.org/@types/estree/-/estree-1.0.9.tgz 2291ms (cache miss)
3378 http fetch GET 200 https://registry.npmjs.org/fontkitten/-/fontkitten-1.0.3.tgz 2340ms (cache miss)
3379 http fetch GET 200 https://registry.npmjs.org/unist-util-visit-parents/-/unist-util-visit-parents-6.0.2.tgz 2301ms (cache miss)
3380 http fetch GET 200 https://registry.npmjs.org/remark-rehype/-/remark-rehype-11.1.2.tgz 2300ms (cache miss)
3381 http fetch GET 200 https://registry.npmjs.org/micromark-util-events-to-acorn/-/micromark-util-events-to-acorn-2.0.3.tgz 2404ms (cache miss)
3382 http fetch GET 200 https://registry.npmjs.org/vitefu/-/vitefu-1.1.3.tgz 2345ms (cache miss)
3383 http fetch GET 200 https://registry.npmjs.org/astring/-/astring-1.9.0.tgz 2390ms (cache miss)
3384 http fetch GET 200 https://registry.npmjs.org/hast-util-from-html/-/hast-util-from-html-2.0.3.tgz 2307ms (cache miss)
3385 http fetch GET 200 https://registry.npmjs.org/hast-util-to-text/-/hast-util-to-text-4.0.2.tgz 2307ms (cache miss)
3386 http fetch GET 200 https://registry.npmjs.org/rehype-stringify/-/rehype-stringify-10.0.1.tgz 2309ms (cache miss)
3387 http fetch GET 200 https://registry.npmjs.org/remark-parse/-/remark-parse-11.0.0.tgz 2310ms (cache miss)
3388 http fetch GET 200 https://registry.npmjs.org/mdast-util-definitions/-/mdast-util-definitions-6.0.0.tgz 2310ms (cache miss)
3389 http fetch GET 200 https://registry.npmjs.org/micromark-extension-gfm-footnote/-/micromark-extension-gfm-footnote-2.1.0.tgz 2411ms (cache miss)
3390 http fetch GET 200 https://registry.npmjs.org/micromark-extension-gfm-autolink-literal/-/micromark-extension-gfm-autolink-literal-2.1.0.tgz 2416ms (cache miss)
3391 http fetch GET 200 https://registry.npmjs.org/get-tsconfig/-/get-tsconfig-5.0.0-beta.4.tgz 2354ms (cache miss)
3392 http fetch GET 200 https://registry.npmjs.org/retext-smartypants/-/retext-smartypants-6.2.0.tgz 2333ms (cache miss)
3393 http fetch GET 200 https://registry.npmjs.org/@types/hast/-/hast-3.0.5.tgz 2342ms (cache miss)
3394 http fetch GET 200 https://registry.npmjs.org/github-slugger/-/github-slugger-2.0.0.tgz 2351ms (cache miss)
3395 http fetch GET 200 https://registry.npmjs.org/unist-util-visit/-/unist-util-visit-5.1.0.tgz 2350ms (cache miss)
3396 http fetch GET 200 https://registry.npmjs.org/remark-smartypants/-/remark-smartypants-3.0.3.tgz 2350ms (cache miss)
3397 http fetch GET 200 https://registry.npmjs.org/@types/mdast/-/mdast-4.0.4.tgz 2362ms (cache miss)
3398 http fetch GET 200 https://registry.npmjs.org/@clack/prompts/-/prompts-1.7.0.tgz 2393ms (cache miss)
3399 http fetch GET 200 https://registry.npmjs.org/piccolore/-/piccolore-0.1.3.tgz 2379ms (cache miss)
3400 http fetch GET 200 https://registry.npmjs.org/estree-util-visit/-/estree-util-visit-2.0.0.tgz 2378ms (cache miss)
3401 http fetch GET 200 https://registry.npmjs.org/rehype-raw/-/rehype-raw-7.0.0.tgz 2381ms (cache miss)
3402 http fetch GET 200 https://registry.npmjs.org/esbuild/-/esbuild-0.28.1.tgz 2419ms (cache miss)
3403 http fetch GET 200 https://registry.npmjs.org/@astrojs/internal-helpers/-/internal-helpers-0.10.2.tgz 2387ms (cache miss)
3404 http fetch GET 200 https://registry.npmjs.org/@types/unist/-/unist-2.0.11.tgz 2388ms (cache miss)
3405 http fetch GET 200 https://registry.npmjs.org/html-escaper/-/html-escaper-3.0.3.tgz 2454ms (cache miss)
3406 http fetch GET 200 https://registry.npmjs.org/unist-util-remove-position/-/unist-util-remove-position-5.0.0.tgz 2438ms (cache miss)
3407 http fetch GET 200 https://registry.npmjs.org/recma-stringify/-/recma-stringify-1.0.0.tgz 2456ms (cache miss)
3408 http fetch GET 200 https://registry.npmjs.org/rehype-recma/-/rehype-recma-1.0.0.tgz 2462ms (cache miss)
3409 http fetch GET 200 https://registry.npmjs.org/obug/-/obug-2.1.4.tgz 2505ms (cache miss)
3410 http fetch GET 200 https://registry.npmjs.org/yargs-parser/-/yargs-parser-22.0.0.tgz 2517ms (cache miss)
3411 http fetch GET 200 https://registry.npmjs.org/@rollup/pluginutils/-/pluginutils-5.4.0.tgz 2534ms (cache miss)
3412 http fetch GET 200 https://registry.npmjs.org/remark-gfm/-/remark-gfm-4.0.1.tgz 2523ms (cache miss)
3413 http fetch GET 200 https://registry.npmjs.org/hast-util-to-jsx-runtime/-/hast-util-to-jsx-runtime-2.3.6.tgz 2559ms (cache miss)
3414 http fetch GET 200 https://registry.npmjs.org/@oslojs/encoding/-/encoding-1.1.0.tgz 2602ms (cache miss)
3415 http fetch GET 200 https://registry.npmjs.org/package-manager-detector/-/package-manager-detector-1.8.0.tgz 2614ms (cache miss)
3416 http fetch GET 200 https://registry.npmjs.org/xxhash-wasm/-/xxhash-wasm-1.1.0.tgz 2626ms (cache miss)
3417 http fetch GET 200 https://registry.npmjs.org/micromark-util-symbol/-/micromark-util-symbol-2.0.1.tgz 2686ms (cache miss)
3418 http fetch GET 200 https://registry.npmjs.org/am-i-vibing/-/am-i-vibing-0.4.0.tgz 2645ms (cache miss)
3419 http fetch GET 200 https://registry.npmjs.org/nth-check/-/nth-check-2.1.1.tgz 2751ms (cache miss)
3420 http fetch GET 200 https://registry.npmjs.org/p-queue/-/p-queue-9.3.3.tgz 2667ms (cache miss)
3421 http fetch GET 200 https://registry.npmjs.org/picomatch/-/picomatch-4.0.5.tgz 2643ms (cache miss)
3422 http fetch GET 200 https://registry.npmjs.org/picomatch/-/picomatch-2.3.2.tgz 2639ms (cache miss)
3423 http fetch GET 200 https://registry.npmjs.org/source-map-js/-/source-map-js-1.2.1.tgz 2717ms (cache miss)
3424 http fetch GET 200 https://registry.npmjs.org/node-fetch-native/-/node-fetch-native-1.6.7.tgz 2788ms (cache miss)
3425 http fetch GET 200 https://registry.npmjs.org/mdast-util-from-markdown/-/mdast-util-from-markdown-2.0.3.tgz 2730ms (cache miss)
3426 http fetch GET 200 https://registry.npmjs.org/magicast/-/magicast-0.5.4.tgz 2704ms (cache miss)
3427 http fetch GET 200 https://registry.npmjs.org/unified/-/unified-11.0.5.tgz 2689ms (cache miss)
3428 http fetch GET 200 https://registry.npmjs.org/style-to-js/-/style-to-js-1.1.21.tgz 2756ms (cache miss)
3429 http fetch GET 200 https://registry.npmjs.org/mdn-data/-/mdn-data-2.27.1.tgz 2823ms (cache miss)
3430 http fetch GET 200 https://registry.npmjs.org/@astrojs/prism/-/prism-4.0.2.tgz 2740ms (cache miss)
3431 http fetch GET 200 https://registry.npmjs.org/devalue/-/devalue-5.9.0.tgz 2777ms (cache miss)
3432 http fetch GET 200 https://registry.npmjs.org/css-what/-/css-what-6.2.2.tgz 2888ms (cache miss)
3433 http fetch GET 200 https://registry.npmjs.org/es-module-lexer/-/es-module-lexer-2.3.1.tgz 2772ms (cache miss)
3434 http fetch GET 200 https://registry.npmjs.org/stringify-entities/-/stringify-entities-4.0.4.tgz 2877ms (cache miss)
3435 http fetch GET 200 https://registry.npmjs.org/neotraverse/-/neotraverse-1.0.1.tgz 2859ms (cache miss)
3436 http fetch GET 200 https://registry.npmjs.org/acorn/-/acorn-8.18.0.tgz 2823ms (cache miss)
3437 http fetch GET 200 https://registry.npmjs.org/node-mock-http/-/node-mock-http-1.0.5.tgz 2981ms (cache miss)
3438 http fetch GET 200 https://registry.npmjs.org/estree-walker/-/estree-walker-2.0.2.tgz 2857ms (cache miss)
3439 http fetch GET 200 https://registry.npmjs.org/@jridgewell/sourcemap-codec/-/sourcemap-codec-1.5.5.tgz 2961ms (cache miss)
3440 http fetch GET 200 https://registry.npmjs.org/hastscript/-/hastscript-9.0.1.tgz 2950ms (cache miss)
3441 http fetch GET 200 https://registry.npmjs.org/source-map/-/source-map-0.7.6.tgz 2919ms (cache miss)
3442 http fetch GET 200 https://registry.npmjs.org/@babel/parser/-/parser-7.29.8.tgz 3005ms (cache miss)
3443 http fetch GET 200 https://registry.npmjs.org/micromark-extension-mdx-jsx/-/micromark-extension-mdx-jsx-3.0.2.tgz 3048ms (cache miss)
3444 http fetch GET 200 https://registry.npmjs.org/micromark-extension-gfm-table/-/micromark-extension-gfm-table-2.1.1.tgz 3047ms (cache miss)
3445 http fetch GET 200 https://registry.npmjs.org/@bruits/satteri-win32-x64-msvc/-/satteri-win32-x64-msvc-0.9.5.tgz 3088ms (cache miss)
3446 http fetch GET 200 https://registry.npmjs.org/rolldown/-/rolldown-1.2.3.tgz 3134ms (cache miss)
3447 http fetch GET 200 https://registry.npmjs.org/ultrahtml/-/ultrahtml-1.7.0.tgz 3038ms (cache miss)
3448 http fetch GET 200 https://registry.npmjs.org/jsonc-parser/-/jsonc-parser-3.3.1.tgz 3046ms (cache miss)
3449 http fetch GET 200 https://registry.npmjs.org/oniguruma-to-es/-/oniguruma-to-es-4.3.6.tgz 3145ms (cache miss)
3450 http fetch GET 200 https://registry.npmjs.org/vfile/-/vfile-6.0.3.tgz 3097ms (cache miss)
3451 http fetch GET 200 https://registry.npmjs.org/@astrojs/markdown-remark/-/markdown-remark-7.2.2.tgz 3120ms (cache miss)
3452 http fetch GET 200 https://registry.npmjs.org/hast-util-to-estree/-/hast-util-to-estree-3.1.3.tgz 3225ms (cache miss)
3453 http fetch GET 200 https://registry.npmjs.org/mdn-data/-/mdn-data-2.0.28.tgz 3130ms (cache miss)
3454 http fetch GET 200 https://registry.npmjs.org/postcss/-/postcss-8.5.25.tgz 3285ms (cache miss)
3455 http fetch GET 200 https://registry.npmjs.org/crossws/-/crossws-0.3.5.tgz 3467ms (cache miss)
3456 http fetch GET 200 https://registry.npmjs.org/parse-latin/-/parse-latin-7.0.0.tgz 3447ms (cache miss)
3457 http fetch GET 200 https://registry.npmjs.org/regex/-/regex-6.1.0.tgz 3496ms (cache miss)
3458 http fetch GET 200 https://registry.npmjs.org/smol-toml/-/smol-toml-1.7.1.tgz 3470ms (cache miss)
3459 http fetch GET 200 https://registry.npmjs.org/@astrojs/mdx/-/mdx-7.0.5.tgz 3469ms (cache miss)
3460 http fetch GET 200 https://registry.npmjs.org/semver/-/semver-7.8.5.tgz 3548ms (cache miss)
3461 http fetch GET 200 https://registry.npmjs.org/hast-util-to-html/-/hast-util-to-html-9.0.5.tgz 3541ms (cache miss)
3462 http fetch GET 200 https://registry.npmjs.org/js-yaml/-/js-yaml-4.3.1.tgz 3548ms (cache miss)
3463 http fetch GET 200 https://registry.npmjs.org/sharp/-/sharp-0.35.3.tgz 3587ms (cache miss)
3464 http fetch GET 200 https://registry.npmjs.org/property-information/-/property-information-7.2.0.tgz 3662ms (cache miss)
3465 http fetch GET 200 https://registry.npmjs.org/domutils/-/domutils-3.2.2.tgz 3772ms (cache miss)
3466 http fetch GET 200 https://registry.npmjs.org/lightningcss-win32-x64-msvc/-/lightningcss-win32-x64-msvc-1.33.0.tgz 3794ms (cache miss)
3467 http fetch GET 200 https://registry.npmjs.org/vite/-/vite-8.2.0.tgz 3750ms (cache miss)
3468 http fetch GET 200 https://registry.npmjs.org/@astrojs/compiler-binding-win32-x64-msvc/-/compiler-binding-win32-x64-msvc-0.3.2.tgz 3881ms (cache miss)
3469 http fetch GET 200 https://registry.npmjs.org/satteri/-/satteri-0.9.5.tgz 3942ms (cache miss)
3470 http fetch GET 200 https://registry.npmjs.org/micromark/-/micromark-4.0.2.tgz 3976ms (cache miss)
3471 http fetch GET 200 https://registry.npmjs.org/@mdx-js/mdx/-/mdx-3.1.1.tgz 3932ms (cache miss)
3472 http fetch GET 200 https://registry.npmjs.org/entities/-/entities-4.5.0.tgz 3967ms (cache miss)
3473 http fetch GET 200 https://registry.npmjs.org/parse5/-/parse5-7.3.0.tgz 4060ms (cache miss)
3474 http fetch GET 200 https://registry.npmjs.org/csso/-/csso-5.0.5.tgz 4202ms (cache miss)
3475 http fetch GET 200 https://registry.npmjs.org/mdast-util-to-hast/-/mdast-util-to-hast-13.2.1.tgz 4153ms (cache miss)
3476 http fetch GET 200 https://registry.npmjs.org/entities/-/entities-6.0.1.tgz 4216ms (cache miss)
3477 http fetch GET 200 https://registry.npmjs.org/lru-cache/-/lru-cache-11.5.2.tgz 4409ms (cache miss)
3478 http fetch GET 200 https://registry.npmjs.org/@esbuild/win32-x64/-/win32-x64-0.28.1.tgz 4358ms (cache miss)
3479 http fetch GET 200 https://registry.npmjs.org/css-select/-/css-select-5.2.2.tgz 4476ms (cache miss)
3480 http fetch GET 200 https://registry.npmjs.org/@shikijs/themes/-/themes-4.4.2.tgz 4473ms (cache miss)
3481 http fetch GET 200 https://registry.npmjs.org/micromark-core-commonmark/-/micromark-core-commonmark-2.0.3.tgz 4507ms (cache miss)
3482 http fetch GET 200 https://registry.npmjs.org/oniguruma-parser/-/oniguruma-parser-0.12.2.tgz 4627ms (cache miss)
3483 http fetch GET 200 https://registry.npmjs.org/diff/-/diff-8.0.4.tgz 4581ms (cache miss)
3484 http fetch GET 200 https://registry.npmjs.org/mdast-util-to-markdown/-/mdast-util-to-markdown-2.1.2.tgz 4834ms (cache miss)
3485 http fetch GET 200 https://registry.npmjs.org/svgo/-/svgo-4.0.2.tgz 4932ms (cache miss)
3486 http fetch GET 200 https://registry.npmjs.org/unstorage/-/unstorage-1.17.5.tgz 5031ms (cache miss)
3487 http fetch GET 200 https://registry.npmjs.org/axobject-query/-/axobject-query-4.1.0.tgz 5047ms (cache miss)
3488 http fetch GET 200 https://registry.npmjs.org/@img/sharp-win32-x64/-/sharp-win32-x64-0.35.3.tgz 5139ms (cache miss)
3489 http fetch GET 200 https://registry.npmjs.org/@rolldown/binding-win32-x64-msvc/-/binding-win32-x64-msvc-1.2.3.tgz 5175ms (cache miss)
3490 http fetch GET 200 https://registry.npmjs.org/@babel/types/-/types-7.29.8.tgz 5284ms (cache miss)
3491 http fetch GET 200 https://registry.npmjs.org/aria-query/-/aria-query-5.3.2.tgz 5320ms (cache miss)
3492 http fetch GET 200 https://registry.npmjs.org/css-tree/-/css-tree-2.2.1.tgz 5477ms (cache miss)
3493 http fetch GET 200 https://registry.npmjs.org/css-tree/-/css-tree-3.2.1.tgz 5675ms (cache miss)
3494 http fetch GET 200 https://registry.npmjs.org/@shikijs/langs/-/langs-4.4.2.tgz 6552ms (cache miss)
3495 http fetch GET 200 https://registry.npmjs.org/prismjs/-/prismjs-1.30.0.tgz 6502ms (cache miss)
3496 http fetch GET 200 https://registry.npmjs.org/shiki/-/shiki-4.4.2.tgz 6855ms (cache miss)
3497 http fetch GET 200 https://registry.npmjs.org/zod/-/zod-4.4.3.tgz 7011ms (cache miss)
3498 http fetch GET 200 https://registry.npmjs.org/astro/-/astro-7.1.6.tgz 8228ms (cache miss)
3499 info run esbuild@0.28.1 postinstall node_modules/esbuild node install.js
3500 info run esbuild@0.28.1 postinstall { code: 0, signal: null }
3501 silly ADD node_modules/@rolldown/pluginutils
3502 silly ADD node_modules/@rolldown/binding-win32-x64-msvc
3503 silly ADD node_modules/@oxc-project/types
3504 silly ADD node_modules/nanoid
3505 silly ADD node_modules/lightningcss-win32-x64-msvc
3506 silly ADD node_modules/rolldown
3507 silly ADD node_modules/postcss
3508 silly ADD node_modules/lightningcss
3509 silly ADD node_modules/uncrypto
3510 silly ADD node_modules/radix3
3511 silly ADD node_modules/node-mock-http
3512 silly ADD node_modules/iron-webcrypto
3513 silly ADD node_modules/defu
3514 silly ADD node_modules/crossws
3515 silly ADD node_modules/cookie-es
3516 silly ADD node_modules/readdirp
3517 silly ADD node_modules/normalize-path
3518 silly ADD node_modules/lru-cache
3519 silly ADD node_modules/h3
3520 silly ADD node_modules/chokidar
3521 silly ADD node_modules/anymatch
3522 silly ADD node_modules/anymatch/node_modules/picomatch
3523 silly ADD node_modules/array-iterate
3524 silly ADD node_modules/ufo
3525 silly ADD node_modules/node-fetch-native
3526 silly ADD node_modules/destr
3527 silly ADD node_modules/ohash
3528 silly ADD node_modules/ofetch
3529 silly ADD node_modules/trough
3530 silly ADD node_modules/is-plain-obj
3531 silly ADD node_modules/extend
3532 silly ADD node_modules/bail
3533 silly ADD node_modules/fdir
3534 silly ADD node_modules/dom-serializer
3535 silly ADD node_modules/dom-serializer/node_modules/entities
3536 silly ADD node_modules/domelementtype
3537 silly ADD node_modules/mdn-data
3538 silly ADD node_modules/nth-check
3539 silly ADD node_modules/domutils
3540 silly ADD node_modules/domhandler
3541 silly ADD node_modules/boolbase
3542 silly ADD node_modules/sax
3543 silly ADD node_modules/picocolors
3544 silly ADD node_modules/csso
3545 silly ADD node_modules/csso/node_modules/mdn-data
3546 silly ADD node_modules/csso/node_modules/css-tree
3547 silly ADD node_modules/css-what
3548 silly ADD node_modules/css-tree
3549 silly ADD node_modules/css-select
3550 silly ADD node_modules/commander
3551 silly ADD node_modules/inline-style-parser
3552 silly ADD node_modules/style-to-object
3553 silly ADD node_modules/character-entities-html4
3554 silly ADD node_modules/regex-utilities
3555 silly ADD node_modules/regex-recursion
3556 silly ADD node_modules/regex
3557 silly ADD node_modules/oniguruma-parser
3558 silly ADD node_modules/oniguruma-to-es
3559 silly ADD node_modules/@shikijs/primitive
3560 silly ADD node_modules/@shikijs/vscode-textmate
3561 silly ADD node_modules/@shikijs/types
3562 silly ADD node_modules/@shikijs/themes
3563 silly ADD node_modules/@shikijs/langs
3564 silly ADD node_modules/@shikijs/engine-oniguruma
3565 silly ADD node_modules/@shikijs/engine-javascript
3566 silly ADD node_modules/@shikijs/core
3567 silly ADD node_modules/detect-libc
3568 silly ADD node_modules/@img/sharp-win32-x64
3569 silly ADD node_modules/@img/colour
3570 silly ADD node_modules/@bruits/satteri-win32-x64-msvc
3571 silly ADD node_modules/unist-util-visit-children
3572 silly ADD node_modules/unist-util-modify-children
3573 silly ADD node_modules/nlcst-to-string
3574 silly ADD node_modules/parse-latin
3575 silly ADD node_modules/retext-stringify
3576 silly ADD node_modules/retext-latin
3577 silly ADD node_modules/@types/nlcst
3578 silly ADD node_modules/retext
3579 silly ADD node_modules/micromark-util-events-to-acorn
3580 silly ADD node_modules/micromark-factory-mdx-expression
3581 silly ADD node_modules/micromark-extension-mdxjs-esm
3582 silly ADD node_modules/micromark-extension-mdx-md
3583 silly ADD node_modules/micromark-extension-mdx-jsx
3584 silly ADD node_modules/micromark-extension-mdx-expression
3585 silly ADD node_modules/micromark-extension-mdxjs
3586 silly ADD node_modules/mdast-util-mdx
3587 silly ADD node_modules/micromark-extension-gfm-task-list-item
3588 silly ADD node_modules/micromark-extension-gfm-tagfilter
3589 silly ADD node_modules/micromark-extension-gfm-table
3590 silly ADD node_modules/micromark-extension-gfm-strikethrough
3591 silly ADD node_modules/micromark-extension-gfm-footnote
3592 silly ADD node_modules/micromark-extension-gfm-autolink-literal
3593 silly ADD node_modules/markdown-table
3594 silly ADD node_modules/escape-string-regexp
3595 silly ADD node_modules/mdast-util-find-and-replace
3596 silly ADD node_modules/mdast-util-gfm-task-list-item
3597 silly ADD node_modules/mdast-util-gfm-table
3598 silly ADD node_modules/mdast-util-gfm-strikethrough
3599 silly ADD node_modules/mdast-util-gfm-footnote
3600 silly ADD node_modules/mdast-util-gfm-autolink-literal
3601 silly ADD node_modules/remark-stringify
3602 silly ADD node_modules/micromark-extension-gfm
3603 silly ADD node_modules/mdast-util-gfm
3604 silly ADD node_modules/estree-util-attach-comments
3605 silly ADD node_modules/hast-util-to-estree
3606 silly ADD node_modules/hast-util-to-parse5
3607 silly ADD node_modules/hast-util-raw
3608 silly ADD node_modules/esast-util-from-estree
3609 silly ADD node_modules/esast-util-from-js
3610 silly ADD node_modules/astring
3611 silly ADD node_modules/recma-parse
3612 silly ADD node_modules/estree-util-to-js
3613 silly ADD node_modules/acorn-jsx
3614 silly ADD node_modules/estree-util-build-jsx
3615 silly ADD node_modules/entities
3616 silly ADD node_modules/is-alphabetical
3617 silly ADD node_modules/is-hexadecimal
3618 silly ADD node_modules/is-decimal
3619 silly ADD node_modules/is-alphanumerical
3620 silly ADD node_modules/character-reference-invalid
3621 silly ADD node_modules/character-entities-legacy
3622 silly ADD node_modules/p-timeout
3623 silly ADD node_modules/eventemitter3
3624 silly ADD node_modules/yocto-queue
3625 silly ADD node_modules/micromark-util-html-tag-name
3626 silly ADD node_modules/micromark-factory-whitespace
3627 silly ADD node_modules/micromark-factory-title
3628 silly ADD node_modules/micromark-factory-label
3629 silly ADD node_modules/micromark-factory-destination
3630 silly ADD node_modules/ms
3631 silly ADD node_modules/@types/ms
3632 silly ADD node_modules/micromark-util-subtokenize
3633 silly ADD node_modules/micromark-util-resolve-all
3634 silly ADD node_modules/micromark-util-encode
3635 silly ADD node_modules/micromark-util-combine-extensions
3636 silly ADD node_modules/micromark-util-chunked
3637 silly ADD node_modules/micromark-util-character
3638 silly ADD node_modules/micromark-factory-space
3639 silly ADD node_modules/micromark-core-commonmark
3640 silly ADD node_modules/debug
3641 silly ADD node_modules/@types/debug
3642 silly ADD node_modules/unist-util-is
3643 silly ADD node_modules/micromark-util-classify-character
3644 silly ADD node_modules/mdast-util-phrasing
3645 silly ADD node_modules/longest-streak
3646 silly ADD node_modules/trim-lines
3647 silly ADD node_modules/micromark-util-sanitize-uri
3648 silly ADD node_modules/@ungap/structured-clone
3649 silly ADD node_modules/parse-entities
3650 silly ADD node_modules/parse-entities/node_modules/@types/unist
3651 silly ADD node_modules/character-entities
3652 silly ADD node_modules/micromark-util-types
3653 silly ADD node_modules/micromark-util-symbol
3654 silly ADD node_modules/micromark-util-normalize-identifier
3655 silly ADD node_modules/micromark-util-decode-string
3656 silly ADD node_modules/micromark-util-decode-numeric-character-reference
3657 silly ADD node_modules/micromark
3658 silly ADD node_modules/mdast-util-to-string
3659 silly ADD node_modules/decode-named-character-reference
3660 silly ADD node_modules/mdast-util-to-markdown
3661 silly ADD node_modules/mdast-util-from-markdown
3662 silly ADD node_modules/@babel/helper-validator-identifier
3663 silly ADD node_modules/@babel/helper-string-parser
3664 silly ADD node_modules/source-map-js
3665 silly ADD node_modules/@babel/types
3666 silly ADD node_modules/@babel/parser
3667 silly ADD node_modules/@jridgewell/sourcemap-codec
3668 silly ADD node_modules/argparse
3669 silly ADD node_modules/hast-util-parse-selector
3670 silly ADD node_modules/unist-util-find-after
3671 silly ADD node_modules/hast-util-is-element
3672 silly ADD node_modules/unist-util-position
3673 silly ADD node_modules/style-to-js
3674 silly ADD node_modules/mdast-util-mdxjs-esm
3675 silly ADD node_modules/mdast-util-mdx-jsx
3676 silly ADD node_modules/mdast-util-mdx-expression
3677 silly ADD node_modules/zwitch
3678 silly ADD node_modules/stringify-entities
3679 silly ADD node_modules/space-separated-tokens
3680 silly ADD node_modules/mdast-util-to-hast
3681 silly ADD node_modules/html-void-elements
3682 silly ADD node_modules/hast-util-whitespace
3683 silly ADD node_modules/comma-separated-tokens
3684 silly ADD node_modules/ccount
3685 silly ADD node_modules/web-namespaces
3686 silly ADD node_modules/vfile-location
3687 silly ADD node_modules/property-information
3688 silly ADD node_modules/hastscript
3689 silly ADD node_modules/vfile-message
3690 silly ADD node_modules/parse5
3691 silly ADD node_modules/hast-util-from-parse5
3692 silly ADD node_modules/resolve-pkg-maps
3693 silly ADD node_modules/tiny-inflate
3694 silly ADD node_modules/fast-string-truncated-width
3695 silly ADD node_modules/@esbuild/win32-x64
3696 silly ADD node_modules/dequal
3697 silly ADD node_modules/process-ancestry
3698 silly ADD node_modules/sisteransi
3699 silly ADD node_modules/fast-wrap-ansi
3700 silly ADD node_modules/fast-string-width
3701 silly ADD node_modules/@clack/core
3702 silly ADD node_modules/fontkitten
3703 silly ADD node_modules/is-docker
3704 silly ADD node_modules/satteri
3705 silly ADD node_modules/@astrojs/compiler-binding-win32-x64-msvc
3706 silly ADD node_modules/@astrojs/compiler-binding
3707 silly ADD node_modules/zod
3708 silly ADD node_modules/yargs-parser
3709 silly ADD node_modules/xxhash-wasm
3710 silly ADD node_modules/vitefu
3711 silly ADD node_modules/vite
3712 silly ADD node_modules/unstorage
3713 silly ADD node_modules/unifont
3714 silly ADD node_modules/ultrahtml
3715 silly ADD node_modules/tinyglobby
3716 silly ADD node_modules/tinyexec
3717 silly ADD node_modules/tinyclip
3718 silly ADD node_modules/svgo
3719 silly ADD node_modules/sharp
3720 silly ADD node_modules/semver
3721 silly ADD node_modules/package-manager-detector
3722 silly ADD node_modules/p-queue
3723 silly ADD node_modules/p-limit
3724 silly ADD node_modules/obug
3725 silly ADD node_modules/neotraverse
3726 silly ADD node_modules/mrmime
3727 silly ADD node_modules/magicast
3728 silly ADD node_modules/magic-string
3729 silly ADD node_modules/jsonc-parser
3730 silly ADD node_modules/http-cache-semantics
3731 silly ADD node_modules/html-escaper
3732 silly ADD node_modules/get-tsconfig
3733 silly ADD node_modules/fontace
3734 silly ADD node_modules/flattie
3735 silly ADD node_modules/esbuild
3736 silly ADD node_modules/dset
3737 silly ADD node_modules/diff
3738 silly ADD node_modules/devalue
3739 silly ADD node_modules/cookie
3740 silly ADD node_modules/common-ancestor-path
3741 silly ADD node_modules/clsx
3742 silly ADD node_modules/ci-info
3743 silly ADD node_modules/axobject-query
3744 silly ADD node_modules/aria-query
3745 silly ADD node_modules/am-i-vibing
3746 silly ADD node_modules/@rollup/pluginutils
3747 silly ADD node_modules/@rollup/pluginutils/node_modules/estree-walker
3748 silly ADD node_modules/@oslojs/encoding
3749 silly ADD node_modules/@clack/prompts
3750 silly ADD node_modules/@capsizecss/unpack
3751 silly ADD node_modules/@astrojs/telemetry
3752 silly ADD node_modules/@astrojs/markdown-satteri
3753 silly ADD node_modules/@astrojs/compiler-rs
3754 silly ADD node_modules/@types/unist
3755 silly ADD node_modules/unist-util-stringify-position
3756 silly ADD node_modules/unist-util-position-from-estree
3757 silly ADD node_modules/remark-mdx
3758 silly ADD node_modules/rehype-recma
3759 silly ADD node_modules/recma-stringify
3760 silly ADD node_modules/recma-jsx
3761 silly ADD node_modules/recma-build-jsx
3762 silly ADD node_modules/markdown-extensions
3763 silly ADD node_modules/hast-util-to-jsx-runtime
3764 silly ADD node_modules/estree-walker
3765 silly ADD node_modules/estree-util-scope
3766 silly ADD node_modules/estree-util-is-identifier-name
3767 silly ADD node_modules/devlop
3768 silly ADD node_modules/collapse-white-space
3769 silly ADD node_modules/@types/mdx
3770 silly ADD node_modules/@types/estree-jsx
3771 silly ADD node_modules/@types/estree
3772 silly ADD node_modules/prismjs
3773 silly ADD node_modules/unist-util-visit-parents
3774 silly ADD node_modules/unist-util-remove-position
3775 silly ADD node_modules/remark-rehype
3776 silly ADD node_modules/remark-parse
3777 silly ADD node_modules/rehype-stringify
3778 silly ADD node_modules/mdast-util-definitions
3779 silly ADD node_modules/hast-util-to-text
3780 silly ADD node_modules/hast-util-from-html
3781 silly ADD node_modules/github-slugger
3782 silly ADD node_modules/@astrojs/prism
3783 silly ADD node_modules/unified
3784 silly ADD node_modules/smol-toml
3785 silly ADD node_modules/shiki
3786 silly ADD node_modules/retext-smartypants
3787 silly ADD node_modules/picomatch
3788 silly ADD node_modules/js-yaml
3789 silly ADD node_modules/@types/mdast
3790 silly ADD node_modules/@types/hast
3791 silly ADD node_modules/vfile
3792 silly ADD node_modules/unist-util-visit
3793 silly ADD node_modules/source-map
3794 silly ADD node_modules/remark-smartypants
3795 silly ADD node_modules/remark-gfm
3796 silly ADD node_modules/rehype-raw
3797 silly ADD node_modules/piccolore
3798 silly ADD node_modules/hast-util-to-html
3799 silly ADD node_modules/estree-util-visit
3800 silly ADD node_modules/es-module-lexer
3801 silly ADD node_modules/acorn
3802 silly ADD node_modules/@mdx-js/mdx
3803 silly ADD node_modules/@astrojs/markdown-remark
3804 silly ADD node_modules/@astrojs/internal-helpers
3805 silly ADD node_modules/astro
3806 silly ADD node_modules/@astrojs/mdx
3807 warn allow-scripts 1 package has install scripts not yet covered by allowScripts:
3807 warn allow-scripts   esbuild@0.28.1 (postinstall: node install.js)
3807 warn allow-scripts
3807 warn allow-scripts Run `npm approve-scripts --allow-scripts-pending` to review, or `npm approve-scripts <pkg>` to allow.
3808 verbose cwd C:\Users\ndkhang\Documents\Codex\2026-08-06\build-the-website-for-accounting-solution
3809 verbose os Windows_NT 10.0.26200
3810 verbose node v26.5.1
3811 verbose npm  v11.17.0
3812 notice
3812 notice New major version of npm available! 11.17.0 -> 12.0.2
3812 notice Changelog: https://github.com/npm/cli/releases/tag/v12.0.2
3812 notice To update run: npm install -g npm@12.0.2
3812 notice  { force: true, Symbol(proc-log.meta): true }
3813 verbose exit 0
3814 info ok
